Вартість (грн),Обрамлення,Потужність (л/г),Охоронний статус,Ступінь небезпеки,Матеріал,Лояльність клієнта,Статус проєкта
754.35,Просте,46.12,Вищий статус охорони,Висока,Льон,1.87,Узгоджено
1041.28,Стандартне,27.29,Вищий статус охорони,Висока,Залізо,0.41,Заблоковано
826.36,Просте,59.19,Не охороняється,Безпечний,Поліпропілен,2.07,Узгоджено
946.28,Коштовне,13.6,Невелике занепокоєння,Висока,Поліпропілен,2.28,Заблоковано
928.27,Стандартне,55.08,Вищий статус охорони,Висока,Скло,1.02,Заблоковано
635.76,Стандартне,70.44,Не охороняється,Висока,Скло,1.87,Узгоджено
730.24,Просте,48.8,Не охороняється,Помірна,Поліпропілен,0.12,Узгоджено
734.57,Коштовне,24.46,Вищий статус охорони,Помірна,Залізо,0.0,Узгоджено
888.35,Стандартне,55.53,Невелике занепокоєння,Помірна,Залізо,4.25,Узгоджено
869.75,Просте,29.34,Не охороняється,Помірна,Поліпропілен,3.85,Заблоковано
884.96,Стандартне,47.19,Невелике занепокоєння,Висока,Льон,1.55,Узгоджено
1100.01,Коштовне,28.51,Невелике занепокоєння,Висока,Льон,1.37,Заблоковано
1061.61,Просте,28.77,Не охороняється,Безпечний,Скло,3.77,Заблоковано
620.9,Стандартне,49.51,Не охороняється,Помірна,Поліпропілен,0.51,Узгоджено
932.17,Стандартне,48.87,Не охороняється,Безпечний,Льон,0.4,Заблоковано
941.62,Стандартне,29.39,Не охороняється,Безпечний,Залізо,0.97,Заблоковано
587.55,Стандартне,33.16,Не охороняється,Помірна,Поліпропілен,5.6,Узгоджено
606.2,Коштовне,26.63,Невелике занепокоєння,Висока,Льон,0.07,Узгоджено
974.13,Стандартне,54.56,Вищий статус охорони,Безпечний,Залізо,2.34,Заблоковано
806.02,Просте,43.17,Невелике занепокоєння,Помірна,Скло,4.18,Узгоджено
983.03,Просте,37.05,Вищий статус охорони,Безпечний,Скло,4.02,Заблоковано
819.0,Коштовне,50.65,Вищий статус охорони,Безпечний,Скло,4.23,Узгоджено
1094.87,Коштовне,30.66,Не охороняється,Помірна,Скло,1.05,Заблоковано
982.06,Стандартне,51.36,Вищий статус охорони,Помірна,Залізо,0.36,Заблоковано
990.69,Стандартне,30.38,Невелике занепокоєння,Висока,Залізо,3.92,Заблоковано
1187.16,Коштовне,55.59,Невелике занепокоєння,Помірна,Льон,0.0,Заблоковано
1205.3,Стандартне,59.87,Не охороняється,Помірна,Скло,3.0,Заблоковано
850.52,Коштовне,23.37,Невелике занепокоєння,Безпечний,Льон,3.68,Заблоковано
663.77,Стандартне,47.1,Невелике занепокоєння,Помірна,Залізо,0.45,Узгоджено
1011.3,Стандартне,34.43,Невелике занепокоєння,Висока,Поліпропілен,4.16,Заблоковано
1404.93,Просте,58.3,Невелике занепокоєння,Помірна,Поліпропілен,4.29,Заблоковано
812.66,Коштовне,22.48,Невелике занепокоєння,Висока,Залізо,1.26,Узгоджено
630.89,Стандартне,51.22,Не охороняється,Висока,Поліпропілен,7.55,Узгоджено
987.84,Просте,27.76,Невелике занепокоєння,Помірна,Льон,1.95,Заблоковано
932.43,Просте,52.19,Не охороняється,Висока,Залізо,3.65,Заблоковано
1165.86,Коштовне,44.83,Вищий статус охорони,Безпечний,Поліпропілен,3.77,Заблоковано
655.17,Просте,40.17,Невелике занепокоєння,Висока,Льон,2.39,Узгоджено
611.76,Стандартне,26.44,Невелике занепокоєння,Помірна,Льон,3.75,Узгоджено
1147.13,Просте,43.87,Вищий статус охорони,Висока,Поліпропілен,5.02,Заблоковано
833.57,Коштовне,32.64,Вищий статус охорони,Висока,Льон,0.95,Узгоджено
673.41,Просте,66.37,Вищий статус охорони,Висока,Поліпропілен,2.19,Узгоджено
894.54,Коштовне,58.97,Вищий статус охорони,Висока,Поліпропілен,1.11,Узгоджено
853.72,Просте,52.45,Не охороняється,Безпечний,Льон,0.47,Узгоджено
769.13,Просте,40.43,Вищий статус охорони,Висока,Поліпропілен,3.44,Узгоджено
930.15,Просте,71.46,Вищий статус охорони,Помірна,Залізо,2.64,Узгоджено
1062.03,Стандартне,52.95,Не охороняється,Помірна,Поліпропілен,5.02,Заблоковано
1083.95,Просте,72.0,Не охороняється,Висока,Скло,3.97,Заблоковано
756.69,Стандартне,56.27,Невелике занепокоєння,Безпечний,Залізо,2.73,Узгоджено
718.85,Стандартне,43.73,Невелике занепокоєння,Безпечний,Залізо,2.1,Узгоджено
853.95,Коштовне,51.78,Не охороняється,Помірна,Поліпропілен,1.57,Узгоджено
812.16,Просте,68.26,Не охороняється,Помірна,Скло,2.4,Узгоджено
1083.25,Стандартне,7.72,Вищий статус охорони,Безпечний,Скло,1.24,Заблоковано
959.35,Просте,39.6,Невелике занепокоєння,Помірна,Поліпропілен,0.0,Заблоковано
1039.18,Просте,69.34,Невелике занепокоєння,Безпечний,Поліпропілен,1.21,Заблоковано
1140.4,Стандартне,39.27,Вищий статус охорони,Помірна,Скло,0.34,Заблоковано
1080.91,Просте,42.63,Невелике занепокоєння,Безпечний,Поліпропілен,1.34,Заблоковано
904.52,Стандартне,48.56,Не охороняється,Помірна,Поліпропілен,3.26,Узгоджено
974.3,Коштовне,63.89,Невелике занепокоєння,Помірна,Льон,6.98,Заблоковано
876.26,Стандартне,53.92,Невелике занепокоєння,Безпечний,Скло,0.0,Узгоджено
542.98,Стандартне,36.05,Не охороняється,Безпечний,Скло,1.72,Узгоджено
1139.16,Просте,50.85,Вищий статус охорони,Висока,Скло,3.83,Заблоковано
795.04,Стандартне,67.28,Вищий статус охорони,Безпечний,Скло,2.96,Узгоджено
864.84,Стандартне,45.71,Не охороняється,Помірна,Льон,2.86,Узгоджено
1209.75,Коштовне,71.73,Невелике занепокоєння,Безпечний,Скло,3.91,Заблоковано
900.52,Просте,33.85,Вищий статус охорони,Висока,Залізо,3.83,Заблоковано
762.48,Просте,55.14,Не охороняється,Висока,Льон,2.74,Узгоджено
1147.2,Просте,30.59,Не охороняється,Висока,Поліпропілен,4.13,Заблоковано
1540.27,Просте,61.35,Невелике занепокоєння,Помірна,Льон,1.11,Заблоковано
786.71,Просте,46.74,Невелике занепокоєння,Помірна,Поліпропілен,2.45,Узгоджено
910.37,Коштовне,73.16,Вищий статус охорони,Висока,Поліпропілен,1.32,Узгоджено
686.66,Стандартне,29.33,Невелике занепокоєння,Висока,Скло,4.07,Узгоджено
1056.62,Коштовне,53.35,Не охороняється,Безпечний,Залізо,5.26,Заблоковано
1136.91,Коштовне,47.6,Не охороняється,Помірна,Поліпропілен,2.22,Заблоковано
695.82,Коштовне,39.81,Невелике занепокоєння,Висока,Поліпропілен,0.0,Узгоджено
1029.8,Коштовне,45.29,Невелике занепокоєння,Помірна,Залізо,2.59,Заблоковано
1095.43,Коштовне,74.77,Не охороняється,Помірна,Скло,3.3,Заблоковано
883.81,Коштовне,49.66,Вищий статус охорони,Висока,Поліпропілен,2.51,Узгоджено
1139.85,Просте,35.97,Не охороняється,Висока,Залізо,1.03,Заблоковано
762.11,Стандартне,45.7,Вищий статус охорони,Безпечний,Поліпропілен,2.46,Узгоджено
805.97,Просте,70.48,Вищий статус охорони,Помірна,Скло,4.6,Узгоджено
907.72,Коштовне,60.35,Вищий статус охорони,Помірна,Льон,2.0,Узгоджено
1078.72,Стандартне,31.9,Вищий статус охорони,Помірна,Залізо,4.47,Заблоковано
1081.45,Стандартне,63.02,Не охороняється,Помірна,Залізо,6.58,Заблоковано
999.04,Просте,53.39,Невелике занепокоєння,Висока,Залізо,4.22,Заблоковано
790.51,Просте,47.46,Невелике занепокоєння,Безпечний,Скло,4.81,Узгоджено
712.85,Коштовне,44.98,Не охороняється,Висока,Льон,0.0,Узгоджено
797.49,Стандартне,69.47,Вищий статус охорони,Безпечний,Льон,0.0,Узгоджено
1011.5,Стандартне,52.99,Невелике занепокоєння,Висока,Поліпропілен,3.06,Заблоковано
1008.25,Коштовне,48.82,Невелике занепокоєння,Помірна,Залізо,7.4,Заблоковано
1091.44,Просте,30.54,Невелике занепокоєння,Помірна,Скло,0.5,Заблоковано
722.71,Коштовне,54.91,Невелике занепокоєння,Помірна,Скло,4.78,Узгоджено
818.89,Коштовне,37.23,Невелике занепокоєння,Помірна,Залізо,3.1,Узгоджено
1009.62,Коштовне,59.73,Вищий статус охорони,Помірна,Залізо,3.51,Заблоковано
1028.43,Коштовне,17.04,Вищий статус охорони,Безпечний,Льон,1.3,Заблоковано
1029.96,Коштовне,25.9,Невелике занепокоєння,Висока,Залізо,1.65,Заблоковано
1006.81,Коштовне,14.1,Не охороняється,Безпечний,Залізо,0.83,Заблоковано
1050.85,Стандартне,33.24,Невелике занепокоєння,Помірна,Льон,0.24,Заблоковано
1088.66,Коштовне,51.4,Невелике занепокоєння,Безпечний,Скло,2.76,Заблоковано
1270.8,Стандартне,64.39,Невелике занепокоєння,Помірна,Залізо,0.69,Заблоковано
738.45,Коштовне,39.35,Не охороняється,Висока,Скло,6.38,Узгоджено
820.51,Стандартне,59.77,Не охороняється,Безпечний,Поліпропілен,0.48,Узгоджено
832.61,Стандартне,53.39,Вищий статус охорони,Безпечний,Поліпропілен,0.85,Узгоджено
999.46,Стандартне,70.71,Вищий статус охорони,Безпечний,Скло,1.91,Заблоковано
551.86,Просте,49.98,Вищий статус охорони,Висока,Скло,7.29,Узгоджено
880.9,Стандартне,37.28,Вищий статус охорони,Висока,Скло,0.71,Заблоковано
728.72,Просте,35.98,Вищий статус охорони,Помірна,Льон,4.28,Узгоджено
1166.43,Стандартне,23.61,Невелике занепокоєння,Безпечний,Скло,1.82,Заблоковано
883.81,Просте,34.86,Невелике занепокоєння,Висока,Залізо,3.37,Заблоковано
998.39,Просте,49.94,Не охороняється,Безпечний,Залізо,4.62,Заблоковано
1169.6,Стандартне,33.6,Невелике занепокоєння,Висока,Скло,4.14,Заблоковано
1136.01,Стандартне,45.5,Невелике занепокоєння,Помірна,Скло,1.91,Заблоковано
932.99,Коштовне,25.67,Невелике занепокоєння,Помірна,Залізо,1.89,Заблоковано
910.85,Просте,24.38,Не охороняється,Безпечний,Скло,2.76,Заблоковано
813.71,Коштовне,66.48,Не охороняється,Висока,Залізо,1.34,Узгоджено
923.21,Просте,51.14,Вищий статус охорони,Помірна,Скло,4.08,Заблоковано
449.72,Стандартне,50.67,Вищий статус охорони,Безпечний,Залізо,1.57,Узгоджено
1006.55,Стандартне,28.21,Не охороняється,Безпечний,Залізо,2.18,Заблоковано
1104.26,Просте,37.67,Не охороняється,Висока,Льон,0.38,Заблоковано
1078.4,Коштовне,33.05,Не охороняється,Висока,Льон,6.76,Заблоковано
690.27,Стандартне,56.82,Вищий статус охорони,Висока,Поліпропілен,2.89,Узгоджено
765.7,Стандартне,55.55,Вищий статус охорони,Висока,Залізо,3.11,Узгоджено
824.41,Коштовне,38.88,Не охороняється,Висока,Поліпропілен,0.87,Узгоджено
1037.51,Просте,55.91,Вищий статус охорони,Висока,Залізо,2.86,Заблоковано
509.66,Просте,81.55,Вищий статус охорони,Висока,Залізо,3.97,Узгоджено
749.35,Коштовне,57.35,Невелике занепокоєння,Помірна,Поліпропілен,0.39,Узгоджено
911.38,Коштовне,58.99,Вищий статус охорони,Безпечний,Скло,5.51,Узгоджено
944.11,Стандартне,48.9,Не охороняється,Помірна,Залізо,3.17,Заблоковано
838.12,Коштовне,41.5,Невелике занепокоєння,Безпечний,Льон,3.92,Узгоджено
890.17,Стандартне,30.36,Не охороняється,Безпечний,Поліпропілен,2.23,Заблоковано
1010.28,Коштовне,43.54,Невелике занепокоєння,Висока,Поліпропілен,4.07,Заблоковано
1361.37,Коштовне,66.08,Вищий статус охорони,Помірна,Поліпропілен,3.09,Заблоковано
997.56,Стандартне,66.1,Вищий статус охорони,Помірна,Скло,2.09,Заблоковано
814.87,Стандартне,59.4,Не охороняється,Помірна,Поліпропілен,7.08,Узгоджено
954.3,Коштовне,52.77,Не охороняється,Безпечний,Скло,0.0,Заблоковано
831.58,Коштовне,50.42,Не охороняється,Висока,Залізо,3.1,Узгоджено
1132.26,Коштовне,59.96,Вищий статус охорони,Помірна,Скло,2.59,Заблоковано
636.92,Просте,31.3,Вищий статус охорони,Безпечний,Скло,2.14,Узгоджено
674.96,Коштовне,39.02,Не охороняється,Безпечний,Скло,4.1,Узгоджено
934.66,Коштовне,42.91,Вищий статус охорони,Висока,Залізо,1.55,Заблоковано
1034.79,Просте,23.25,Не охороняється,Безпечний,Поліпропілен,2.38,Заблоковано
821.18,Просте,58.69,Не охороняється,Безпечний,Залізо,0.94,Узгоджено
575.37,Коштовне,71.93,Вищий статус охорони,Висока,Поліпропілен,2.17,Узгоджено
434.69,Стандартне,44.34,Невелике занепокоєння,Висока,Поліпропілен,5.7,Узгоджено
1158.66,Коштовне,34.98,Невелике занепокоєння,Висока,Скло,0.0,Заблоковано
1025.8,Стандартне,42.2,Невелике занепокоєння,Висока,Льон,1.8,Заблоковано
1340.21,Коштовне,63.25,Невелике занепокоєння,Висока,Льон,0.15,Заблоковано
779.76,Коштовне,54.82,Невелике занепокоєння,Висока,Поліпропілен,7.39,Узгоджено
919.17,Стандартне,37.54,Не охороняється,Висока,Льон,1.08,Заблоковано
1469.11,Коштовне,26.73,Не охороняється,Помірна,Залізо,4.38,Заблоковано
617.4,Стандартне,44.29,Невелике занепокоєння,Помірна,Скло,2.3,Узгоджено
912.31,Стандартне,49.46,Вищий статус охорони,Безпечний,Скло,5.54,Узгоджено
875.84,Стандартне,70.81,Не охороняється,Висока,Поліпропілен,2.29,Узгоджено
897.78,Просте,24.66,Вищий статус охорони,Помірна,Залізо,5.27,Заблоковано
889.23,Просте,52.19,Вищий статус охорони,Помірна,Скло,0.0,Узгоджено
803.75,Просте,24.98,Не охороняється,Безпечний,Льон,0.0,Узгоджено
1040.91,Коштовне,51.32,Невелике занепокоєння,Безпечний,Поліпропілен,0.0,Заблоковано
1009.62,Просте,36.99,Невелике занепокоєння,Висока,Скло,2.88,Заблоковано
636.78,Стандартне,61.99,Вищий статус охорони,Безпечний,Льон,2.31,Узгоджено
937.31,Просте,70.72,Вищий статус охорони,Безпечний,Залізо,4.04,Узгоджено
872.13,Коштовне,37.22,Вищий статус охорони,Висока,Залізо,2.18,Узгоджено
970.61,Просте,48.0,Не охороняється,Помірна,Скло,2.42,Заблоковано
794.1,Стандартне,63.07,Невелике занепокоєння,Висока,Залізо,2.35,Узгоджено
865.71,Коштовне,38.83,Не охороняється,Помірна,Льон,1.28,Узгоджено
755.93,Коштовне,61.61,Вищий статус охорони,Помірна,Скло,2.01,Узгоджено
976.96,Коштовне,37.17,Невелике занепокоєння,Висока,Залізо,1.52,Заблоковано
938.35,Стандартне,39.1,Не охороняється,Висока,Скло,0.12,Заблоковано
1028.43,Просте,47.73,Вищий статус охорони,Висока,Скло,3.03,Заблоковано
1345.39,Просте,20.74,Вищий статус охорони,Помірна,Льон,2.67,Заблоковано
1285.04,Просте,45.47,Не охороняється,Безпечний,Поліпропілен,4.91,Заблоковано
1125.21,Стандартне,53.34,Вищий статус охорони,Безпечний,Скло,0.41,Заблоковано
1231.87,Коштовне,62.86,Вищий статус охорони,Висока,Льон,0.13,Заблоковано
893.85,Просте,33.7,Вищий статус охорони,Помірна,Скло,3.03,Заблоковано
964.21,Стандартне,60.75,Невелике занепокоєння,Безпечний,Залізо,3.69,Заблоковано
638.23,Просте,56.19,Не охороняється,Помірна,Поліпропілен,1.38,Узгоджено
1063.46,Просте,30.5,Вищий статус охорони,Висока,Залізо,5.14,Заблоковано
764.52,Коштовне,68.73,Не охороняється,Помірна,Льон,5.52,Узгоджено
628.42,Просте,49.53,Не охороняється,Помірна,Поліпропілен,4.22,Узгоджено
975.62,Стандартне,22.74,Невелике занепокоєння,Висока,Залізо,1.77,Заблоковано
769.5,Просте,76.35,Невелике занепокоєння,Висока,Льон,6.61,Узгоджено
719.61,Коштовне,33.91,Вищий статус охорони,Помірна,Льон,0.0,Узгоджено
868.82,Стандартне,66.3,Вищий статус охорони,Висока,Льон,1.4,Узгоджено
860.55,Коштовне,44.59,Не охороняється,Висока,Льон,2.14,Узгоджено
1119.28,Стандартне,56.8,Не охороняється,Висока,Скло,0.68,Заблоковано
885.09,Коштовне,53.52,Не охороняється,Безпечний,Залізо,3.27,Узгоджено
805.85,Стандартне,54.66,Не охороняється,Безпечний,Залізо,3.2,Узгоджено
614.59,Стандартне,57.73,Невелике занепокоєння,Безпечний,Залізо,4.31,Узгоджено
834.39,Коштовне,40.68,Вищий статус охорони,Висока,Скло,0.91,Узгоджено
1114.53,Просте,35.13,Не охороняється,Безпечний,Льон,0.4,Заблоковано
768.72,Коштовне,33.87,Вищий статус охорони,Безпечний,Поліпропілен,1.19,Узгоджено
1006.55,Стандартне,47.09,Вищий статус охорони,Безпечний,Поліпропілен,0.57,Заблоковано
881.83,Просте,19.95,Не охороняється,Висока,Залізо,4.2,Заблоковано
1010.06,Просте,43.17,Не охороняється,Висока,Льон,3.99,Заблоковано
723.36,Стандартне,36.34,Невелике занепокоєння,Висока,Скло,4.32,Узгоджено
750.81,Стандартне,76.68,Не охороняється,Висока,Поліпропілен,1.54,Узгоджено
1056.47,Стандартне,51.11,Невелике занепокоєння,Безпечний,Льон,0.0,Заблоковано
932.36,Просте,68.48,Невелике занепокоєння,Висока,Поліпропілен,2.4,Узгоджено
887.42,Стандартне,38.93,Не охороняється,Безпечний,Льон,0.5,Заблоковано
932.36,Коштовне,41.47,Невелике занепокоєння,Висока,Поліпропілен,3.16,Заблоковано
946.17,Коштовне,26.68,Невелике занепокоєння,Помірна,Поліпропілен,2.2,Заблоковано
1136.12,Просте,30.05,Не охороняється,Висока,Залізо,3.16,Заблоковано
787.22,Стандартне,70.3,Не охороняється,Висока,Льон,0.09,Узгоджено
1066.32,Просте,55.33,Невелике занепокоєння,Помірна,Поліпропілен,6.66,Заблоковано
706.17,Стандартне,70.66,Не охороняється,Безпечний,Залізо,0.41,Узгоджено
845.66,Просте,49.13,Вищий статус охорони,Безпечний,Залізо,2.36,Узгоджено
944.09,Коштовне,40.54,Вищий статус охорони,Безпечний,Льон,3.44,Заблоковано
700.51,Стандартне,17.64,Вищий статус охорони,Безпечний,Льон,5.36,Узгоджено
630.4,Коштовне,25.67,Не охороняється,Безпечний,Поліпропілен,2.49,Узгоджено
979.69,Коштовне,38.66,Вищий статус охорони,Висока,Залізо,1.52,Заблоковано
1048.05,Стандартне,21.77,Вищий статус охорони,Висока,Поліпропілен,1.71,Заблоковано
1193.89,Стандартне,56.98,Невелике занепокоєння,Безпечний,Залізо,4.83,Заблоковано
714.14,Просте,35.23,Не охороняється,Помірна,Залізо,5.71,Узгоджено
723.43,Коштовне,39.8,Вищий статус охорони,Висока,Льон,2.34,Узгоджено
1351.97,Просте,36.72,Не охороняється,Безпечний,Скло,4.48,Заблоковано
1080.91,Коштовне,44.41,Не охороняється,Безпечний,Льон,4.22,Заблоковано
918.58,Просте,61.39,Невелике занепокоєння,Помірна,Залізо,3.39,Узгоджено
920.21,Стандартне,32.59,Невелике занепокоєння,Помірна,Льон,0.0,Заблоковано
867.73,Просте,20.48,Не охороняється,Висока,Залізо,5.33,Заблоковано
776.87,Коштовне,32.45,Не охороняється,Висока,Льон,0.8,Узгоджено
666.4,Просте,61.95,Невелике занепокоєння,Помірна,Скло,2.37,Узгоджено
827.81,Стандартне,35.02,Вищий статус охорони,Висока,Залізо,2.16,Узгоджено
857.28,Коштовне,38.29,Невелике занепокоєння,Висока,Льон,1.05,Узгоджено
1007.26,Коштовне,-1.7,Невелике занепокоєння,Помірна,Льон,1.6,Заблоковано
987.8,Коштовне,46.35,Не охороняється,Безпечний,Скло,1.91,Заблоковано
947.57,Просте,77.27,Невелике занепокоєння,Безпечний,Поліпропілен,1.36,Узгоджено
959.56,Стандартне,54.35,Не охороняється,Помірна,Скло,3.52,Заблоковано
811.35,Коштовне,24.38,Вищий статус охорони,Безпечний,Залізо,1.89,Узгоджено
1132.26,Коштовне,41.97,Невелике занепокоєння,Висока,Льон,4.41,Заблоковано
815.68,Просте,48.47,Не охороняється,Помірна,Залізо,3.1,Узгоджено
586.82,Просте,18.69,Не охороняється,Помірна,Льон,0.0,Узгоджено
713.26,Стандартне,56.05,Вищий статус охорони,Помірна,Льон,5.46,Узгоджено
950.08,Коштовне,17.77,Не охороняється,Безпечний,Льон,0.19,Заблоковано
1063.11,Просте,32.35,Вищий статус охорони,Помірна,Льон,2.69,Заблоковано
878.36,Стандартне,31.76,Невелике занепокоєння,Висока,Залізо,0.4,Заблоковано
984.96,Стандартне,51.96,Вищий статус охорони,Висока,Скло,4.14,Заблоковано
1028.43,Просте,52.11,Невелике занепокоєння,Висока,Скло,0.28,Заблоковано
778.01,Коштовне,62.41,Вищий статус охорони,Висока,Льон,5.24,Узгоджено
827.77,Стандартне,41.94,Не охороняється,Висока,Поліпропілен,1.01,Узгоджено
778.75,Стандартне,69.5,Вищий статус охорони,Висока,Льон,5.66,Узгоджено
598.29,Коштовне,57.5,Невелике занепокоєння,Безпечний,Поліпропілен,4.61,Узгоджено
840.89,Стандартне,27.82,Не охороняється,Помірна,Залізо,5.42,Узгоджено
638.79,Просте,85.46,Не охороняється,Помірна,Залізо,0.78,Узгоджено
557.12,Просте,51.55,Невелике занепокоєння,Помірна,Льон,2.04,Узгоджено
542.78,Стандартне,47.18,Не охороняється,Безпечний,Залізо,0.17,Узгоджено
770.84,Коштовне,62.19,Невелике занепокоєння,Висока,Поліпропілен,1.06,Узгоджено
607.91,Стандартне,43.54,Невелике занепокоєння,Висока,Скло,3.02,Узгоджено
586.82,Коштовне,30.75,Не охороняється,Висока,Льон,3.8,Узгоджено
708.59,Коштовне,44.21,Не охороняється,Висока,Льон,6.95,Узгоджено
673.81,Стандартне,54.75,Невелике занепокоєння,Безпечний,Льон,3.91,Узгоджено
889.3,Коштовне,8.8,Невелике занепокоєння,Висока,Поліпропілен,4.47,Заблоковано
990.69,Стандартне,51.92,Невелике занепокоєння,Висока,Поліпропілен,6.17,Заблоковано
826.1,Коштовне,32.68,Не охороняється,Висока,Поліпропілен,0.2,Узгоджено
743.9,Просте,41.53,Не охороняється,Висока,Скло,1.33,Узгоджено
843.61,Стандартне,37.89,Не охороняється,Безпечний,Скло,5.76,Узгоджено
583.2,Просте,49.51,Вищий статус охорони,Безпечний,Скло,0.07,Узгоджено
990.31,Просте,48.63,Невелике занепокоєння,Висока,Залізо,4.17,Заблоковано
706.17,Просте,59.63,Вищий статус охорони,Висока,Скло,4.88,Узгоджено
522.87,Просте,59.26,Не охороняється,Висока,Поліпропілен,1.45,Узгоджено
1033.1,Стандартне,24.93,Невелике занепокоєння,Безпечний,Скло,1.72,Заблоковано
851.22,Просте,61.54,Невелике занепокоєння,Безпечний,Скло,3.21,Узгоджено
999.0,Просте,48.68,Невелике занепокоєння,Висока,Льон,2.8,Заблоковано
673.41,Коштовне,45.45,Невелике занепокоєння,Безпечний,Поліпропілен,0.8,Узгоджено
882.19,Стандартне,52.57,Невелике занепокоєння,Помірна,Льон,1.54,Узгоджено
848.09,Стандартне,-3.78,Не охороняється,Помірна,Льон,2.76,Заблоковано
980.91,Стандартне,77.12,Не охороняється,Висока,Поліпропілен,4.63,Узгоджено
918.96,Коштовне,44.62,Вищий статус охорони,Помірна,Залізо,6.58,Заблоковано
722.68,Просте,32.86,Вищий статус охорони,Висока,Скло,6.26,Узгоджено
625.54,Стандартне,33.03,Невелике занепокоєння,Безпечний,Поліпропілен,2.82,Узгоджено
763.2,Стандартне,36.77,Невелике занепокоєння,Висока,Поліпропілен,2.7,Узгоджено
1124.29,Коштовне,83.11,Вищий статус охорони,Помірна,Залізо,1.41,Заблоковано
674.96,Коштовне,41.4,Не охороняється,Помірна,Залізо,5.15,Узгоджено
1016.27,Просте,25.86,Вищий статус охорони,Безпечний,Поліпропілен,3.95,Заблоковано
1158.69,Коштовне,56.82,Невелике занепокоєння,Безпечний,Скло,1.09,Заблоковано
832.73,Просте,47.04,Вищий статус охорони,Помірна,Льон,5.84,Узгоджено
860.93,Стандартне,77.57,Не охороняється,Помірна,Залізо,8.62,Узгоджено
858.94,Просте,37.47,Вищий статус охорони,Висока,Скло,1.73,Узгоджено
1061.45,Стандартне,42.68,Не охороняється,Помірна,Залізо,3.62,Заблоковано
603.76,Стандартне,42.71,Не охороняється,Помірна,Скло,2.36,Узгоджено
1063.11,Коштовне,65.85,Не охороняється,Безпечний,Скло,2.14,Заблоковано
901.21,Стандартне,39.4,Вищий статус охорони,Безпечний,Залізо,2.89,Заблоковано
840.81,Коштовне,55.15,Не охороняється,Помірна,Льон,3.77,Узгоджено
497.94,Просте,32.45,Вищий статус охорони,Безпечний,Скло,3.1,Узгоджено
944.11,Просте,63.51,Невелике занепокоєння,Безпечний,Льон,4.31,Узгоджено
720.15,Стандартне,86.43,Невелике занепокоєння,Висока,Залізо,0.27,Узгоджено
919.29,Просте,36.89,Вищий статус охорони,Безпечний,Скло,3.14,Заблоковано
990.8,Стандартне,20.91,Невелике занепокоєння,Безпечний,Скло,2.18,Заблоковано
708.7,Стандартне,55.66,Вищий статус охорони,Помірна,Поліпропілен,0.0,Узгоджено
1361.37,Коштовне,27.22,Не охороняється,Безпечний,Льон,2.56,Заблоковано
934.92,Коштовне,23.1,Невелике занепокоєння,Помірна,Льон,1.85,Заблоковано
596.25,Стандартне,39.76,Не охороняється,Помірна,Льон,0.0,Узгоджено
945.42,Коштовне,46.79,Невелике занепокоєння,Безпечний,Поліпропілен,6.36,Заблоковано
990.69,Коштовне,52.01,Не охороняється,Висока,Скло,3.38,Заблоковано
540.51,Просте,43.37,Невелике занепокоєння,Помірна,Льон,2.97,Узгоджено
1277.93,Стандартне,38.49,Невелике занепокоєння,Безпечний,Скло,0.0,Заблоковано
774.34,Стандартне,37.15,Невелике занепокоєння,Безпечний,Льон,2.88,Узгоджено
900.15,Стандартне,58.47,Невелике занепокоєння,Безпечний,Скло,0.94,Узгоджено
889.62,Стандартне,58.37,Не охороняється,Висока,Льон,3.9,Узгоджено
716.94,Просте,54.55,Невелике занепокоєння,Помірна,Льон,1.36,Узгоджено
840.19,Коштовне,36.51,Вищий статус охорони,Помірна,Поліпропілен,0.97,Узгоджено
956.26,Просте,34.43,Не охороняється,Висока,Залізо,5.89,Заблоковано
819.81,Коштовне,40.01,Невелике занепокоєння,Помірна,Льон,0.6,Узгоджено
942.08,Просте,59.35,Вищий статус охорони,Висока,Льон,2.77,Заблоковано
824.89,Стандартне,90.03,Не охороняється,Безпечний,Залізо,5.5,Узгоджено
923.19,Просте,46.23,Не охороняється,Помірна,Льон,2.26,Заблоковано
945.95,Просте,48.32,Не охороняється,Безпечний,Льон,0.36,Заблоковано
1324.84,Стандартне,40.28,Вищий статус охорони,Висока,Льон,7.16,Заблоковано
789.41,Коштовне,58.48,Вищий статус охорони,Безпечний,Льон,0.0,Узгоджено
1060.71,Просте,32.11,Не охороняється,Помірна,Поліпропілен,3.0,Заблоковано
1104.58,Коштовне,50.3,Невелике занепокоєння,Висока,Поліпропілен,4.66,Заблоковано
838.76,Стандартне,69.18,Невелике занепокоєння,Висока,Скло,4.66,Узгоджено
681.57,Просте,55.0,Вищий статус охорони,Помірна,Поліпропілен,2.56,Узгоджено
689.84,Коштовне,27.78,Невелике занепокоєння,Помірна,Залізо,0.21,Узгоджено
930.15,Коштовне,42.68,Невелике занепокоєння,Безпечний,Залізо,1.69,Заблоковано
614.8,Коштовне,57.47,Вищий статус охорони,Безпечний,Поліпропілен,7.14,Узгоджено
730.19,Стандартне,41.21,Не охороняється,Безпечний,Льон,4.51,Узгоджено
1196.61,Просте,42.6,Невелике занепокоєння,Безпечний,Поліпропілен,2.68,Заблоковано
1092.95,Просте,64.57,Вищий статус охорони,Безпечний,Поліпропілен,3.75,Заблоковано
1001.26,Стандартне,41.71,Невелике занепокоєння,Безпечний,Скло,2.3,Заблоковано
1065.62,Просте,36.77,Невелике занепокоєння,Помірна,Поліпропілен,0.57,Заблоковано
902.76,Коштовне,28.08,Невелике занепокоєння,Висока,Поліпропілен,1.3,Заблоковано
899.59,Коштовне,65.41,Невелике занепокоєння,Помірна,Залізо,3.36,Узгоджено
1035.44,Просте,50.46,Не охороняється,Безпечний,Льон,2.01,Заблоковано
662.24,Стандартне,45.5,Не охороняється,Безпечний,Скло,0.79,Узгоджено
1423.27,Коштовне,25.86,Не охороняється,Висока,Скло,1.35,Заблоковано
972.33,Стандартне,65.0,Невелике занепокоєння,Безпечний,Залізо,4.4,Заблоковано
658.03,Стандартне,42.91,Не охороняється,Безпечний,Залізо,3.07,Узгоджено
852.96,Коштовне,55.18,Не охороняється,Помірна,Залізо,0.81,Узгоджено
735.89,Стандартне,45.88,Вищий статус охорони,Безпечний,Поліпропілен,1.3,Узгоджено
1394.77,Просте,46.97,Не охороняється,Помірна,Скло,4.53,Заблоковано
644.92,Просте,34.59,Не охороняється,Помірна,Льон,1.48,Узгоджено
1050.85,Коштовне,30.0,Невелике занепокоєння,Помірна,Скло,3.24,Заблоковано
886.89,Просте,37.2,Невелике занепокоєння,Помірна,Льон,3.44,Заблоковано
934.79,Коштовне,25.53,Вищий статус охорони,Безпечний,Поліпропілен,5.37,Заблоковано
921.21,Коштовне,48.34,Невелике занепокоєння,Безпечний,Поліпропілен,1.68,Заблоковано
756.25,Стандартне,28.0,Вищий статус охорони,Помірна,Льон,3.5,Узгоджено
986.38,Просте,49.12,Не охороняється,Висока,Скло,1.46,Заблоковано
976.3,Стандартне,39.03,Вищий статус охорони,Безпечний,Скло,1.98,Заблоковано
1280.34,Просте,59.35,Невелике занепокоєння,Помірна,Скло,1.29,Заблоковано
1033.81,Коштовне,28.94,Не охороняється,Безпечний,Поліпропілен,2.44,Заблоковано
744.54,Стандартне,43.17,Не охороняється,Помірна,Скло,6.95,Узгоджено
787.2,Коштовне,50.98,Не охороняється,Висока,Скло,0.96,Узгоджено
1086.17,Коштовне,56.4,Невелике занепокоєння,Помірна,Залізо,3.09,Заблоковано
779.17,Коштовне,33.42,Не охороняється,Помірна,Скло,1.97,Узгоджено
850.68,Коштовне,27.52,Невелике занепокоєння,Помірна,Скло,4.35,Заблоковано
1039.18,Стандартне,58.19,Не охороняється,Помірна,Поліпропілен,1.14,Заблоковано
648.1,Стандартне,44.29,Не охороняється,Висока,Скло,2.49,Узгоджено
812.97,Коштовне,34.7,Вищий статус охорони,Висока,Льон,0.0,Узгоджено
738.14,Коштовне,37.5,Не охороняється,Помірна,Поліпропілен,1.66,Узгоджено
1135.79,Просте,44.88,Невелике занепокоєння,Помірна,Льон,1.93,Заблоковано
1196.58,Просте,37.34,Невелике занепокоєння,Безпечний,Залізо,0.87,Заблоковано
714.8,Просте,51.57,Не охороняється,Висока,Залізо,2.41,Узгоджено
773.61,Просте,69.5,Невелике занепокоєння,Безпечний,Поліпропілен,0.59,Узгоджено
636.85,Коштовне,34.31,Не охороняється,Безпечний,Скло,2.46,Узгоджено
573.83,Стандартне,41.3,Невелике занепокоєння,Помірна,Поліпропілен,1.66,Узгоджено
1047.65,Коштовне,81.56,Вищий статус охорони,Висока,Поліпропілен,2.62,Заблоковано
826.7,Коштовне,63.2,Не охороняється,Помірна,Залізо,0.0,Узгоджено
799.24,Просте,61.32,Вищий статус охорони,Висока,Залізо,3.14,Узгоджено
902.18,Стандартне,36.36,Не охороняється,Висока,Залізо,4.93,Заблоковано
833.56,Стандартне,49.42,Невелике занепокоєння,Безпечний,Поліпропілен,1.29,Узгоджено
1062.22,Стандартне,37.09,Вищий статус охорони,Помірна,Залізо,2.36,Заблоковано
858.45,Стандартне,5.01,Не охороняється,Помірна,Льон,2.21,Заблоковано
856.21,Просте,65.07,Вищий статус охорони,Помірна,Скло,2.46,Узгоджено
826.39,Просте,17.75,Вищий статус охорони,Висока,Залізо,1.58,Заблоковано
1067.37,Стандартне,46.86,Не охороняється,Помірна,Поліпропілен,2.29,Заблоковано
794.33,Коштовне,37.49,Вищий статус охорони,Безпечний,Поліпропілен,0.45,Узгоджено
617.77,Просте,49.48,Вищий статус охорони,Помірна,Поліпропілен,3.65,Узгоджено
554.27,Коштовне,37.05,Вищий статус охорони,Висока,Поліпропілен,0.0,Узгоджено
829.94,Стандартне,54.68,Вищий статус охорони,Помірна,Поліпропілен,2.2,Узгоджено
1082.61,Коштовне,50.6,Вищий статус охорони,Безпечний,Залізо,1.25,Заблоковано
826.78,Стандартне,15.15,Вищий статус охорони,Помірна,Скло,2.85,Заблоковано
905.46,Просте,53.57,Невелике занепокоєння,Висока,Льон,2.09,Узгоджено
837.0,Стандартне,43.13,Вищий статус охорони,Помірна,Поліпропілен,3.13,Узгоджено
593.25,Коштовне,57.75,Вищий статус охорони,Висока,Залізо,0.0,Узгоджено
853.95,Просте,29.77,Не охороняється,Безпечний,Скло,6.61,Заблоковано
1073.69,Коштовне,55.65,Вищий статус охорони,Помірна,Скло,3.94,Заблоковано
1029.24,Просте,59.97,Невелике занепокоєння,Висока,Залізо,0.0,Заблоковано
790.51,Коштовне,41.34,Не охороняється,Висока,Залізо,4.92,Узгоджено
908.88,Стандартне,54.17,Вищий статус охорони,Висока,Залізо,5.45,Узгоджено
1632.93,Коштовне,70.44,Вищий статус охорони,Висока,Скло,0.0,Заблоковано
1037.52,Стандартне,24.42,Вищий статус охорони,Висока,Поліпропілен,2.7,Заблоковано
656.85,Коштовне,26.54,Вищий статус охорони,Безпечний,Скло,3.06,Узгоджено
904.39,Стандартне,49.42,Невелике занепокоєння,Безпечний,Скло,3.64,Узгоджено
637.36,Просте,55.13,Не охороняється,Безпечний,Скло,2.14,Узгоджено
749.31,Коштовне,74.57,Вищий статус охорони,Помірна,Льон,3.48,Узгоджено
701.55,Коштовне,64.49,Вищий статус охорони,Помірна,Поліпропілен,4.97,Узгоджено
1332.75,Просте,71.47,Не охороняється,Безпечний,Залізо,2.38,Заблоковано
1105.74,Стандартне,44.22,Вищий статус охорони,Помірна,Льон,4.68,Заблоковано
1113.16,Просте,37.99,Не охороняється,Безпечний,Залізо,2.88,Заблоковано
846.54,Коштовне,80.05,Невелике занепокоєння,Безпечний,Льон,5.95,Узгоджено
906.38,Стандартне,69.11,Вищий статус охорони,Висока,Скло,2.72,Узгоджено
968.65,Коштовне,44.62,Невелике занепокоєння,Безпечний,Поліпропілен,4.13,Заблоковано
780.81,Стандартне,67.07,Вищий статус охорони,Висока,Льон,3.28,Узгоджено
906.45,Стандартне,57.81,Не охороняється,Безпечний,Поліпропілен,0.59,Узгоджено
1040.91,Стандартне,33.24,Не охороняється,Висока,Залізо,3.66,Заблоковано
1155.55,Просте,24.52,Вищий статус охорони,Висока,Скло,4.32,Заблоковано
778.15,Коштовне,75.07,Невелике занепокоєння,Висока,Льон,0.31,Узгоджено
664.73,Коштовне,71.46,Невелике занепокоєння,Висока,Поліпропілен,0.0,Узгоджено
894.94,Коштовне,47.61,Не охороняється,Безпечний,Скло,3.82,Узгоджено
739.94,Коштовне,52.11,Невелике занепокоєння,Помірна,Льон,0.93,Узгоджено
1187.54,Стандартне,39.22,Вищий статус охорони,Висока,Залізо,4.7,Заблоковано
700.53,Стандартне,15.01,Вищий статус охорони,Безпечний,Льон,4.78,Узгоджено
997.52,Просте,58.55,Вищий статус охорони,Висока,Залізо,2.82,Заблоковано
1226.32,Стандартне,27.06,Вищий статус охорони,Висока,Поліпропілен,3.18,Заблоковано
1232.99,Стандартне,71.57,Невелике занепокоєння,Безпечний,Поліпропілен,3.9,Заблоковано
861.61,Коштовне,34.0,Невелике занепокоєння,Помірна,Залізо,1.58,Узгоджено
878.81,Коштовне,47.23,Не охороняється,Висока,Скло,4.75,Узгоджено
836.22,Коштовне,24.42,Невелике занепокоєння,Безпечний,Поліпропілен,2.18,Узгоджено
727.95,Просте,60.47,Невелике занепокоєння,Висока,Льон,3.44,Узгоджено
967.39,Просте,34.58,Невелике занепокоєння,Безпечний,Поліпропілен,4.43,Заблоковано
1029.21,Стандартне,41.99,Не охороняється,Безпечний,Скло,4.48,Заблоковано
984.52,Просте,18.84,Не охороняється,Помірна,Скло,1.39,Заблоковано
991.4,Просте,40.96,Невелике занепокоєння,Помірна,Залізо,1.86,Заблоковано
860.55,Просте,43.71,Не охороняється,Висока,Скло,2.8,Узгоджено
818.53,Просте,30.36,Не охороняється,Помірна,Залізо,5.19,Узгоджено
1119.83,Коштовне,46.16,Невелике занепокоєння,Безпечний,Поліпропілен,1.13,Заблоковано
731.61,Коштовне,58.15,Вищий статус охорони,Безпечний,Залізо,0.45,Узгоджено
1012.39,Коштовне,69.66,Не охороняється,Висока,Скло,1.52,Заблоковано
792.08,Коштовне,5.72,Невелике занепокоєння,Безпечний,Льон,6.29,Заблоковано
999.04,Коштовне,49.29,Не охороняється,Висока,Льон,2.47,Заблоковано
881.99,Коштовне,47.77,Невелике занепокоєння,Безпечний,Залізо,0.92,Узгоджено
926.61,Стандартне,53.16,Невелике занепокоєння,Помірна,Скло,4.84,Заблоковано
1075.58,Коштовне,69.41,Не охороняється,Помірна,Скло,3.24,Заблоковано
1024.03,Коштовне,36.77,Не охороняється,Помірна,Залізо,6.55,Заблоковано
1002.17,Коштовне,31.24,Не охороняється,Безпечний,Поліпропілен,0.21,Заблоковано
603.77,Коштовне,43.89,Вищий статус охорони,Помірна,Поліпропілен,2.57,Узгоджено
806.83,Стандартне,24.1,Вищий статус охорони,Помірна,Скло,3.33,Узгоджено
1282.6,Стандартне,27.16,Вищий статус охорони,Помірна,Льон,2.03,Заблоковано
914.47,Коштовне,55.27,Не охороняється,Висока,Льон,2.3,Узгоджено
852.02,Коштовне,57.5,Вищий статус охорони,Помірна,Залізо,0.0,Узгоджено
968.89,Коштовне,59.28,Вищий статус охорони,Помірна,Льон,5.92,Заблоковано
1043.67,Коштовне,51.89,Невелике занепокоєння,Висока,Залізо,4.28,Заблоковано
895.24,Просте,15.18,Невелике занепокоєння,Безпечний,Залізо,3.73,Заблоковано
702.99,Коштовне,62.47,Вищий статус охорони,Безпечний,Поліпропілен,0.35,Узгоджено
841.83,Просте,52.46,Невелике занепокоєння,Висока,Поліпропілен,4.66,Узгоджено
823.14,Коштовне,15.34,Невелике занепокоєння,Висока,Скло,6.68,Заблоковано
759.75,Коштовне,47.6,Невелике занепокоєння,Безпечний,Льон,2.16,Узгоджено
895.99,Просте,33.04,Вищий статус охорони,Безпечний,Льон,3.08,Заблоковано
786.79,Коштовне,35.29,Не охороняється,Висока,Залізо,3.73,Узгоджено
828.93,Стандартне,31.6,Не охороняється,Висока,Залізо,1.42,Узгоджено
902.76,Стандартне,30.13,Не охороняється,Висока,Льон,1.01,Заблоковано
522.87,Стандартне,41.16,Вищий статус охорони,Висока,Поліпропілен,5.78,Узгоджено
1013.2,Коштовне,53.34,Вищий статус охорони,Безпечний,Залізо,0.95,Заблоковано
698.18,Коштовне,53.89,Вищий статус охорони,Висока,Поліпропілен,2.1,Узгоджено
1050.85,Просте,47.74,Не охороняється,Висока,Скло,2.76,Заблоковано
950.34,Просте,66.46,Невелике занепокоєння,Помірна,Льон,0.27,Узгоджено
879.56,Стандартне,45.71,Вищий статус охорони,Висока,Скло,3.44,Узгоджено
1259.63,Просте,46.93,Не охороняється,Помірна,Поліпропілен,3.24,Заблоковано
954.0,Просте,27.48,Вищий статус охорони,Висока,Поліпропілен,2.96,Заблоковано
976.23,Коштовне,16.03,Не охороняється,Висока,Льон,4.26,Заблоковано
575.35,Просте,59.24,Невелике занепокоєння,Помірна,Поліпропілен,7.4,Узгоджено
799.79,Просте,58.76,Вищий статус охорони,Помірна,Льон,0.87,Узгоджено
1087.69,Стандартне,23.07,Вищий статус охорони,Безпечний,Поліпропілен,2.35,Заблоковано
759.2,Коштовне,48.24,Невелике занепокоєння,Безпечний,Скло,0.0,Узгоджено
1386.46,Стандартне,44.78,Невелике занепокоєння,Висока,Льон,5.05,Заблоковано
732.01,Просте,66.07,Вищий статус охорони,Висока,Скло,4.53,Узгоджено
900.62,Коштовне,49.5,Невелике занепокоєння,Висока,Залізо,6.16,Узгоджено
1075.58,Стандартне,57.67,Невелике занепокоєння,Висока,Поліпропілен,1.27,Заблоковано
974.33,Стандартне,59.78,Вищий статус охорони,Помірна,Льон,0.78,Заблоковано
919.29,Стандартне,32.95,Невелике занепокоєння,Висока,Залізо,3.44,Заблоковано
764.2,Стандартне,27.56,Не охороняється,Помірна,Поліпропілен,5.59,Узгоджено
909.24,Просте,69.66,Вищий статус охорони,Помірна,Скло,3.97,Узгоджено
990.83,Коштовне,21.71,Не охороняється,Висока,Поліпропілен,4.93,Заблоковано
989.53,Стандартне,24.63,Невелике занепокоєння,Висока,Скло,4.41,Заблоковано
903.7,Стандартне,26.4,Вищий статус охорони,Безпечний,Залізо,0.0,Заблоковано
1048.98,Просте,41.2,Невелике занепокоєння,Помірна,Поліпропілен,1.77,Заблоковано
1380.36,Стандартне,33.28,Вищий статус охорони,Помірна,Скло,5.02,Заблоковано
682.43,Просте,59.14,Невелике занепокоєння,Висока,Скло,2.93,Узгоджено
701.55,Коштовне,58.54,Не охороняється,Помірна,Поліпропілен,0.64,Узгоджено
1054.39,Коштовне,54.17,Вищий статус охорони,Безпечний,Залізо,3.26,Заблоковано
701.47,Просте,30.99,Не охороняється,Безпечний,Поліпропілен,1.76,Узгоджено
1054.9,Коштовне,69.33,Невелике занепокоєння,Висока,Скло,5.59,Заблоковано
1098.04,Стандартне,34.94,Вищий статус охорони,Висока,Залізо,0.0,Заблоковано
1067.77,Стандартне,49.39,Вищий статус охорони,Висока,Скло,3.37,Заблоковано
921.15,Стандартне,55.21,Невелике занепокоєння,Безпечний,Скло,2.23,Узгоджено
754.91,Стандартне,52.6,Невелике занепокоєння,Безпечний,Залізо,1.85,Узгоджено
782.88,Просте,43.19,Не охороняється,Безпечний,Поліпропілен,2.8,Узгоджено
1252.96,Просте,41.37,Невелике занепокоєння,Безпечний,Залізо,0.0,Заблоковано
878.74,Стандартне,48.34,Не охороняється,Помірна,Залізо,0.56,Узгоджено
914.31,Коштовне,68.23,Вищий статус охорони,Висока,Льон,0.0,Узгоджено
732.72,Коштовне,55.18,Вищий статус охорони,Помірна,Залізо,2.6,Узгоджено
1112.76,Коштовне,56.68,Не охороняється,Безпечний,Скло,3.57,Заблоковано
934.79,Коштовне,56.92,Вищий статус охорони,Помірна,Поліпропілен,3.79,Узгоджено
795.87,Стандартне,16.56,Вищий статус охорони,Помірна,Залізо,3.48,Узгоджено
927.54,Коштовне,40.51,Невелике занепокоєння,Помірна,Льон,3.01,Заблоковано
1200.5,Просте,29.14,Невелике занепокоєння,Помірна,Скло,3.13,Заблоковано
867.05,Стандартне,51.32,Не охороняється,Безпечний,Скло,3.97,Узгоджено
782.24,Коштовне,66.67,Не охороняється,Безпечний,Скло,5.37,Узгоджено
911.45,Стандартне,41.31,Вищий статус охорони,Висока,Залізо,0.75,Заблоковано
1127.04,Просте,55.67,Не охороняється,Безпечний,Скло,2.39,Заблоковано
738.45,Просте,51.1,Не охороняється,Висока,Поліпропілен,4.66,Узгоджено
1105.06,Коштовне,46.93,Вищий статус охорони,Помірна,Поліпропілен,5.21,Заблоковано
876.89,Просте,36.57,Не охороняється,Помірна,Скло,2.89,Заблоковано
991.27,Коштовне,42.99,Вищий статус охорони,Висока,Залізо,2.25,Заблоковано
730.19,Стандартне,55.89,Не охороняється,Висока,Скло,2.03,Узгоджено
732.72,Просте,26.7,Вищий статус охорони,Безпечний,Поліпропілен,0.92,Узгоджено
799.83,Коштовне,53.25,Невелике занепокоєння,Безпечний,Скло,5.2,Узгоджено
1225.07,Стандартне,49.7,Невелике занепокоєння,Безпечний,Залізо,1.21,Заблоковано
1110.12,Стандартне,30.59,Вищий статус охорони,Висока,Залізо,1.57,Заблоковано
653.84,Просте,53.12,Не охороняється,Безпечний,Поліпропілен,0.0,Узгоджено
1144.17,Стандартне,59.3,Не охороняється,Помірна,Скло,2.86,Заблоковано
918.4,Коштовне,62.45,Вищий статус охорони,Помірна,Поліпропілен,0.0,Узгоджено
753.19,Коштовне,61.19,Не охороняється,Безпечний,Льон,1.36,Узгоджено
911.38,Стандартне,-1.7,Не охороняється,Помірна,Поліпропілен,5.09,Заблоковано
1140.48,Стандартне,38.11,Невелике занепокоєння,Висока,Скло,1.66,Заблоковано
828.16,Стандартне,60.54,Не охороняється,Помірна,Скло,2.01,Узгоджено
929.16,Коштовне,34.08,Невелике занепокоєння,Безпечний,Льон,1.9,Заблоковано
918.4,Стандартне,65.19,Не охороняється,Висока,Залізо,3.58,Узгоджено
1014.31,Коштовне,50.32,Не охороняється,Висока,Залізо,5.45,Заблоковано
728.19,Просте,43.71,Невелике занепокоєння,Безпечний,Скло,2.98,Узгоджено
982.9,Коштовне,69.32,Невелике занепокоєння,Помірна,Льон,0.04,Заблоковано
1215.67,Стандартне,58.42,Не охороняється,Безпечний,Скло,3.22,Заблоковано
1166.31,Стандартне,48.67,Не охороняється,Безпечний,Поліпропілен,1.92,Заблоковано
899.99,Коштовне,41.56,Не охороняється,Безпечний,Залізо,4.07,Заблоковано
890.19,Просте,52.99,Вищий статус охорони,Безпечний,Скло,4.57,Узгоджено
784.89,Стандартне,17.0,Не охороняється,Висока,Залізо,0.0,Узгоджено
695.82,Просте,34.29,Невелике занепокоєння,Помірна,Залізо,3.66,Узгоджено
931.74,Стандартне,39.17,Вищий статус охорони,Помірна,Залізо,3.57,Заблоковано
1076.32,Коштовне,77.6,Вищий статус охорони,Висока,Льон,2.73,Заблоковано
700.51,Просте,26.54,Вищий статус охорони,Помірна,Поліпропілен,2.18,Узгоджено
879.81,Коштовне,44.19,Невелике занепокоєння,Помірна,Залізо,0.0,Узгоджено
741.21,Коштовне,60.79,Невелике занепокоєння,Безпечний,Льон,2.55,Узгоджено
734.87,Коштовне,36.77,Невелике занепокоєння,Помірна,Поліпропілен,2.73,Узгоджено
862.0,Стандартне,43.67,Невелике занепокоєння,Безпечний,Залізо,4.34,Узгоджено
804.01,Просте,54.8,Не охороняється,Безпечний,Поліпропілен,4.26,Узгоджено
813.71,Коштовне,67.71,Невелике занепокоєння,Помірна,Поліпропілен,1.29,Узгоджено
783.36,Просте,70.82,Не охороняється,Помірна,Поліпропілен,0.72,Узгоджено
980.44,Коштовне,53.34,Не охороняється,Висока,Льон,0.0,Заблоковано
863.14,Коштовне,59.85,Не охороняється,Помірна,Льон,4.98,Узгоджено
784.0,Просте,43.95,Не охороняється,Висока,Поліпропілен,1.72,Узгоджено
787.2,Просте,59.4,Невелике занепокоєння,Безпечний,Залізо,3.86,Узгоджено
804.02,Стандартне,35.74,Не охороняється,Безпечний,Поліпропілен,3.49,Узгоджено
842.14,Коштовне,54.57,Невелике занепокоєння,Висока,Поліпропілен,2.83,Узгоджено
754.39,Коштовне,31.33,Не охороняється,Помірна,Скло,3.01,Узгоджено
1023.72,Коштовне,21.76,Вищий статус охорони,Висока,Залізо,2.51,Заблоковано
1189.83,Просте,53.74,Невелике занепокоєння,Висока,Залізо,2.44,Заблоковано
701.73,Коштовне,61.15,Вищий статус охорони,Безпечний,Льон,1.56,Узгоджено
1350.78,Стандартне,37.41,Невелике занепокоєння,Висока,Поліпропілен,0.62,Заблоковано
1025.18,Коштовне,43.0,Не охороняється,Безпечний,Скло,0.0,Заблоковано
708.53,Просте,39.85,Не охороняється,Безпечний,Поліпропілен,3.18,Узгоджено
901.63,Коштовне,73.63,Не охороняється,Висока,Залізо,1.82,Узгоджено
1061.41,Коштовне,36.57,Невелике занепокоєння,Безпечний,Льон,3.68,Заблоковано
1277.93,Коштовне,54.18,Не охороняється,Безпечний,Поліпропілен,2.27,Заблоковано
645.52,Стандартне,38.45,Не охороняється,Помірна,Льон,4.49,Узгоджено
723.27,Коштовне,29.31,Не охороняється,Безпечний,Скло,1.04,Узгоджено
731.13,Просте,53.69,Не охороняється,Помірна,Поліпропілен,7.53,Узгоджено
704.48,Стандартне,51.21,Не охороняється,Помірна,Поліпропілен,2.23,Узгоджено
968.33,Коштовне,52.62,Не охороняється,Безпечний,Поліпропілен,1.91,Заблоковано
1200.59,Коштовне,67.26,Не охороняється,Висока,Залізо,0.24,Заблоковано
917.79,Стандартне,54.13,Невелике занепокоєння,Помірна,Залізо,4.79,Узгоджено
1051.86,Просте,38.26,Не охороняється,Висока,Залізо,4.1,Заблоковано
938.17,Просте,23.32,Невелике занепокоєння,Безпечний,Льон,3.25,Заблоковано
578.59,Коштовне,59.71,Не охороняється,Висока,Поліпропілен,5.08,Узгоджено
833.73,Стандартне,28.14,Вищий статус охорони,Висока,Поліпропілен,3.98,Узгоджено
1090.09,Просте,36.31,Вищий статус охорони,Висока,Поліпропілен,3.04,Заблоковано
1221.83,Коштовне,58.47,Не охороняється,Безпечний,Льон,3.73,Заблоковано
938.19,Коштовне,43.73,Невелике занепокоєння,Безпечний,Залізо,0.98,Заблоковано
746.58,Просте,87.77,Вищий статус охорони,Помірна,Залізо,2.66,Узгоджено
826.86,Коштовне,68.15,Не охороняється,Безпечний,Скло,8.64,Узгоджено
953.18,Коштовне,53.89,Невелике занепокоєння,Помірна,Поліпропілен,2.12,Заблоковано
870.73,Стандартне,42.81,Не охороняється,Висока,Льон,2.15,Узгоджено
860.6,Коштовне,54.17,Не охороняється,Висока,Поліпропілен,4.7,Узгоджено
663.76,Коштовне,23.78,Не охороняється,Помірна,Льон,5.27,Узгоджено
699.92,Просте,50.54,Невелике занепокоєння,Безпечний,Скло,2.96,Узгоджено
931.96,Коштовне,41.53,Вищий статус охорони,Безпечний,Залізо,0.0,Заблоковано
896.04,Стандартне,63.13,Не охороняється,Безпечний,Скло,6.84,Узгоджено
772.47,Просте,53.64,Невелике занепокоєння,Помірна,Залізо,0.0,Узгоджено
778.7,Коштовне,62.33,Невелике занепокоєння,Помірна,Поліпропілен,2.44,Узгоджено
926.94,Коштовне,58.37,Вищий статус охорони,Помірна,Залізо,5.15,Узгоджено
960.08,Коштовне,43.3,Вищий статус охорони,Помірна,Залізо,2.76,Заблоковано
1028.28,Коштовне,45.48,Вищий статус охорони,Висока,Скло,1.45,Заблоковано
721.79,Стандартне,64.38,Невелике занепокоєння,Безпечний,Скло,3.81,Узгоджено
1038.65,Просте,49.11,Вищий статус охорони,Помірна,Льон,1.56,Заблоковано
782.69,Стандартне,48.04,Невелике занепокоєння,Безпечний,Залізо,5.5,Узгоджено
911.89,Коштовне,34.35,Вищий статус охорони,Помірна,Поліпропілен,2.99,Заблоковано
705.74,Стандартне,50.5,Вищий статус охорони,Безпечний,Льон,2.58,Узгоджено
1149.02,Коштовне,42.32,Вищий статус охорони,Помірна,Поліпропілен,0.0,Заблоковано
852.96,Стандартне,30.0,Не охороняється,Помірна,Скло,2.08,Заблоковано
899.07,Стандартне,36.83,Невелике занепокоєння,Висока,Льон,1.93,Заблоковано
753.75,Просте,65.0,Невелике занепокоєння,Безпечний,Залізо,4.47,Узгоджено
1288.75,Просте,56.11,Не охороняється,Висока,Льон,0.94,Заблоковано
929.06,Стандартне,53.25,Вищий статус охорони,Висока,Льон,1.77,Заблоковано
619.66,Просте,21.35,Вищий статус охорони,Висока,Залізо,1.13,Узгоджено
740.08,Стандартне,26.65,Не охороняється,Помірна,Льон,5.14,Узгоджено
761.97,Коштовне,53.14,Невелике занепокоєння,Помірна,Скло,2.93,Узгоджено
978.93,Коштовне,68.58,Невелике занепокоєння,Безпечний,Поліпропілен,0.94,Заблоковано
1278.04,Коштовне,54.75,Не охороняється,Помірна,Поліпропілен,7.14,Заблоковано
1262.14,Просте,21.33,Невелике занепокоєння,Помірна,Льон,3.09,Заблоковано
789.1,Коштовне,44.47,Не охороняється,Висока,Скло,0.0,Узгоджено
1248.8,Коштовне,67.11,Невелике занепокоєння,Безпечний,Поліпропілен,1.13,Заблоковано
918.22,Стандартне,34.41,Вищий статус охорони,Помірна,Залізо,1.88,Заблоковано
643.12,Стандартне,55.65,Не охороняється,Безпечний,Залізо,1.47,Узгоджено
762.48,Коштовне,48.9,Невелике занепокоєння,Безпечний,Льон,3.17,Узгоджено
879.45,Коштовне,67.28,Вищий статус охорони,Помірна,Скло,1.17,Узгоджено
937.31,Стандартне,24.63,Вищий статус охорони,Помірна,Скло,0.31,Заблоковано
986.98,Стандартне,57.69,Вищий статус охорони,Безпечний,Поліпропілен,0.88,Заблоковано
678.83,Стандартне,34.6,Невелике занепокоєння,Помірна,Льон,3.09,Узгоджено
914.07,Коштовне,62.01,Вищий статус охорони,Висока,Льон,2.83,Узгоджено
902.83,Просте,51.85,Не охороняється,Помірна,Поліпропілен,2.01,Узгоджено
881.99,Стандартне,52.34,Невелике занепокоєння,Безпечний,Поліпропілен,4.08,Узгоджено
584.86,Коштовне,61.35,Вищий статус охорони,Безпечний,Льон,0.0,Узгоджено
1081.62,Просте,37.77,Вищий статус охорони,Безпечний,Залізо,1.81,Заблоковано
890.81,Коштовне,5.03,Вищий статус охорони,Безпечний,Скло,2.6,Заблоковано
883.01,Коштовне,30.82,Вищий статус охорони,Висока,Скло,4.72,Заблоковано
587.19,Коштовне,45.57,Невелике занепокоєння,Помірна,Скло,3.31,Узгоджено
742.22,Стандартне,19.91,Не охороняється,Висока,Скло,5.13,Узгоджено
1094.86,Стандартне,43.41,Невелике занепокоєння,Помірна,Залізо,1.41,Заблоковано
1172.62,Стандартне,33.43,Вищий статус охорони,Безпечний,Скло,2.02,Заблоковано
927.64,Просте,49.54,Не охороняється,Безпечний,Поліпропілен,1.54,Заблоковано
774.34,Коштовне,29.88,Невелике занепокоєння,Безпечний,Залізо,3.22,Узгоджено
856.55,Коштовне,13.43,Вищий статус охорони,Висока,Залізо,3.84,Заблоковано
1084.42,Просте,60.45,Вищий статус охорони,Висока,Залізо,6.42,Заблоковано
893.37,Коштовне,49.96,Вищий статус охорони,Безпечний,Скло,3.78,Узгоджено
1039.68,Просте,53.16,Невелике занепокоєння,Помірна,Залізо,2.37,Заблоковано
897.86,Коштовне,48.99,Вищий статус охорони,Висока,Скло,2.55,Узгоджено
751.08,Коштовне,97.62,Вищий статус охорони,Висока,Скло,1.23,Узгоджено
860.58,Коштовне,26.4,Вищий статус охорони,Помірна,Скло,3.97,Заблоковано
770.64,Стандартне,49.18,Вищий статус охорони,Висока,Поліпропілен,7.42,Узгоджено
882.14,Коштовне,24.39,Не охороняється,Висока,Льон,2.67,Заблоковано
814.87,Просте,55.71,Вищий статус охорони,Висока,Скло,4.65,Узгоджено
1131.01,Стандартне,39.93,Невелике занепокоєння,Безпечний,Скло,3.8,Заблоковано
732.36,Просте,55.67,Не охороняється,Безпечний,Скло,2.12,Узгоджено
1030.77,Коштовне,35.44,Не охороняється,Помірна,Залізо,1.14,Заблоковано
688.04,Просте,30.0,Не охороняється,Помірна,Скло,5.69,Узгоджено
766.5,Коштовне,57.67,Не охороняється,Висока,Скло,1.65,Узгоджено
1029.9,Стандартне,55.17,Вищий статус охорони,Висока,Залізо,0.59,Заблоковано
1128.0,Коштовне,51.11,Вищий статус охорони,Висока,Скло,0.6,Заблоковано
1029.9,Коштовне,37.79,Невелике занепокоєння,Висока,Льон,2.97,Заблоковано
650.48,Просте,33.76,Вищий статус охорони,Помірна,Залізо,3.66,Узгоджено
963.68,Стандартне,43.97,Не охороняється,Висока,Льон,3.94,Заблоковано
809.66,Просте,30.86,Не охороняється,Помірна,Залізо,2.53,Узгоджено
1093.48,Просте,29.9,Не охороняється,Помірна,Поліпропілен,0.0,Заблоковано
937.19,Просте,27.63,Вищий статус охорони,Помірна,Скло,0.29,Заблоковано
630.72,Коштовне,70.13,Не охороняється,Безпечний,Скло,3.36,Узгоджено
954.94,Коштовне,51.2,Не охороняється,Безпечний,Поліпропілен,0.0,Заблоковано
717.75,Просте,61.64,Вищий статус охорони,Висока,Льон,2.51,Узгоджено
1226.17,Просте,39.3,Вищий статус охорони,Безпечний,Поліпропілен,2.72,Заблоковано
956.85,Стандартне,47.19,Невелике занепокоєння,Безпечний,Льон,2.04,Заблоковано
1245.84,Просте,48.52,Вищий статус охорони,Висока,Льон,0.92,Заблоковано
856.93,Стандартне,41.5,Не охороняється,Безпечний,Поліпропілен,0.0,Узгоджено
854.26,Коштовне,25.8,Невелике занепокоєння,Помірна,Залізо,3.85,Заблоковано
1056.62,Стандартне,43.08,Невелике занепокоєння,Помірна,Скло,5.46,Заблоковано
1171.43,Коштовне,52.36,Невелике занепокоєння,Помірна,Поліпропілен,0.19,Заблоковано
894.47,Коштовне,46.31,Вищий статус охорони,Висока,Поліпропілен,0.08,Узгоджено
1022.91,Просте,41.94,Не охороняється,Помірна,Льон,0.0,Заблоковано
868.81,Просте,42.86,Вищий статус охорони,Безпечний,Скло,1.74,Узгоджено
709.97,Коштовне,39.06,Не охороняється,Безпечний,Залізо,1.12,Узгоджено
1054.66,Коштовне,67.81,Не охороняється,Висока,Поліпропілен,4.25,Заблоковано
1332.75,Просте,55.18,Не охороняється,Безпечний,Поліпропілен,3.21,Заблоковано
849.27,Просте,49.14,Не охороняється,Безпечний,Скло,8.05,Узгоджено
593.04,Просте,69.99,Вищий статус охорони,Висока,Залізо,2.29,Узгоджено
825.91,Просте,64.05,Вищий статус охорони,Помірна,Поліпропілен,0.0,Узгоджено
759.86,Коштовне,52.48,Не охороняється,Помірна,Поліпропілен,1.41,Узгоджено
682.8,Стандартне,47.52,Вищий статус охорони,Безпечний,Льон,2.89,Узгоджено
635.97,Стандартне,46.35,Вищий статус охорони,Безпечний,Скло,2.18,Узгоджено
1086.87,Стандартне,39.52,Не охороняється,Висока,Льон,5.52,Заблоковано
808.13,Коштовне,53.18,Вищий статус охорони,Помірна,Поліпропілен,3.16,Узгоджено
609.13,Коштовне,27.17,Вищий статус охорони,Безпечний,Льон,3.21,Узгоджено
742.5,Просте,26.85,Вищий статус охорони,Висока,Поліпропілен,1.51,Узгоджено
810.92,Коштовне,59.94,Вищий статус охорони,Висока,Льон,1.41,Узгоджено
724.17,Просте,94.27,Не охороняється,Помірна,Скло,4.27,Узгоджено
518.76,Просте,40.13,Невелике занепокоєння,Безпечний,Льон,1.36,Узгоджено
1028.43,Коштовне,53.35,Вищий статус охорони,Безпечний,Скло,5.76,Заблоковано
743.17,Коштовне,53.29,Невелике занепокоєння,Безпечний,Поліпропілен,2.31,Узгоджено
946.03,Коштовне,46.82,Невелике занепокоєння,Помірна,Льон,3.21,Заблоковано
959.25,Просте,33.78,Невелике занепокоєння,Помірна,Скло,2.33,Заблоковано
982.54,Стандартне,6.59,Вищий статус охорони,Безпечний,Залізо,1.54,Заблоковано
970.28,Стандартне,27.52,Вищий статус охорони,Помірна,Льон,2.13,Заблоковано
776.87,Просте,47.8,Не охороняється,Висока,Льон,2.59,Узгоджено
605.57,Просте,62.38,Не охороняється,Помірна,Скло,0.0,Узгоджено
956.04,Просте,45.63,Невелике занепокоєння,Висока,Льон,0.68,Заблоковано
1055.15,Просте,5.73,Невелике занепокоєння,Помірна,Залізо,0.0,Заблоковано
789.68,Просте,45.59,Вищий статус охорони,Висока,Залізо,0.93,Узгоджено
949.52,Коштовне,45.29,Невелике занепокоєння,Висока,Залізо,3.09,Заблоковано
857.87,Просте,35.61,Невелике занепокоєння,Безпечний,Поліпропілен,0.04,Узгоджено
567.89,Просте,20.39,Невелике занепокоєння,Безпечний,Залізо,1.04,Узгоджено
999.59,Стандартне,64.94,Вищий статус охорони,Висока,Скло,1.71,Заблоковано
811.36,Просте,40.41,Невелике занепокоєння,Висока,Залізо,2.43,Узгоджено
962.52,Просте,47.94,Невелике занепокоєння,Висока,Залізо,0.29,Заблоковано
724.48,Коштовне,25.61,Невелике занепокоєння,Помірна,Поліпропілен,1.58,Узгоджено
1257.41,Коштовне,65.98,Вищий статус охорони,Висока,Залізо,3.42,Заблоковано
1044.66,Просте,20.8,Невелике занепокоєння,Висока,Поліпропілен,1.81,Заблоковано
859.18,Стандартне,51.25,Невелике занепокоєння,Висока,Скло,4.01,Узгоджено
818.96,Просте,17.65,Не охороняється,Висока,Льон,1.73,Заблоковано
831.14,Стандартне,49.1,Вищий статус охорони,Помірна,Поліпропілен,3.01,Узгоджено
1002.62,Просте,65.15,Вищий статус охорони,Висока,Поліпропілен,0.0,Заблоковано
978.73,Просте,47.24,Невелике занепокоєння,Висока,Льон,2.68,Заблоковано
1155.19,Просте,38.71,Невелике занепокоєння,Висока,Льон,5.99,Заблоковано
1299.88,Стандартне,34.27,Невелике занепокоєння,Висока,Залізо,4.53,Заблоковано
682.58,Просте,53.4,Невелике занепокоєння,Висока,Поліпропілен,0.94,Узгоджено
741.05,Стандартне,35.87,Невелике занепокоєння,Безпечний,Залізо,0.0,Узгоджено
847.44,Стандартне,63.52,Не охороняється,Висока,Скло,2.15,Узгоджено
1013.77,Просте,46.67,Не охороняється,Висока,Льон,3.68,Заблоковано
804.06,Просте,57.22,Не охороняється,Висока,Скло,5.12,Узгоджено
1101.18,Коштовне,49.3,Невелике занепокоєння,Безпечний,Залізо,5.38,Заблоковано
1015.79,Коштовне,38.24,Вищий статус охорони,Висока,Скло,3.29,Заблоковано
950.15,Стандартне,36.47,Вищий статус охорони,Помірна,Скло,0.0,Заблоковано
761.63,Стандартне,59.24,Вищий статус охорони,Помірна,Льон,4.05,Узгоджено
1050.85,Коштовне,35.92,Вищий статус охорони,Помірна,Залізо,3.58,Заблоковано
767.08,Стандартне,35.31,Не охороняється,Висока,Поліпропілен,0.3,Узгоджено
1014.88,Коштовне,50.87,Не охороняється,Безпечний,Поліпропілен,3.98,Заблоковано
1231.76,Стандартне,30.02,Не охороняється,Безпечний,Залізо,3.13,Заблоковано
699.29,Стандартне,37.67,Невелике занепокоєння,Помірна,Залізо,0.0,Узгоджено
1008.87,Коштовне,60.98,Вищий статус охорони,Безпечний,Поліпропілен,5.64,Заблоковано
731.97,Коштовне,43.47,Не охороняється,Безпечний,Залізо,1.19,Узгоджено
986.98,Просте,38.92,Не охороняється,Помірна,Поліпропілен,5.71,Заблоковано
832.52,Стандартне,41.11,Не охороняється,Безпечний,Поліпропілен,0.0,Узгоджено
785.62,Стандартне,64.19,Невелике занепокоєння,Помірна,Скло,3.59,Узгоджено
764.11,Просте,38.32,Не охороняється,Висока,Скло,3.68,Узгоджено
752.73,Стандартне,44.77,Вищий статус охорони,Помірна,Залізо,2.55,Узгоджено
870.72,Просте,30.5,Невелике занепокоєння,Безпечний,Скло,3.81,Заблоковано
1078.38,Коштовне,52.61,Вищий статус охорони,Висока,Скло,5.14,Заблоковано
803.8,Коштовне,28.47,Вищий статус охорони,Висока,Залізо,3.03,Узгоджено
1036.31,Стандартне,53.89,Невелике занепокоєння,Висока,Залізо,3.29,Заблоковано
890.81,Стандартне,38.44,Не охороняється,Помірна,Поліпропілен,3.49,Заблоковано
1059.59,Просте,34.33,Невелике занепокоєння,Висока,Поліпропілен,2.1,Заблоковано
655.23,Стандартне,39.06,Невелике занепокоєння,Помірна,Скло,5.2,Узгоджено
1109.81,Просте,48.05,Вищий статус охорони,Висока,Залізо,3.73,Заблоковано
835.03,Коштовне,65.78,Вищий статус охорони,Безпечний,Залізо,3.11,Узгоджено
1242.28,Просте,44.03,Не охороняється,Висока,Поліпропілен,3.04,Заблоковано
638.56,Стандартне,54.55,Вищий статус охорони,Помірна,Льон,3.29,Узгоджено
678.83,Просте,58.15,Невелике занепокоєння,Безпечний,Залізо,0.0,Узгоджено
709.54,Стандартне,68.83,Не охороняється,Безпечний,Поліпропілен,0.54,Узгоджено
954.94,Просте,39.81,Невелике занепокоєння,Висока,Поліпропілен,5.05,Заблоковано
878.76,Коштовне,37.89,Вищий статус охорони,Висока,Залізо,3.74,Заблоковано
705.72,Коштовне,35.56,Невелике занепокоєння,Помірна,Поліпропілен,0.03,Узгоджено
827.83,Коштовне,35.44,Невелике занепокоєння,Помірна,Льон,4.56,Узгоджено
687.13,Коштовне,17.18,Не охороняється,Безпечний,Скло,2.27,Узгоджено
477.11,Коштовне,70.15,Не охороняється,Висока,Поліпропілен,0.61,Узгоджено
806.44,Коштовне,58.76,Невелике занепокоєння,Висока,Поліпропілен,0.0,Узгоджено
1064.65,Просте,33.3,Не охороняється,Безпечний,Залізо,3.79,Заблоковано
601.83,Просте,38.84,Невелике занепокоєння,Висока,Поліпропілен,4.15,Узгоджено
923.19,Просте,57.17,Не охороняється,Безпечний,Залізо,0.52,Узгоджено
1440.7,Просте,41.53,Невелике занепокоєння,Помірна,Льон,0.17,Заблоковано
1089.47,Стандартне,45.28,Не охороняється,Висока,Скло,3.92,Заблоковано
904.6,Просте,35.23,Невелике занепокоєння,Висока,Льон,0.28,Заблоковано
855.54,Стандартне,42.75,Невелике занепокоєння,Висока,Льон,1.46,Узгоджено
860.38,Коштовне,48.34,Невелике занепокоєння,Висока,Льон,0.0,Узгоджено
620.53,Коштовне,36.33,Не охороняється,Висока,Поліпропілен,3.85,Узгоджено
782.58,Просте,52.71,Вищий статус охорони,Висока,Залізо,4.71,Узгоджено
812.48,Стандартне,51.37,Не охороняється,Безпечний,Скло,2.45,Узгоджено
682.13,Стандартне,51.93,Не охороняється,Помірна,Скло,2.3,Узгоджено
735.89,Просте,41.98,Вищий статус охорони,Помірна,Льон,0.32,Узгоджено
904.52,Стандартне,50.25,Не охороняється,Помірна,Скло,6.26,Узгоджено
906.45,Коштовне,37.9,Невелике занепокоєння,Безпечний,Залізо,4.82,Заблоковано
1209.83,Коштовне,41.44,Невелике занепокоєння,Помірна,Льон,6.66,Заблоковано
889.06,Коштовне,56.22,Невелике занепокоєння,Безпечний,Поліпропілен,1.24,Узгоджено
1049.82,Стандартне,42.53,Вищий статус охорони,Безпечний,Льон,5.75,Заблоковано
1024.27,Коштовне,53.78,Невелике занепокоєння,Помірна,Льон,5.31,Заблоковано
881.83,Просте,32.34,Невелике занепокоєння,Безпечний,Льон,0.81,Заблоковано
1011.45,Стандартне,40.69,Не охороняється,Помірна,Залізо,0.39,Заблоковано
973.15,Просте,66.26,Невелике занепокоєння,Безпечний,Залізо,3.91,Заблоковано
825.12,Стандартне,49.55,Невелике занепокоєння,Висока,Скло,9.97,Узгоджено
962.04,Стандартне,38.91,Невелике занепокоєння,Помірна,Залізо,3.57,Заблоковано
733.34,Стандартне,16.77,Вищий статус охорони,Помірна,Залізо,1.27,Узгоджено
924.57,Коштовне,33.4,Невелике занепокоєння,Висока,Льон,4.88,Заблоковано
985.58,Коштовне,47.66,Не охороняється,Помірна,Залізо,0.0,Заблоковано
921.51,Просте,62.01,Не охороняється,Безпечний,Поліпропілен,0.0,Узгоджено
1318.78,Просте,44.2,Невелике занепокоєння,Висока,Залізо,4.33,Заблоковано
665.08,Стандартне,48.88,Не охороняється,Безпечний,Залізо,3.28,Узгоджено
721.99,Просте,62.75,Не охороняється,Висока,Поліпропілен,0.05,Узгоджено
965.84,Просте,43.96,Не охороняється,Висока,Поліпропілен,4.01,Заблоковано
701.71,Просте,32.04,Невелике занепокоєння,Безпечний,Поліпропілен,0.96,Узгоджено
869.16,Коштовне,66.41,Невелике занепокоєння,Висока,Скло,3.79,Узгоджено
1003.12,Стандартне,37.04,Невелике занепокоєння,Безпечний,Залізо,2.07,Заблоковано
877.61,Коштовне,45.07,Невелике занепокоєння,Безпечний,Поліпропілен,0.0,Узгоджено
957.03,Просте,28.82,Невелике занепокоєння,Безпечний,Скло,3.26,Заблоковано
914.59,Стандартне,49.41,Вищий статус охорони,Помірна,Льон,5.93,Заблоковано
962.92,Стандартне,39.8,Невелике занепокоєння,Помірна,Поліпропілен,0.0,Заблоковано
623.52,Стандартне,38.61,Невелике занепокоєння,Помірна,Скло,2.18,Узгоджено
1016.37,Коштовне,77.6,Невелике занепокоєння,Помірна,Залізо,0.0,Заблоковано
953.22,Коштовне,34.01,Вищий статус охорони,Помірна,Скло,0.0,Заблоковано
872.67,Стандартне,16.1,Не охороняється,Помірна,Поліпропілен,1.75,Заблоковано
816.17,Коштовне,38.91,Невелике занепокоєння,Помірна,Скло,0.0,Узгоджено
712.29,Коштовне,45.19,Вищий статус охорони,Помірна,Поліпропілен,2.64,Узгоджено
554.27,Стандартне,40.95,Невелике занепокоєння,Безпечний,Скло,1.08,Узгоджено
587.55,Коштовне,53.76,Невелике занепокоєння,Безпечний,Скло,5.81,Узгоджено
1175.82,Коштовне,52.12,Невелике занепокоєння,Висока,Скло,2.28,Заблоковано
928.63,Просте,52.77,Не охороняється,Безпечний,Поліпропілен,0.5,Заблоковано
633.87,Коштовне,33.17,Вищий статус охорони,Безпечний,Залізо,6.73,Узгоджено
848.08,Коштовне,24.39,Невелике занепокоєння,Помірна,Льон,2.86,Заблоковано
704.68,Стандартне,33.77,Вищий статус охорони,Помірна,Залізо,2.58,Узгоджено
882.52,Просте,51.22,Невелике занепокоєння,Помірна,Льон,4.9,Узгоджено
814.65,Коштовне,53.25,Вищий статус охорони,Помірна,Льон,0.63,Узгоджено
1115.81,Стандартне,36.13,Вищий статус охорони,Помірна,Льон,4.33,Заблоковано
786.8,Стандартне,60.47,Вищий статус охорони,Безпечний,Залізо,3.08,Узгоджено
831.54,Просте,31.22,Невелике занепокоєння,Помірна,Поліпропілен,4.09,Узгоджено
899.99,Коштовне,47.0,Не охороняється,Висока,Скло,0.54,Заблоковано
815.86,Стандартне,42.99,Невелике занепокоєння,Безпечний,Скло,2.71,Узгоджено
853.05,Коштовне,51.92,Не охороняється,Висока,Льон,3.74,Узгоджено
793.58,Стандартне,29.23,Вищий статус охорони,Висока,Льон,2.52,Узгоджено
983.39,Стандартне,58.55,Не охороняється,Висока,Поліпропілен,1.77,Заблоковано
1091.82,Стандартне,33.87,Вищий статус охорони,Помірна,Поліпропілен,0.41,Заблоковано
940.68,Просте,38.45,Вищий статус охорони,Висока,Поліпропілен,0.0,Заблоковано
895.96,Коштовне,13.95,Вищий статус охорони,Висока,Залізо,2.18,Заблоковано
760.18,Просте,66.38,Вищий статус охорони,Висока,Поліпропілен,0.1,Узгоджено
1115.62,Просте,16.1,Вищий статус охорони,Висока,Льон,3.21,Заблоковано
748.66,Коштовне,56.44,Вищий статус охорони,Помірна,Льон,1.51,Узгоджено
596.37,Стандартне,38.68,Невелике занепокоєння,Помірна,Скло,5.88,Узгоджено
1351.77,Коштовне,54.04,Не охороняється,Безпечний,Поліпропілен,1.5,Заблоковано
940.61,Просте,43.77,Невелике занепокоєння,Помірна,Поліпропілен,3.58,Заблоковано
994.09,Стандартне,37.26,Невелике занепокоєння,Безпечний,Залізо,0.87,Заблоковано
830.39,Просте,40.74,Не охороняється,Безпечний,Поліпропілен,0.0,Узгоджено
990.73,Коштовне,37.52,Не охороняється,Помірна,Льон,4.47,Заблоковано
767.86,Просте,69.73,Вищий статус охорони,Помірна,Льон,3.7,Узгоджено
997.83,Просте,83.74,Вищий статус охорони,Висока,Льон,1.73,Узгоджено
882.52,Просте,46.96,Не охороняється,Висока,Поліпропілен,2.16,Узгоджено
1319.53,Коштовне,61.32,Вищий статус охорони,Помірна,Скло,4.16,Заблоковано
947.72,Коштовне,60.11,Вищий статус охорони,Помірна,Залізо,2.7,Заблоковано
580.0,Коштовне,61.13,Не охороняється,Висока,Льон,3.83,Узгоджено
611.87,Просте,49.51,Вищий статус охорони,Помірна,Поліпропілен,3.15,Узгоджено
895.55,Коштовне,63.98,Невелике занепокоєння,Безпечний,Поліпропілен,4.08,Узгоджено
612.31,Просте,58.76,Не охороняється,Висока,Льон,5.19,Узгоджено
774.17,Стандартне,17.52,Вищий статус охорони,Висока,Поліпропілен,5.84,Узгоджено
771.82,Стандартне,34.84,Невелике занепокоєння,Висока,Льон,5.99,Узгоджено
827.34,Просте,43.5,Вищий статус охорони,Безпечний,Скло,3.96,Узгоджено
966.65,Просте,23.92,Вищий статус охорони,Безпечний,Поліпропілен,1.08,Заблоковано
1114.17,Просте,41.37,Невелике занепокоєння,Безпечний,Скло,2.84,Заблоковано
835.46,Стандартне,36.83,Вищий статус охорони,Висока,Скло,6.36,Узгоджено
890.94,Просте,24.12,Вищий статус охорони,Висока,Залізо,1.66,Заблоковано
881.62,Стандартне,32.5,Не охороняється,Помірна,Залізо,1.57,Заблоковано
676.84,Стандартне,17.11,Вищий статус охорони,Помірна,Льон,4.44,Узгоджено
589.54,Просте,40.81,Невелике занепокоєння,Помірна,Поліпропілен,2.99,Узгоджено
914.07,Просте,63.75,Не охороняється,Безпечний,Льон,1.61,Узгоджено
1163.16,Коштовне,27.77,Не охороняється,Помірна,Залізо,0.71,Заблоковано
881.16,Стандартне,60.54,Невелике занепокоєння,Помірна,Льон,1.59,Узгоджено
807.49,Просте,23.23,Вищий статус охорони,Помірна,Скло,2.8,Узгоджено
849.79,Коштовне,46.12,Невелике занепокоєння,Помірна,Залізо,3.61,Узгоджено
1085.69,Стандартне,36.71,Не охороняється,Безпечний,Залізо,4.38,Заблоковано
812.54,Просте,39.02,Не охороняється,Помірна,Скло,4.35,Узгоджено
785.03,Стандартне,64.64,Не охороняється,Безпечний,Скло,0.96,Узгоджено
1082.56,Коштовне,23.18,Невелике занепокоєння,Безпечний,Скло,3.86,Заблоковано
1106.32,Стандартне,54.79,Вищий статус охорони,Помірна,Скло,0.0,Заблоковано
1414.04,Стандартне,60.02,Не охороняється,Безпечний,Залізо,4.26,Заблоковано
655.9,Коштовне,7.13,Не охороняється,Безпечний,Залізо,0.65,Узгоджено
1440.7,Коштовне,26.29,Вищий статус охорони,Безпечний,Поліпропілен,2.05,Заблоковано
704.56,Просте,41.01,Невелике занепокоєння,Висока,Скло,0.0,Узгоджено
1105.75,Стандартне,31.09,Невелике занепокоєння,Безпечний,Поліпропілен,0.82,Заблоковано
629.4,Стандартне,34.42,Не охороняється,Безпечний,Льон,0.83,Узгоджено
589.54,Стандартне,7.72,Невелике занепокоєння,Помірна,Залізо,1.47,Узгоджено
1127.04,Просте,53.57,Вищий статус охорони,Помірна,Льон,0.0,Заблоковано
865.52,Стандартне,44.78,Не охороняється,Безпечний,Поліпропілен,1.1,Узгоджено
1209.83,Просте,44.57,Не охороняється,Безпечний,Льон,1.34,Заблоковано
813.13,Стандартне,21.03,Невелике занепокоєння,Висока,Залізо,1.5,Узгоджено
849.34,Просте,48.59,Невелике занепокоєння,Висока,Залізо,0.0,Узгоджено
681.28,Коштовне,36.99,Невелике занепокоєння,Безпечний,Льон,3.64,Узгоджено
1142.71,Стандартне,38.65,Вищий статус охорони,Безпечний,Льон,7.52,Заблоковано
764.11,Просте,34.59,Вищий статус охорони,Висока,Скло,2.52,Узгоджено
919.73,Просте,51.07,Вищий статус охорони,Безпечний,Залізо,0.0,Заблоковано
881.83,Коштовне,35.48,Невелике занепокоєння,Помірна,Залізо,3.34,Заблоковано
746.58,Просте,34.86,Вищий статус охорони,Помірна,Залізо,4.07,Узгоджено
971.98,Просте,30.65,Не охороняється,Помірна,Залізо,0.0,Заблоковано
866.92,Просте,63.57,Вищий статус охорони,Висока,Скло,2.47,Узгоджено
761.78,Коштовне,7.81,Не охороняється,Безпечний,Льон,0.11,Узгоджено
891.35,Просте,62.99,Не охороняється,Безпечний,Поліпропілен,2.15,Узгоджено
1108.61,Стандартне,64.64,Не охороняється,Безпечний,Залізо,2.86,Заблоковано
1271.12,Стандартне,71.41,Не охороняється,Безпечний,Льон,6.76,Заблоковано
820.32,Просте,30.25,Вищий статус охорони,Помірна,Залізо,5.71,Узгоджено
995.3,Стандартне,27.22,Невелике занепокоєння,Помірна,Льон,4.55,Заблоковано
984.96,Стандартне,57.37,Невелике занепокоєння,Безпечний,Поліпропілен,2.11,Заблоковано
1026.06,Коштовне,62.25,Невелике занепокоєння,Висока,Льон,4.59,Заблоковано
1126.82,Просте,57.33,Невелике занепокоєння,Помірна,Поліпропілен,6.1,Заблоковано
700.29,Просте,39.19,Вищий статус охорони,Безпечний,Залізо,7.09,Узгоджено
908.68,Просте,28.78,Вищий статус охорони,Висока,Льон,3.65,Заблоковано
726.91,Стандартне,51.91,Вищий статус охорони,Безпечний,Залізо,0.43,Узгоджено
986.04,Коштовне,67.82,Не охороняється,Помірна,Льон,0.41,Заблоковано
949.52,Просте,31.01,Не охороняється,Помірна,Скло,1.81,Заблоковано
803.75,Просте,21.65,Невелике занепокоєння,Помірна,Скло,1.45,Узгоджено
694.51,Коштовне,58.4,Не охороняється,Помірна,Поліпропілен,1.77,Узгоджено
981.22,Коштовне,31.26,Вищий статус охорони,Висока,Поліпропілен,2.48,Заблоковано
835.54,Просте,74.21,Вищий статус охорони,Безпечний,Поліпропілен,0.0,Узгоджено
810.5,Коштовне,40.3,Вищий статус охорони,Безпечний,Залізо,2.1,Узгоджено
956.85,Коштовне,44.65,Невелике занепокоєння,Помірна,Поліпропілен,6.61,Заблоковано
910.82,Стандартне,42.54,Невелике занепокоєння,Висока,Залізо,0.0,Заблоковано
843.15,Просте,34.33,Вищий статус охорони,Висока,Поліпропілен,4.78,Узгоджено
542.98,Коштовне,43.42,Невелике занепокоєння,Висока,Залізо,2.44,Узгоджено
576.57,Коштовне,48.54,Не охороняється,Помірна,Скло,3.99,Узгоджено
932.99,Просте,24.53,Вищий статус охорони,Безпечний,Скло,0.44,Заблоковано
846.54,Просте,42.1,Невелике занепокоєння,Висока,Залізо,3.1,Узгоджено
638.66,Просте,43.41,Невелике занепокоєння,Безпечний,Льон,3.32,Узгоджено
786.84,Стандартне,53.28,Вищий статус охорони,Висока,Поліпропілен,3.9,Узгоджено
883.19,Просте,39.02,Вищий статус охорони,Висока,Скло,3.42,Заблоковано
832.69,Просте,58.04,Не охороняється,Помірна,Поліпропілен,5.37,Узгоджено
893.85,Коштовне,62.69,Вищий статус охорони,Помірна,Льон,1.98,Узгоджено
793.94,Просте,30.08,Невелике занепокоєння,Безпечний,Поліпропілен,1.9,Узгоджено
1318.78,Стандартне,67.89,Невелике занепокоєння,Помірна,Залізо,0.0,Заблоковано
890.17,Стандартне,45.82,Невелике занепокоєння,Безпечний,Льон,1.62,Узгоджено
756.21,Коштовне,60.69,Не охороняється,Висока,Скло,4.3,Узгоджено
1199.7,Стандартне,30.48,Невелике занепокоєння,Висока,Скло,1.65,Заблоковано
766.16,Коштовне,69.61,Невелике занепокоєння,Помірна,Льон,1.85,Узгоджено
703.3,Коштовне,27.37,Вищий статус охорони,Помірна,Скло,1.2,Узгоджено
841.33,Просте,48.63,Невелике занепокоєння,Помірна,Поліпропілен,2.62,Узгоджено
1149.97,Коштовне,20.39,Вищий статус охорони,Безпечний,Скло,3.95,Заблоковано
967.66,Коштовне,38.91,Вищий статус охорони,Помірна,Залізо,1.87,Заблоковано
1025.21,Стандартне,55.24,Вищий статус охорони,Висока,Поліпропілен,2.61,Заблоковано
850.08,Стандартне,56.2,Вищий статус охорони,Висока,Льон,1.05,Узгоджено
904.06,Просте,28.48,Вищий статус охорони,Безпечний,Поліпропілен,3.33,Заблоковано
624.59,Коштовне,42.77,Вищий статус охорони,Помірна,Залізо,6.06,Узгоджено
999.09,Коштовне,32.07,Невелике занепокоєння,Помірна,Залізо,3.18,Заблоковано
1054.39,Просте,36.99,Вищий статус охорони,Безпечний,Скло,0.0,Заблоковано
1315.37,Стандартне,52.54,Невелике занепокоєння,Помірна,Скло,3.21,Заблоковано
800.91,Просте,71.36,Невелике занепокоєння,Безпечний,Скло,1.73,Узгоджено
1060.27,Стандартне,35.48,Не охороняється,Безпечний,Поліпропілен,1.13,Заблоковано
717.51,Просте,55.55,Невелике занепокоєння,Висока,Скло,2.86,Узгоджено
1129.28,Стандартне,34.84,Не охороняється,Висока,Льон,2.96,Заблоковано
1048.05,Коштовне,55.47,Не охороняється,Висока,Залізо,4.01,Заблоковано
1023.01,Стандартне,36.92,Вищий статус охорони,Висока,Залізо,3.83,Заблоковано
729.57,Просте,39.76,Вищий статус охорони,Помірна,Поліпропілен,2.47,Узгоджено
805.21,Стандартне,58.94,Не охороняється,Висока,Залізо,7.14,Узгоджено
965.22,Просте,57.89,Вищий статус охорони,Помірна,Скло,5.33,Заблоковано
802.42,Стандартне,33.39,Вищий статус охорони,Помірна,Льон,0.97,Узгоджено
820.58,Просте,49.09,Не охороняється,Висока,Скло,2.43,Узгоджено
918.4,Просте,17.43,Вищий статус охорони,Безпечний,Поліпропілен,2.93,Заблоковано
954.3,Просте,54.06,Вищий статус охорони,Висока,Скло,4.75,Заблоковано
991.22,Коштовне,37.73,Вищий статус охорони,Помірна,Залізо,2.86,Заблоковано
859.88,Коштовне,50.54,Невелике занепокоєння,Помірна,Залізо,5.4,Узгоджено
907.63,Коштовне,35.03,Вищий статус охорони,Безпечний,Залізо,2.56,Заблоковано
643.04,Коштовне,14.46,Вищий статус охорони,Помірна,Скло,3.92,Узгоджено
1050.55,Стандартне,44.77,Вищий статус охорони,Помірна,Поліпропілен,3.42,Заблоковано
1023.38,Стандартне,64.7,Не охороняється,Висока,Льон,0.0,Заблоковано
997.52,Коштовне,77.07,Вищий статус охорони,Висока,Залізо,0.0,Заблоковано
701.71,Коштовне,28.18,Не охороняється,Висока,Поліпропілен,0.51,Узгоджено
914.69,Стандартне,38.04,Вищий статус охорони,Висока,Залізо,0.0,Заблоковано
799.24,Просте,49.49,Вищий статус охорони,Безпечний,Скло,1.15,Узгоджено
902.67,Коштовне,97.62,Не охороняється,Помірна,Скло,3.41,Узгоджено
679.92,Коштовне,18.53,Не охороняється,Висока,Льон,6.24,Узгоджено
1244.89,Стандартне,70.93,Невелике занепокоєння,Помірна,Льон,0.71,Заблоковано
980.03,Стандартне,37.55,Не охороняється,Безпечний,Залізо,3.71,Заблоковано
1187.91,Стандартне,49.23,Вищий статус охорони,Помірна,Залізо,4.25,Заблоковано
790.51,Стандартне,31.88,Не охороняється,Помірна,Льон,4.31,Узгоджено
635.3,Стандартне,65.07,Невелике занепокоєння,Безпечний,Залізо,3.61,Узгоджено
1500.8,Коштовне,74.53,Вищий статус охорони,Помірна,Скло,1.62,Заблоковано
832.69,Стандартне,38.11,Не охороняється,Висока,Скло,7.17,Узгоджено
890.35,Коштовне,28.1,Невелике занепокоєння,Безпечний,Льон,0.42,Заблоковано
740.43,Просте,36.53,Невелике занепокоєння,Помірна,Льон,0.0,Узгоджено
840.83,Коштовне,39.65,Невелике занепокоєння,Висока,Поліпропілен,2.33,Узгоджено
1026.63,Просте,23.02,Невелике занепокоєння,Висока,Залізо,4.31,Заблоковано
1044.84,Стандартне,70.81,Не охороняється,Помірна,Льон,4.05,Заблоковано
786.71,Коштовне,61.56,Не охороняється,Безпечний,Залізо,8.27,Узгоджено
904.06,Стандартне,49.94,Не охороняється,Помірна,Поліпропілен,6.3,Узгоджено
1063.73,Просте,64.11,Невелике занепокоєння,Безпечний,Льон,3.64,Заблоковано
473.49,Коштовне,63.98,Невелике занепокоєння,Висока,Льон,1.78,Узгоджено
681.37,Просте,37.27,Вищий статус охорони,Помірна,Залізо,0.85,Узгоджено
1194.63,Стандартне,27.31,Не охороняється,Помірна,Скло,1.16,Заблоковано
757.55,Коштовне,73.46,Вищий статус охорони,Безпечний,Залізо,4.47,Узгоджено
900.42,Просте,28.5,Вищий статус охорони,Безпечний,Скло,3.82,Заблоковано
1007.69,Коштовне,21.2,Невелике занепокоєння,Помірна,Льон,5.57,Заблоковано
1076.98,Просте,19.98,Не охороняється,Безпечний,Поліпропілен,0.0,Заблоковано
863.65,Стандартне,49.01,Вищий статус охорони,Безпечний,Залізо,0.97,Узгоджено
849.34,Коштовне,38.83,Невелике занепокоєння,Помірна,Скло,5.07,Узгоджено
786.13,Коштовне,32.45,Вищий статус охорони,Помірна,Льон,8.77,Узгоджено
972.05,Стандартне,61.62,Вищий статус охорони,Безпечний,Скло,0.08,Заблоковано
773.61,Стандартне,38.1,Невелике занепокоєння,Помірна,Скло,3.0,Узгоджено
909.14,Стандартне,66.23,Вищий статус охорони,Висока,Залізо,1.81,Узгоджено
1211.34,Стандартне,28.96,Вищий статус охорони,Безпечний,Залізо,0.0,Заблоковано
932.05,Стандартне,49.09,Вищий статус охорони,Безпечний,Скло,2.7,Заблоковано
861.06,Коштовне,47.09,Не охороняється,Помірна,Льон,3.13,Узгоджено
974.79,Стандартне,34.94,Не охороняється,Помірна,Залізо,1.81,Заблоковано
1147.13,Стандартне,12.09,Невелике занепокоєння,Висока,Залізо,4.85,Заблоковано
1134.31,Стандартне,28.0,Не охороняється,Помірна,Поліпропілен,3.35,Заблоковано
1308.42,Просте,63.36,Не охороняється,Помірна,Залізо,0.0,Заблоковано
961.18,Просте,53.52,Вищий статус охорони,Висока,Залізо,3.89,Заблоковано
828.17,Просте,39.55,Невелике занепокоєння,Безпечний,Скло,0.72,Узгоджено
1166.15,Стандартне,51.67,Вищий статус охорони,Безпечний,Поліпропілен,4.11,Заблоковано
980.31,Коштовне,44.65,Невелике занепокоєння,Помірна,Льон,3.68,Заблоковано
975.48,Коштовне,53.36,Невелике занепокоєння,Помірна,Скло,2.96,Заблоковано
874.8,Просте,53.56,Невелике занепокоєння,Висока,Поліпропілен,5.32,Узгоджено
778.95,Просте,28.32,Вищий статус охорони,Висока,Залізо,0.85,Узгоджено
765.7,Коштовне,49.16,Невелике занепокоєння,Висока,Залізо,3.24,Узгоджено
875.35,Коштовне,59.99,Невелике занепокоєння,Помірна,Поліпропілен,3.07,Узгоджено
656.5,Стандартне,56.25,Вищий статус охорони,Безпечний,Скло,0.0,Узгоджено
688.48,Стандартне,51.93,Не охороняється,Висока,Льон,4.45,Узгоджено
1092.55,Стандартне,45.0,Вищий статус охорони,Висока,Залізо,0.0,Заблоковано
1041.12,Стандартне,46.46,Не охороняється,Висока,Залізо,3.29,Заблоковано
602.5,Коштовне,29.09,Невелике занепокоєння,Помірна,Льон,3.93,Узгоджено
856.29,Стандартне,70.81,Вищий статус охорони,Висока,Льон,1.29,Узгоджено
1069.52,Коштовне,50.25,Вищий статус охорони,Безпечний,Залізо,0.0,Заблоковано
914.47,Стандартне,49.3,Вищий статус охорони,Помірна,Скло,2.59,Заблоковано
614.59,Стандартне,17.64,Не охороняється,Помірна,Скло,3.21,Узгоджено
1155.55,Коштовне,6.88,Невелике занепокоєння,Безпечний,Поліпропілен,3.09,Заблоковано
1369.15,Стандартне,40.0,Вищий статус охорони,Безпечний,Скло,0.0,Заблоковано
931.47,Коштовне,46.28,Вищий статус охорони,Висока,Поліпропілен,2.25,Заблоковано
967.76,Просте,45.37,Невелике занепокоєння,Безпечний,Залізо,1.56,Заблоковано
790.51,Просте,26.95,Не охороняється,Безпечний,Залізо,3.0,Узгоджено
1310.82,Коштовне,33.3,Невелике занепокоєння,Помірна,Скло,1.85,Заблоковано
858.23,Коштовне,52.6,Не охороняється,Висока,Поліпропілен,3.01,Узгоджено
1021.61,Просте,50.82,Вищий статус охорони,Безпечний,Поліпропілен,1.4,Заблоковано
824.96,Коштовне,66.41,Невелике занепокоєння,Помірна,Залізо,0.36,Узгоджено
910.37,Стандартне,36.51,Невелике занепокоєння,Безпечний,Поліпропілен,4.93,Заблоковано
731.07,Стандартне,46.25,Вищий статус охорони,Помірна,Поліпропілен,3.71,Узгоджено
743.27,Коштовне,38.59,Не охороняється,Безпечний,Льон,1.61,Узгоджено
875.02,Просте,25.46,Невелике занепокоєння,Помірна,Льон,3.5,Заблоковано
950.34,Просте,46.47,Невелике занепокоєння,Висока,Скло,0.0,Заблоковано
765.05,Стандартне,55.78,Вищий статус охорони,Безпечний,Поліпропілен,3.47,Узгоджено
917.8,Коштовне,52.56,Вищий статус охорони,Висока,Поліпропілен,1.82,Узгоджено
793.21,Коштовне,31.33,Не охороняється,Помірна,Залізо,1.12,Узгоджено
1012.7,Коштовне,79.0,Вищий статус охорони,Безпечний,Залізо,1.22,Заблоковано
974.79,Коштовне,39.57,Вищий статус охорони,Безпечний,Скло,0.21,Заблоковано
847.9,Просте,38.36,Невелике занепокоєння,Безпечний,Залізо,4.64,Узгоджено
973.98,Просте,58.48,Вищий статус охорони,Безпечний,Льон,5.24,Заблоковано
850.43,Просте,42.57,Невелике занепокоєння,Висока,Скло,1.02,Узгоджено
1230.6,Просте,67.89,Не охороняється,Висока,Залізо,1.53,Заблоковано
805.7,Просте,55.36,Не охороняється,Висока,Льон,1.26,Узгоджено
1039.44,Просте,50.87,Невелике занепокоєння,Помірна,Поліпропілен,0.03,Заблоковано
1083.25,Просте,42.92,Невелике занепокоєння,Висока,Поліпропілен,2.73,Заблоковано
890.02,Коштовне,25.46,Не охороняється,Помірна,Залізо,2.94,Заблоковано
957.03,Стандартне,35.5,Вищий статус охорони,Безпечний,Льон,0.83,Заблоковано
924.87,Стандартне,12.46,Не охороняється,Висока,Скло,3.73,Заблоковано
631.4,Просте,42.09,Не охороняється,Безпечний,Льон,3.37,Узгоджено
902.67,Стандартне,51.71,Невелике занепокоєння,Висока,Поліпропілен,0.0,Узгоджено
784.0,Коштовне,51.9,Невелике занепокоєння,Висока,Поліпропілен,0.0,Узгоджено
905.64,Стандартне,27.66,Не охороняється,Безпечний,Льон,2.69,Заблоковано
1110.31,Стандартне,61.0,Не охороняється,Висока,Льон,2.4,Заблоковано
1117.73,Стандартне,55.55,Не охороняється,Помірна,Поліпропілен,0.0,Заблоковано
673.41,Коштовне,12.09,Невелике занепокоєння,Безпечний,Поліпропілен,0.5,Узгоджено
718.98,Стандартне,41.9,Не охороняється,Висока,Льон,0.31,Узгоджено
612.31,Стандартне,52.68,Невелике занепокоєння,Безпечний,Льон,4.1,Узгоджено
1142.91,Просте,68.67,Вищий статус охорони,Помірна,Скло,1.01,Заблоковано
723.77,Просте,101.55,Не охороняється,Безпечний,Поліпропілен,2.82,Узгоджено
1216.03,Коштовне,53.13,Не охороняється,Безпечний,Поліпропілен,2.56,Заблоковано
1046.94,Стандартне,43.89,Невелике занепокоєння,Помірна,Залізо,0.78,Заблоковано
851.86,Коштовне,54.46,Невелике занепокоєння,Висока,Поліпропілен,4.4,Узгоджено
1101.31,Коштовне,37.75,Невелике занепокоєння,Безпечний,Скло,1.67,Заблоковано
542.98,Коштовне,49.98,Не охороняється,Безпечний,Льон,1.38,Узгоджено
794.09,Стандартне,35.7,Вищий статус охорони,Помірна,Скло,1.02,Узгоджено
446.4,Коштовне,54.77,Не охороняється,Безпечний,Льон,5.53,Узгоджено
1193.89,Просте,35.47,Не охороняється,Висока,Поліпропілен,3.22,Заблоковано
841.83,Стандартне,44.51,Невелике занепокоєння,Помірна,Льон,2.47,Узгоджено
783.01,Стандартне,53.94,Невелике занепокоєння,Помірна,Поліпропілен,2.5,Узгоджено
847.81,Стандартне,40.57,Вищий статус охорони,Висока,Поліпропілен,4.84,Узгоджено
555.94,Стандартне,25.09,Невелике занепокоєння,Висока,Льон,0.98,Узгоджено
829.49,Коштовне,29.6,Не охороняється,Висока,Залізо,0.96,Узгоджено
1062.22,Коштовне,73.09,Не охороняється,Помірна,Скло,2.87,Заблоковано
586.82,Просте,60.35,Невелике занепокоєння,Помірна,Поліпропілен,0.49,Узгоджено
1177.32,Стандартне,50.87,Вищий статус охорони,Помірна,Льон,2.13,Заблоковано
756.45,Коштовне,17.43,Невелике занепокоєння,Безпечний,Залізо,0.56,Узгоджено
836.23,Стандартне,31.47,Невелике занепокоєння,Помірна,Поліпропілен,3.81,Узгоджено
1034.41,Просте,27.93,Невелике занепокоєння,Помірна,Скло,0.0,Заблоковано
709.27,Просте,63.2,Невелике занепокоєння,Висока,Поліпропілен,1.68,Узгоджено
993.4,Коштовне,44.09,Не охороняється,Помірна,Скло,3.84,Заблоковано
906.53,Коштовне,29.73,Невелике занепокоєння,Помірна,Поліпропілен,0.0,Заблоковано
570.77,Стандартне,56.38,Вищий статус охорони,Безпечний,Залізо,3.1,Узгоджено
762.31,Просте,48.88,Невелике занепокоєння,Висока,Залізо,4.92,Узгоджено
830.15,Коштовне,56.83,Невелике занепокоєння,Безпечний,Залізо,7.09,Узгоджено
1105.03,Коштовне,52.68,Не охороняється,Помірна,Залізо,2.93,Заблоковано
787.0,Стандартне,41.37,Невелике занепокоєння,Висока,Льон,2.86,Узгоджено
864.63,Стандартне,35.7,Вищий статус охорони,Безпечний,Скло,1.7,Узгоджено
831.73,Просте,71.76,Не охороняється,Висока,Льон,3.86,Узгоджено
823.11,Просте,35.7,Вищий статус охорони,Висока,Залізо,3.74,Узгоджено
776.16,Просте,43.97,Невелике занепокоєння,Помірна,Скло,0.0,Узгоджено
864.4,Стандартне,45.39,Невелике занепокоєння,Висока,Залізо,0.91,Узгоджено
793.58,Коштовне,44.88,Вищий статус охорони,Помірна,Скло,4.32,Узгоджено
778.95,Коштовне,44.81,Не охороняється,Помірна,Залізо,3.45,Узгоджено
988.69,Просте,56.41,Невелике занепокоєння,Безпечний,Залізо,2.07,Заблоковано
725.47,Стандартне,15.01,Невелике занепокоєння,Безпечний,Поліпропілен,2.1,Узгоджено
654.1,Просте,47.6,Не охороняється,Помірна,Льон,0.16,Узгоджено
1016.92,Коштовне,29.85,Вищий статус охорони,Безпечний,Поліпропілен,4.05,Заблоковано
692.73,Просте,53.64,Вищий статус охорони,Помірна,Поліпропілен,2.95,Узгоджено
713.38,Стандартне,18.27,Не охороняється,Помірна,Залізо,0.0,Узгоджено
842.89,Коштовне,58.96,Не охороняється,Безпечний,Скло,2.36,Узгоджено
1143.94,Просте,65.23,Не охороняється,Безпечний,Скло,2.5,Заблоковано
825.9,Коштовне,38.58,Вищий статус охорони,Висока,Поліпропілен,5.1,Узгоджено
942.25,Стандартне,50.87,Невелике занепокоєння,Помірна,Скло,0.73,Заблоковано
1211.72,Коштовне,59.95,Не охороняється,Висока,Залізо,0.69,Заблоковано
1134.66,Стандартне,46.81,Не охороняється,Безпечний,Залізо,1.91,Заблоковано
1067.42,Стандартне,67.78,Невелике занепокоєння,Безпечний,Поліпропілен,1.67,Заблоковано
928.79,Просте,33.75,Невелике занепокоєння,Безпечний,Льон,0.0,Заблоковано
790.71,Коштовне,54.81,Не охороняється,Помірна,Скло,3.17,Узгоджено
935.2,Стандартне,44.03,Невелике занепокоєння,Помірна,Поліпропілен,4.24,Заблоковано
576.25,Стандартне,62.27,Невелике занепокоєння,Безпечний,Залізо,3.25,Узгоджено
883.92,Стандартне,33.15,Вищий статус охорони,Висока,Льон,1.27,Заблоковано
739.01,Стандартне,12.09,Не охороняється,Помірна,Поліпропілен,3.99,Узгоджено
708.45,Стандартне,73.96,Невелике занепокоєння,Висока,Льон,2.77,Узгоджено
1101.03,Коштовне,42.79,Вищий статус охорони,Помірна,Поліпропілен,1.21,Заблоковано
956.68,Стандартне,71.57,Вищий статус охорони,Висока,Скло,1.8,Узгоджено
1109.08,Просте,59.0,Невелике занепокоєння,Висока,Скло,1.03,Заблоковано
1056.54,Просте,49.54,Невелике занепокоєння,Помірна,Залізо,6.38,Заблоковано
707.76,Стандартне,60.15,Не охороняється,Безпечний,Льон,4.89,Узгоджено
701.45,Просте,66.12,Невелике занепокоєння,Помірна,Льон,0.0,Узгоджено
789.77,Стандартне,35.97,Не охороняється,Помірна,Поліпропілен,4.09,Узгоджено
862.47,Стандартне,51.95,Невелике занепокоєння,Безпечний,Поліпропілен,0.47,Узгоджено
999.59,Просте,41.4,Вищий статус охорони,Помірна,Скло,0.47,Заблоковано
528.63,Коштовне,56.64,Не охороняється,Помірна,Залізо,5.03,Узгоджено
906.45,Коштовне,55.43,Вищий статус охорони,Помірна,Льон,5.07,Узгоджено
733.46,Стандартне,55.67,Вищий статус охорони,Висока,Скло,0.96,Узгоджено
1087.69,Коштовне,49.51,Невелике занепокоєння,Помірна,Залізо,1.74,Заблоковано
904.52,Коштовне,38.76,Невелике занепокоєння,Безпечний,Льон,4.7,Заблоковано
773.63,Просте,35.65,Вищий статус охорони,Помірна,Поліпропілен,0.49,Узгоджено
689.79,Коштовне,27.2,Не охороняється,Помірна,Скло,0.08,Узгоджено
1179.18,Просте,40.02,Невелике занепокоєння,Помірна,Залізо,0.0,Заблоковано
799.53,Коштовне,64.17,Вищий статус охорони,Помірна,Залізо,1.53,Узгоджено
1137.69,Коштовне,16.82,Невелике занепокоєння,Безпечний,Поліпропілен,3.62,Заблоковано
1414.82,Коштовне,31.67,Вищий статус охорони,Помірна,Залізо,0.0,Заблоковано
1090.46,Стандартне,79.94,Невелике занепокоєння,Висока,Скло,3.8,Заблоковано
773.63,Коштовне,41.89,Не охороняється,Безпечний,Поліпропілен,2.37,Узгоджено
730.48,Коштовне,28.7,Вищий статус охорони,Помірна,Залізо,0.0,Узгоджено
731.78,Стандартне,35.82,Невелике занепокоєння,Помірна,Поліпропілен,0.0,Узгоджено
856.96,Стандартне,61.85,Вищий статус охорони,Помірна,Скло,3.68,Узгоджено
1309.88,Просте,52.31,Не охороняється,Безпечний,Залізо,3.71,Заблоковано
1277.93,Стандартне,54.34,Не охороняється,Помірна,Льон,4.43,Заблоковано
946.17,Просте,40.54,Не охороняється,Безпечний,Льон,1.62,Заблоковано
813.19,Коштовне,30.13,Невелике занепокоєння,Висока,Скло,0.0,Узгоджено
856.96,Стандартне,38.61,Вищий статус охорони,Безпечний,Залізо,5.01,Узгоджено
1035.22,Коштовне,27.17,Вищий статус охорони,Висока,Поліпропілен,0.0,Заблоковано
990.02,Коштовне,52.33,Невелике занепокоєння,Висока,Залізо,2.3,Заблоковано
1067.62,Стандартне,33.05,Не охороняється,Помірна,Скло,3.72,Заблоковано
1255.09,Просте,34.43,Вищий статус охорони,Помірна,Поліпропілен,3.8,Заблоковано
989.16,Коштовне,21.61,Вищий статус охорони,Висока,Льон,2.38,Заблоковано
915.49,Коштовне,43.64,Невелике занепокоєння,Помірна,Поліпропілен,3.65,Заблоковано
814.45,Стандартне,43.13,Вищий статус охорони,Помірна,Льон,0.36,Узгоджено
877.46,Стандартне,44.29,Вищий статус охорони,Безпечний,Льон,1.51,Узгоджено
974.99,Коштовне,43.56,Вищий статус охорони,Безпечний,Льон,0.22,Заблоковано
1107.83,Просте,47.61,Не охороняється,Помірна,Скло,3.53,Заблоковано
1379.21,Стандартне,43.29,Не охороняється,Помірна,Поліпропілен,3.92,Заблоковано
812.01,Стандартне,61.98,Невелике занепокоєння,Безпечний,Льон,2.91,Узгоджено
982.72,Просте,64.62,Вищий статус охорони,Висока,Скло,0.0,Заблоковано
803.14,Коштовне,37.28,Невелике занепокоєння,Безпечний,Залізо,4.26,Узгоджено
1402.22,Стандартне,56.66,Не охороняється,Безпечний,Льон,3.22,Заблоковано
897.91,Коштовне,60.45,Невелике занепокоєння,Помірна,Поліпропілен,4.13,Узгоджено
1087.25,Стандартне,48.79,Невелике занепокоєння,Безпечний,Скло,0.0,Заблоковано
703.26,Коштовне,62.38,Вищий статус охорони,Висока,Льон,0.78,Узгоджено
1243.75,Просте,29.76,Вищий статус охорони,Висока,Залізо,3.1,Заблоковано
958.04,Коштовне,52.01,Вищий статус охорони,Висока,Залізо,2.07,Заблоковано
1023.76,Стандартне,15.07,Невелике занепокоєння,Помірна,Льон,5.56,Заблоковано
627.03,Коштовне,40.12,Невелике занепокоєння,Безпечний,Скло,2.13,Узгоджено
962.03,Коштовне,49.54,Невелике занепокоєння,Висока,Льон,0.69,Заблоковано
803.8,Коштовне,45.28,Вищий статус охорони,Висока,Льон,1.86,Узгоджено
951.42,Стандартне,64.7,Невелике занепокоєння,Висока,Льон,3.27,Узгоджено
865.19,Стандартне,73.16,Невелике занепокоєння,Безпечний,Скло,1.42,Узгоджено
1053.47,Просте,85.46,Вищий статус охорони,Висока,Скло,0.89,Заблоковано
1018.9,Стандартне,35.36,Невелике занепокоєння,Помірна,Льон,0.0,Заблоковано
674.15,Коштовне,32.74,Не охороняється,Помірна,Поліпропілен,3.5,Узгоджено
818.63,Просте,57.89,Вищий статус охорони,Безпечний,Залізо,3.21,Узгоджено
1088.5,Коштовне,53.03,Не охороняється,Безпечний,Скло,1.45,Заблоковано
985.96,Стандартне,55.98,Невелике занепокоєння,Помірна,Залізо,3.74,Заблоковано
1034.3,Коштовне,59.08,Невелике занепокоєння,Помірна,Скло,3.85,Заблоковано
960.24,Стандартне,55.81,Не охороняється,Висока,Льон,1.69,Заблоковано
645.05,Коштовне,22.49,Не охороняється,Безпечний,Залізо,1.78,Узгоджено
834.45,Просте,34.85,Вищий статус охорони,Висока,Поліпропілен,0.43,Узгоджено
937.05,Просте,29.33,Не охороняється,Висока,Скло,0.29,Заблоковано
804.9,Просте,38.91,Не охороняється,Висока,Льон,1.96,Узгоджено
770.12,Стандартне,79.79,Вищий статус охорони,Безпечний,Льон,6.21,Узгоджено
1177.79,Стандартне,37.32,Невелике занепокоєння,Висока,Залізо,0.96,Заблоковано
930.29,Просте,39.95,Невелике занепокоєння,Висока,Поліпропілен,0.03,Заблоковано
692.37,Стандартне,69.33,Невелике занепокоєння,Помірна,Льон,7.39,Узгоджено
1104.08,Коштовне,35.1,Вищий статус охорони,Помірна,Скло,0.0,Заблоковано
1155.57,Коштовне,6.37,Невелике занепокоєння,Помірна,Поліпропілен,3.4,Заблоковано
831.25,Просте,69.72,Вищий статус охорони,Безпечний,Залізо,2.27,Узгоджено
673.12,Коштовне,42.99,Невелике занепокоєння,Помірна,Поліпропілен,2.51,Узгоджено
572.04,Просте,33.55,Не охороняється,Безпечний,Скло,7.17,Узгоджено
1042.96,Просте,67.28,Вищий статус охорони,Висока,Скло,0.54,Заблоковано
577.78,Стандартне,46.46,Вищий статус охорони,Безпечний,Льон,1.09,Узгоджено
657.57,Коштовне,34.11,Не охороняється,Висока,Скло,6.65,Узгоджено
819.67,Стандартне,37.92,Не охороняється,Безпечний,Льон,2.59,Узгоджено
1234.24,Просте,33.2,Вищий статус охорони,Безпечний,Скло,5.95,Заблоковано
763.0,Стандартне,26.56,Не охороняється,Безпечний,Скло,1.38,Узгоджено
793.64,Стандартне,54.74,Невелике занепокоєння,Безпечний,Скло,2.04,Узгоджено
819.66,Коштовне,38.53,Не охороняється,Висока,Залізо,3.82,Узгоджено
628.59,Стандартне,30.35,Невелике занепокоєння,Помірна,Льон,0.49,Узгоджено
851.05,Стандартне,35.24,Невелике занепокоєння,Безпечний,Поліпропілен,3.04,Узгоджено
772.61,Просте,67.56,Не охороняється,Безпечний,Льон,6.58,Узгоджено
928.62,Просте,43.41,Не охороняється,Безпечний,Льон,5.28,Заблоковано
799.83,Коштовне,35.1,Невелике занепокоєння,Помірна,Скло,3.75,Узгоджено
717.01,Просте,61.31,Вищий статус охорони,Помірна,Льон,4.43,Узгоджено
1203.8,Просте,51.77,Невелике занепокоєння,Висока,Залізо,3.42,Заблоковано
682.42,Стандартне,41.25,Невелике занепокоєння,Безпечний,Поліпропілен,2.6,Узгоджено
875.84,Просте,53.4,Вищий статус охорони,Висока,Скло,3.39,Узгоджено
1108.61,Коштовне,39.6,Не охороняється,Безпечний,Залізо,1.55,Заблоковано
814.65,Стандартне,6.75,Не охороняється,Висока,Залізо,0.86,Заблоковано
997.78,Просте,34.31,Вищий статус охорони,Висока,Поліпропілен,1.56,Заблоковано
778.95,Стандартне,44.79,Невелике занепокоєння,Помірна,Залізо,3.68,Узгоджено
1191.43,Просте,50.3,Не охороняється,Висока,Поліпропілен,4.32,Заблоковано
756.33,Просте,46.03,Невелике занепокоєння,Висока,Залізо,3.03,Узгоджено
702.99,Коштовне,40.95,Невелике занепокоєння,Помірна,Льон,2.72,Узгоджено
869.06,Стандартне,53.95,Вищий статус охорони,Помірна,Льон,3.38,Узгоджено
1080.91,Просте,40.58,Невелике занепокоєння,Висока,Скло,5.09,Заблоковано
997.22,Просте,26.95,Не охороняється,Помірна,Поліпропілен,1.75,Заблоковано
938.21,Коштовне,39.89,Вищий статус охорони,Помірна,Скло,1.52,Заблоковано
985.96,Стандартне,55.18,Не охороняється,Безпечний,Льон,2.2,Заблоковано
608.57,Коштовне,44.02,Невелике занепокоєння,Помірна,Скло,2.76,Узгоджено
895.05,Коштовне,51.31,Не охороняється,Помірна,Скло,6.61,Узгоджено
654.03,Просте,79.66,Невелике занепокоєння,Висока,Льон,1.79,Узгоджено
1007.26,Коштовне,13.53,Вищий статус охорони,Безпечний,Льон,3.14,Заблоковано
918.22,Стандартне,41.36,Невелике занепокоєння,Висока,Льон,2.6,Заблоковано
1367.17,Коштовне,62.97,Невелике занепокоєння,Безпечний,Поліпропілен,0.67,Заблоковано
1021.28,Просте,51.1,Вищий статус охорони,Помірна,Поліпропілен,5.76,Заблоковано
844.74,Коштовне,40.12,Невелике занепокоєння,Безпечний,Скло,2.63,Узгоджено
744.54,Стандартне,57.33,Вищий статус охорони,Безпечний,Залізо,3.36,Узгоджено
666.4,Коштовне,97.62,Вищий статус охорони,Помірна,Скло,0.66,Узгоджено
986.96,Просте,69.66,Вищий статус охорони,Безпечний,Поліпропілен,2.08,Заблоковано
973.15,Стандартне,29.9,Вищий статус охорони,Безпечний,Поліпропілен,3.83,Заблоковано
636.44,Коштовне,59.19,Невелике занепокоєння,Висока,Льон,1.7,Узгоджено
1015.69,Стандартне,16.1,Невелике занепокоєння,Помірна,Залізо,5.0,Заблоковано
643.35,Коштовне,35.5,Невелике занепокоєння,Помірна,Поліпропілен,2.36,Узгоджено
576.25,Просте,77.63,Невелике занепокоєння,Висока,Залізо,5.05,Узгоджено
925.89,Коштовне,82.03,Вищий статус охорони,Висока,Льон,2.82,Узгоджено
798.41,Стандартне,41.44,Невелике занепокоєння,Висока,Скло,3.98,Узгоджено
681.71,Просте,67.56,Не охороняється,Безпечний,Скло,2.33,Узгоджено
942.56,Коштовне,35.8,Не охороняється,Безпечний,Поліпропілен,2.1,Заблоковано
565.59,Стандартне,59.87,Не охороняється,Висока,Залізо,4.39,Узгоджено
837.67,Просте,34.6,Вищий статус охорони,Висока,Поліпропілен,3.0,Узгоджено
737.27,Просте,50.62,Не охороняється,Безпечний,Поліпропілен,0.0,Узгоджено
735.98,Стандартне,25.62,Вищий статус охорони,Висока,Поліпропілен,0.12,Узгоджено
736.51,Просте,42.98,Не охороняється,Висока,Поліпропілен,0.0,Узгоджено
1025.86,Просте,17.72,Вищий статус охорони,Помірна,Льон,4.05,Заблоковано
817.0,Просте,30.59,Невелике занепокоєння,Помірна,Поліпропілен,2.09,Узгоджено
940.08,Коштовне,53.92,Вищий статус охорони,Помірна,Поліпропілен,3.65,Заблоковано
852.53,Коштовне,65.2,Невелике занепокоєння,Помірна,Скло,1.35,Узгоджено
894.04,Коштовне,37.16,Не охороняється,Помірна,Залізо,4.0,Заблоковано
851.66,Просте,45.34,Невелике занепокоєння,Безпечний,Поліпропілен,1.53,Узгоджено
1196.88,Стандартне,54.03,Невелике занепокоєння,Помірна,Льон,6.26,Заблоковано
848.25,Просте,45.65,Невелике занепокоєння,Безпечний,Поліпропілен,1.29,Узгоджено
1049.96,Стандартне,47.06,Вищий статус охорони,Помірна,Льон,2.07,Заблоковано
882.52,Коштовне,27.82,Невелике занепокоєння,Помірна,Залізо,1.51,Заблоковано
847.2,Стандартне,61.35,Невелике занепокоєння,Помірна,Залізо,5.14,Узгоджено
862.47,Стандартне,49.26,Вищий статус охорони,Висока,Скло,0.0,Узгоджено
547.58,Просте,52.21,Вищий статус охорони,Висока,Залізо,4.47,Узгоджено
926.27,Просте,73.33,Не охороняється,Помірна,Поліпропілен,4.08,Узгоджено
473.51,Стандартне,54.96,Не охороняється,Помірна,Льон,1.75,Узгоджено
957.07,Просте,37.2,Не охороняється,Помірна,Залізо,4.17,Заблоковано
744.49,Просте,37.56,Не охороняється,Помірна,Льон,1.83,Узгоджено
891.39,Просте,52.32,Невелике занепокоєння,Помірна,Скло,0.0,Узгоджено
764.52,Коштовне,60.52,Вищий статус охорони,Висока,Залізо,2.35,Узгоджено
703.3,Стандартне,54.74,Вищий статус охорони,Помірна,Залізо,1.72,Узгоджено
960.03,Стандартне,39.1,Вищий статус охорони,Безпечний,Поліпропілен,1.81,Заблоковано
1086.6,Стандартне,30.25,Вищий статус охорони,Безпечний,Льон,5.33,Заблоковано
1132.41,Коштовне,40.46,Не охороняється,Висока,Льон,3.58,Заблоковано
525.51,Просте,19.16,Вищий статус охорони,Безпечний,Поліпропілен,2.51,Узгоджено
1005.56,Стандартне,53.57,Невелике занепокоєння,Помірна,Скло,0.77,Заблоковано
657.81,Стандартне,28.08,Вищий статус охорони,Безпечний,Залізо,3.18,Узгоджено
653.08,Стандартне,52.5,Невелике занепокоєння,Помірна,Льон,5.19,Узгоджено
891.32,Коштовне,44.63,Вищий статус охорони,Безпечний,Поліпропілен,3.76,Узгоджено
801.13,Просте,52.27,Вищий статус охорони,Помірна,Поліпропілен,3.26,Узгоджено
754.39,Просте,54.56,Невелике занепокоєння,Безпечний,Льон,4.06,Узгоджено
562.26,Коштовне,40.4,Не охороняється,Безпечний,Залізо,5.26,Узгоджено
1029.21,Просте,61.99,Вищий статус охорони,Висока,Льон,4.71,Заблоковано
889.52,Коштовне,54.17,Вищий статус охорони,Висока,Поліпропілен,1.13,Узгоджено
612.31,Просте,45.13,Вищий статус охорони,Помірна,Поліпропілен,2.04,Узгоджено
1113.16,Просте,59.19,Не охороняється,Безпечний,Льон,3.55,Заблоковано
774.81,Просте,59.4,Не охороняється,Висока,Залізо,2.61,Узгоджено
1004.02,Коштовне,16.1,Не охороняється,Висока,Скло,1.49,Заблоковано
817.61,Коштовне,63.27,Невелике занепокоєння,Висока,Залізо,0.0,Узгоджено
760.08,Просте,36.65,Невелике занепокоєння,Помірна,Льон,0.46,Узгоджено
797.78,Просте,57.18,Вищий статус охорони,Висока,Льон,1.83,Узгоджено
840.81,Стандартне,70.62,Невелике занепокоєння,Висока,Поліпропілен,4.01,Узгоджено
491.05,Стандартне,45.7,Невелике занепокоєння,Висока,Скло,0.0,Узгоджено
1040.91,Коштовне,31.28,Вищий статус охорони,Безпечний,Льон,3.8,Заблоковано
901.21,Коштовне,73.29,Невелике занепокоєння,Висока,Поліпропілен,0.74,Узгоджено
910.27,Стандартне,45.65,Невелике занепокоєння,Помірна,Льон,1.78,Заблоковано
910.89,Просте,24.53,Не охороняється,Висока,Скло,0.89,Заблоковано
790.35,Стандартне,23.07,Невелике занепокоєння,Висока,Залізо,2.53,Узгоджено
848.08,Стандартне,51.99,Невелике занепокоєння,Висока,Льон,3.29,Узгоджено
776.86,Коштовне,34.78,Вищий статус охорони,Помірна,Залізо,1.53,Узгоджено
823.14,Просте,47.97,Вищий статус охорони,Безпечний,Льон,3.42,Узгоджено
693.85,Стандартне,35.02,Не охороняється,Помірна,Льон,1.11,Узгоджено
634.54,Просте,45.78,Невелике занепокоєння,Висока,Залізо,4.29,Узгоджено
829.58,Просте,49.96,Вищий статус охорони,Безпечний,Льон,0.97,Узгоджено
1045.58,Коштовне,39.78,Не охороняється,Помірна,Льон,0.54,Заблоковано
836.75,Стандартне,40.46,Вищий статус охорони,Безпечний,Залізо,1.04,Узгоджено
890.94,Стандартне,31.01,Вищий статус охорони,Висока,Льон,1.57,Заблоковано
737.31,Просте,26.55,Вищий статус охорони,Безпечний,Льон,4.46,Узгоджено
647.11,Коштовне,18.47,Не охороняється,Висока,Залізо,1.11,Узгоджено
850.52,Стандартне,25.49,Не охороняється,Висока,Поліпропілен,0.0,Заблоковано
899.69,Просте,38.57,Не охороняється,Висока,Скло,2.62,Заблоковано
689.63,Стандартне,36.94,Не охороняється,Безпечний,Залізо,2.86,Узгоджено
778.14,Стандартне,32.26,Вищий статус охорони,Висока,Поліпропілен,0.0,Узгоджено
735.83,Коштовне,50.32,Невелике занепокоєння,Висока,Поліпропілен,4.02,Узгоджено
982.06,Коштовне,50.7,Невелике занепокоєння,Висока,Поліпропілен,1.47,Заблоковано
1155.34,Стандартне,24.41,Вищий статус охорони,Висока,Поліпропілен,1.95,Заблоковано
1015.96,Стандартне,53.38,Не охороняється,Помірна,Скло,4.72,Заблоковано
1034.3,Стандартне,51.18,Вищий статус охорони,Безпечний,Поліпропілен,0.29,Заблоковано
981.22,Коштовне,39.45,Вищий статус охорони,Висока,Поліпропілен,2.37,Заблоковано
878.82,Стандартне,27.17,Не охороняється,Безпечний,Залізо,0.15,Заблоковано
863.65,Стандартне,34.84,Вищий статус охорони,Помірна,Поліпропілен,0.0,Узгоджено
826.33,Просте,36.62,Невелике занепокоєння,Висока,Залізо,0.0,Узгоджено
773.16,Стандартне,66.56,Вищий статус охорони,Помірна,Поліпропілен,4.93,Узгоджено
836.65,Стандартне,35.24,Вищий статус охорони,Безпечний,Залізо,2.18,Узгоджено
684.6,Просте,24.58,Не охороняється,Висока,Залізо,4.38,Узгоджено
1063.94,Просте,30.31,Не охороняється,Висока,Льон,0.34,Заблоковано
1200.45,Коштовне,44.2,Вищий статус охорони,Висока,Льон,0.03,Заблоковано
1045.35,Коштовне,38.01,Не охороняється,Безпечний,Поліпропілен,0.0,Заблоковано
831.73,Стандартне,5.03,Не охороняється,Висока,Скло,0.0,Заблоковано
869.16,Коштовне,28.41,Невелике занепокоєння,Висока,Льон,4.09,Заблоковано
1031.71,Просте,69.83,Не охороняється,Помірна,Залізо,1.95,Заблоковано
891.32,Стандартне,21.92,Невелике занепокоєння,Безпечний,Поліпропілен,3.63,Заблоковано
745.42,Коштовне,49.7,Вищий статус охорони,Помірна,Льон,0.0,Узгоджено
803.68,Просте,29.97,Невелике занепокоєння,Помірна,Поліпропілен,0.59,Узгоджено
1196.58,Коштовне,72.06,Невелике занепокоєння,Помірна,Поліпропілен,5.07,Заблоковано
806.1,Просте,61.19,Не охороняється,Висока,Залізо,0.0,Узгоджено
846.86,Коштовне,39.68,Невелике занепокоєння,Безпечний,Поліпропілен,3.8,Узгоджено
931.25,Коштовне,56.04,Не охороняється,Безпечний,Залізо,0.0,Узгоджено
922.02,Коштовне,54.66,Невелике занепокоєння,Помірна,Льон,0.07,Узгоджено
1295.38,Стандартне,34.55,Не охороняється,Висока,Залізо,3.61,Заблоковано
901.89,Коштовне,38.76,Вищий статус охорони,Висока,Поліпропілен,0.73,Заблоковано
875.58,Просте,36.2,Невелике занепокоєння,Помірна,Залізо,1.65,Заблоковано
1100.23,Стандартне,16.46,Вищий статус охорони,Безпечний,Скло,0.9,Заблоковано
1010.54,Стандартне,42.6,Не охороняється,Помірна,Льон,2.49,Заблоковано
725.7,Просте,54.77,Не охороняється,Безпечний,Льон,2.39,Узгоджено
674.96,Просте,54.95,Не охороняється,Безпечний,Льон,2.62,Узгоджено
767.91,Стандартне,56.15,Вищий статус охорони,Безпечний,Залізо,0.0,Узгоджено
1284.08,Коштовне,56.15,Вищий статус охорони,Висока,Льон,0.0,Заблоковано
975.3,Просте,39.25,Не охороняється,Висока,Поліпропілен,1.65,Заблоковано
994.09,Стандартне,60.47,Вищий статус охорони,Висока,Поліпропілен,1.98,Заблоковано
970.61,Просте,51.78,Вищий статус охорони,Безпечний,Скло,2.95,Заблоковано
928.79,Просте,47.6,Невелике занепокоєння,Безпечний,Залізо,2.64,Заблоковано
936.87,Стандартне,51.51,Невелике занепокоєння,Висока,Поліпропілен,0.84,Заблоковано
967.76,Стандартне,60.15,Не охороняється,Безпечний,Залізо,1.76,Заблоковано
992.69,Просте,24.32,Вищий статус охорони,Безпечний,Льон,3.4,Заблоковано
907.4,Стандартне,66.51,Невелике занепокоєння,Помірна,Льон,3.9,Узгоджено
1108.61,Коштовне,57.47,Вищий статус охорони,Безпечний,Льон,0.33,Заблоковано
1063.55,Коштовне,33.05,Вищий статус охорони,Безпечний,Скло,4.3,Заблоковано
716.89,Стандартне,49.85,Не охороняється,Безпечний,Скло,1.77,Узгоджено
1232.99,Просте,45.34,Вищий статус охорони,Висока,Поліпропілен,2.86,Заблоковано
807.24,Коштовне,43.41,Невелике занепокоєння,Висока,Скло,0.07,Узгоджено
821.2,Коштовне,30.11,Не охороняється,Висока,Льон,5.97,Узгоджено
692.4,Коштовне,40.15,Не охороняється,Безпечний,Скло,4.22,Узгоджено
675.36,Коштовне,31.67,Вищий статус охорони,Висока,Залізо,2.83,Узгоджено
1045.35,Стандартне,35.72,Невелике занепокоєння,Висока,Поліпропілен,2.68,Заблоковано
778.7,Стандартне,69.08,Не охороняється,Помірна,Поліпропілен,1.1,Узгоджено
941.18,Просте,53.93,Не охороняється,Висока,Залізо,3.03,Заблоковано
821.2,Стандартне,65.94,Невелике занепокоєння,Помірна,Льон,1.37,Узгоджено
726.28,Просте,50.44,Невелике занепокоєння,Помірна,Скло,3.69,Узгоджено
733.34,Просте,70.77,Вищий статус охорони,Безпечний,Скло,0.91,Узгоджено
895.22,Просте,51.15,Не охороняється,Висока,Поліпропілен,1.95,Узгоджено
991.27,Коштовне,66.78,Не охороняється,Помірна,Поліпропілен,3.81,Заблоковано
1130.39,Просте,62.66,Вищий статус охорони,Помірна,Поліпропілен,0.0,Заблоковано
875.84,Просте,8.8,Вищий статус охорони,Помірна,Льон,2.58,Заблоковано
840.83,Просте,42.26,Невелике занепокоєння,Висока,Льон,1.06,Узгоджено
1187.54,Просте,34.15,Не охороняється,Висока,Скло,3.5,Заблоковано
867.11,Коштовне,25.69,Невелике занепокоєння,Помірна,Льон,0.9,Заблоковано
613.85,Стандартне,32.04,Не охороняється,Висока,Залізо,1.92,Узгоджено
874.24,Коштовне,68.5,Невелике занепокоєння,Висока,Залізо,1.59,Узгоджено
1349.77,Просте,63.03,Вищий статус охорони,Безпечний,Льон,3.18,Заблоковано
867.05,Стандартне,35.4,Не охороняється,Безпечний,Поліпропілен,2.77,Узгоджено
975.73,Стандартне,35.76,Невелике занепокоєння,Помірна,Льон,3.16,Заблоковано
1068.8,Просте,28.28,Не охороняється,Висока,Скло,3.03,Заблоковано
1040.37,Стандартне,29.53,Невелике занепокоєння,Безпечний,Льон,1.58,Заблоковано
1159.24,Коштовне,34.75,Не охороняється,Помірна,Скло,3.62,Заблоковано
834.59,Коштовне,23.59,Вищий статус охорони,Висока,Льон,1.49,Заблоковано
1092.55,Коштовне,34.09,Вищий статус охорони,Помірна,Льон,2.17,Заблоковано
1192.1,Коштовне,49.51,Вищий статус охорони,Помірна,Поліпропілен,5.72,Заблоковано
884.41,Стандартне,25.28,Не охороняється,Висока,Поліпропілен,3.23,Заблоковано
757.09,Коштовне,39.76,Вищий статус охорони,Безпечний,Залізо,3.2,Узгоджено
1388.34,Просте,46.27,Вищий статус охорони,Помірна,Льон,5.28,Заблоковано
779.76,Коштовне,42.84,Невелике занепокоєння,Висока,Поліпропілен,3.35,Узгоджено
870.22,Просте,63.22,Невелике занепокоєння,Безпечний,Скло,5.52,Узгоджено
838.89,Коштовне,67.32,Не охороняється,Безпечний,Поліпропілен,0.0,Узгоджено
655.15,Просте,44.27,Не охороняється,Помірна,Поліпропілен,1.26,Узгоджено
1109.04,Стандартне,44.87,Невелике занепокоєння,Помірна,Залізо,2.26,Заблоковано
760.18,Коштовне,79.04,Не охороняється,Безпечний,Скло,3.43,Узгоджено
928.5,Коштовне,77.82,Не охороняється,Помірна,Льон,6.55,Узгоджено
602.14,Коштовне,37.49,Невелике занепокоєння,Висока,Скло,0.73,Узгоджено
1035.78,Просте,51.64,Не охороняється,Безпечний,Залізо,2.73,Заблоковано
848.25,Коштовне,51.1,Невелике занепокоєння,Помірна,Поліпропілен,3.82,Узгоджено
927.21,Стандартне,37.17,Невелике занепокоєння,Висока,Поліпропілен,4.05,Заблоковано
1414.82,Просте,70.48,Вищий статус охорони,Помірна,Скло,5.5,Заблоковано
1022.7,Просте,41.45,Вищий статус охорони,Висока,Скло,3.84,Заблоковано
1060.19,Стандартне,61.27,Вищий статус охорони,Висока,Льон,0.0,Заблоковано
810.84,Коштовне,41.09,Невелике занепокоєння,Помірна,Льон,4.05,Узгоджено
931.76,Просте,67.55,Не охороняється,Помірна,Поліпропілен,0.61,Узгоджено
947.57,Просте,60.83,Не охороняється,Помірна,Залізо,4.22,Узгоджено
774.62,Коштовне,23.57,Вищий статус охорони,Помірна,Льон,8.22,Узгоджено
908.02,Просте,52.32,Невелике занепокоєння,Помірна,Льон,0.62,Узгоджено
1123.34,Просте,34.72,Не охороняється,Помірна,Скло,3.67,Заблоковано
1060.62,Стандартне,67.55,Вищий статус охорони,Висока,Поліпропілен,3.9,Заблоковано
725.75,Коштовне,45.84,Невелике занепокоєння,Висока,Льон,2.56,Узгоджено
830.28,Коштовне,55.13,Вищий статус охорони,Висока,Поліпропілен,2.3,Узгоджено
1252.96,Просте,34.84,Не охороняється,Висока,Поліпропілен,2.04,Заблоковано
1062.72,Коштовне,59.68,Невелике занепокоєння,Безпечний,Скло,5.07,Заблоковано
789.52,Коштовне,77.6,Невелике занепокоєння,Безпечний,Поліпропілен,0.59,Узгоджено
844.91,Стандартне,32.01,Вищий статус охорони,Висока,Поліпропілен,4.68,Узгоджено
1140.48,Просте,41.04,Вищий статус охорони,Безпечний,Залізо,2.08,Заблоковано
802.73,Коштовне,43.2,Вищий статус охорони,Безпечний,Поліпропілен,1.55,Узгоджено
842.89,Просте,50.78,Не охороняється,Помірна,Залізо,1.72,Узгоджено
816.36,Просте,36.68,Невелике занепокоєння,Помірна,Льон,0.0,Узгоджено
959.67,Просте,61.44,Невелике занепокоєння,Висока,Льон,4.92,Заблоковано
1021.62,Просте,42.3,Невелике занепокоєння,Безпечний,Льон,2.65,Заблоковано
800.7,Просте,48.2,Не охороняється,Висока,Залізо,2.18,Узгоджено
932.2,Коштовне,26.94,Невелике занепокоєння,Помірна,Поліпропілен,0.0,Заблоковано
919.96,Просте,29.1,Невелике занепокоєння,Помірна,Скло,3.11,Заблоковано
756.2,Стандартне,70.13,Вищий статус охорони,Безпечний,Льон,3.71,Узгоджено
789.98,Просте,34.32,Невелике занепокоєння,Помірна,Залізо,5.32,Узгоджено
692.73,Стандартне,43.58,Невелике занепокоєння,Безпечний,Льон,3.73,Узгоджено
957.21,Коштовне,50.75,Не охороняється,Безпечний,Залізо,3.22,Заблоковано
906.87,Стандартне,40.36,Не охороняється,Висока,Залізо,6.35,Заблоковано
733.42,Коштовне,72.05,Не охороняється,Висока,Скло,4.01,Узгоджено
753.7,Коштовне,37.41,Вищий статус охорони,Помірна,Поліпропілен,2.15,Узгоджено
750.41,Стандартне,42.66,Вищий статус охорони,Безпечний,Поліпропілен,3.83,Узгоджено
1289.96,Стандартне,66.37,Вищий статус охорони,Помірна,Залізо,6.67,Заблоковано
523.17,Просте,33.42,Не охороняється,Висока,Скло,2.19,Узгоджено
803.79,Стандартне,43.5,Вищий статус охорони,Безпечний,Льон,0.46,Узгоджено
981.55,Просте,65.0,Невелике занепокоєння,Безпечний,Залізо,2.22,Заблоковано
1049.6,Коштовне,59.73,Вищий статус охорони,Безпечний,Залізо,3.31,Заблоковано
802.59,Стандартне,66.78,Вищий статус охорони,Безпечний,Льон,5.33,Узгоджено
1006.99,Просте,63.27,Невелике занепокоєння,Помірна,Льон,0.0,Заблоковано
1049.15,Коштовне,34.32,Вищий статус охорони,Помірна,Скло,3.92,Заблоковано
738.22,Коштовне,27.63,Невелике занепокоєння,Висока,Скло,5.91,Узгоджено
862.36,Стандартне,65.0,Вищий статус охорони,Безпечний,Поліпропілен,2.12,Узгоджено
802.77,Коштовне,46.27,Не охороняється,Безпечний,Скло,2.06,Узгоджено
975.48,Просте,26.83,Вищий статус охорони,Помірна,Поліпропілен,4.07,Заблоковано
931.25,Просте,66.81,Невелике занепокоєння,Безпечний,Поліпропілен,5.57,Узгоджено
730.64,Просте,50.62,Невелике занепокоєння,Помірна,Залізо,0.05,Узгоджено
865.83,Просте,51.89,Не охороняється,Безпечний,Льон,3.44,Узгоджено
305.46,Просте,57.27,Вищий статус охорони,Помірна,Поліпропілен,0.0,Узгоджено
914.07,Стандартне,35.43,Невелике занепокоєння,Помірна,Льон,4.59,Заблоковано
840.83,Стандартне,63.03,Не охороняється,Безпечний,Поліпропілен,1.47,Узгоджено
804.35,Стандартне,39.3,Не охороняється,Помірна,Залізо,1.34,Узгоджено
574.35,Коштовне,70.4,Вищий статус охорони,Безпечний,Поліпропілен,4.91,Узгоджено
934.91,Стандартне,36.4,Не охороняється,Помірна,Залізо,0.51,Заблоковано
924.51,Стандартне,30.22,Вищий статус охорони,Помірна,Льон,2.09,Заблоковано
791.79,Просте,42.62,Невелике занепокоєння,Безпечний,Поліпропілен,3.13,Узгоджено
1169.92,Стандартне,65.15,Вищий статус охорони,Помірна,Льон,1.67,Заблоковано
907.95,Стандартне,23.07,Вищий статус охорони,Безпечний,Залізо,0.27,Заблоковано
894.13,Стандартне,60.11,Не охороняється,Висока,Залізо,0.0,Узгоджено
757.65,Коштовне,43.07,Вищий статус охорони,Безпечний,Поліпропілен,0.94,Узгоджено
1041.28,Коштовне,44.02,Не охороняється,Висока,Залізо,5.37,Заблоковано
1082.38,Просте,54.74,Не охороняється,Помірна,Поліпропілен,0.88,Заблоковано
671.82,Просте,68.13,Не охороняється,Висока,Залізо,0.0,Узгоджено
742.46,Просте,7.65,Не охороняється,Помірна,Поліпропілен,1.3,Узгоджено
863.1,Просте,79.04,Не охороняється,Висока,Скло,4.65,Узгоджено
732.18,Коштовне,50.46,Не охороняється,Безпечний,Льон,3.97,Узгоджено
1070.39,Коштовне,41.74,Невелике занепокоєння,Помірна,Льон,0.91,Заблоковано
904.25,Коштовне,46.57,Невелике занепокоєння,Безпечний,Льон,2.28,Заблоковано
1195.3,Стандартне,53.57,Вищий статус охорони,Помірна,Залізо,2.88,Заблоковано
659.42,Коштовне,42.8,Вищий статус охорони,Помірна,Залізо,1.74,Узгоджено
911.45,Просте,46.84,Не охороняється,Висока,Поліпропілен,5.39,Заблоковано
1138.92,Просте,54.11,Не охороняється,Помірна,Залізо,1.68,Заблоковано
777.06,Коштовне,53.22,Вищий статус охорони,Безпечний,Залізо,1.33,Узгоджено
1116.94,Стандартне,41.99,Невелике занепокоєння,Висока,Льон,0.54,Заблоковано
1028.14,Коштовне,62.18,Не охороняється,Висока,Залізо,7.29,Заблоковано
899.21,Просте,46.24,Невелике занепокоєння,Помірна,Скло,2.19,Заблоковано
615.51,Коштовне,32.13,Не охороняється,Безпечний,Поліпропілен,3.02,Узгоджено
927.54,Стандартне,50.22,Не охороняється,Помірна,Скло,2.79,Заблоковано
632.33,Коштовне,60.45,Вищий статус охорони,Висока,Поліпропілен,4.98,Узгоджено
902.12,Стандартне,47.41,Невелике занепокоєння,Помірна,Залізо,1.96,Узгоджено
866.48,Стандартне,38.91,Не охороняється,Помірна,Поліпропілен,1.26,Узгоджено
797.78,Коштовне,53.64,Не охороняється,Безпечний,Залізо,0.6,Узгоджено
768.72,Стандартне,57.22,Невелике занепокоєння,Безпечний,Поліпропілен,5.13,Узгоджено
741.78,Стандартне,39.23,Невелике занепокоєння,Висока,Скло,0.58,Узгоджено
947.19,Коштовне,36.0,Не охороняється,Помірна,Льон,2.18,Заблоковано
1051.86,Стандартне,36.52,Невелике занепокоєння,Помірна,Залізо,3.42,Заблоковано
1263.95,Стандартне,40.71,Невелике занепокоєння,Помірна,Скло,2.92,Заблоковано
779.67,Просте,58.8,Вищий статус охорони,Помірна,Залізо,0.62,Узгоджено
1124.36,Просте,22.84,Не охороняється,Висока,Скло,2.83,Заблоковано
1033.31,Стандартне,66.44,Невелике занепокоєння,Висока,Поліпропілен,1.12,Заблоковано
707.76,Стандартне,33.05,Невелике занепокоєння,Помірна,Залізо,2.89,Узгоджено
1037.51,Просте,51.43,Невелике занепокоєння,Безпечний,Скло,2.81,Заблоковано
1279.07,Просте,23.92,Не охороняється,Безпечний,Поліпропілен,2.4,Заблоковано
1078.4,Коштовне,74.57,Невелике занепокоєння,Помірна,Поліпропілен,0.0,Заблоковано
763.21,Просте,51.68,Вищий статус охорони,Помірна,Льон,2.74,Узгоджено
1304.8,Просте,61.68,Не охороняється,Помірна,Залізо,0.0,Заблоковано
716.35,Просте,51.91,Невелике занепокоєння,Безпечний,Поліпропілен,1.06,Узгоджено
956.33,Стандартне,34.72,Не охороняється,Безпечний,Залізо,0.0,Заблоковано
933.18,Стандартне,45.9,Вищий статус охорони,Безпечний,Скло,4.03,Заблоковано
620.37,Стандартне,54.05,Вищий статус охорони,Безпечний,Поліпропілен,3.97,Узгоджено
896.29,Стандартне,-0.98,Не охороняється,Безпечний,Залізо,3.15,Заблоковано
988.9,Коштовне,41.6,Невелике занепокоєння,Безпечний,Залізо,0.56,Заблоковано
897.94,Просте,50.6,Вищий статус охорони,Висока,Поліпропілен,0.0,Узгоджено
1057.39,Стандартне,79.43,Не охороняється,Безпечний,Скло,3.89,Заблоковано
1049.8,Стандартне,20.4,Невелике занепокоєння,Помірна,Льон,0.0,Заблоковано
933.73,Просте,34.65,Невелике занепокоєння,Висока,Льон,3.61,Заблоковано
765.09,Просте,17.72,Не охороняється,Висока,Залізо,3.36,Узгоджено
894.13,Коштовне,17.14,Вищий статус охорони,Безпечний,Льон,0.87,Заблоковано
940.08,Просте,29.21,Невелике занепокоєння,Висока,Залізо,4.07,Заблоковано
762.13,Просте,48.29,Не охороняється,Безпечний,Льон,3.1,Узгоджено
672.68,Стандартне,76.06,Вищий статус охорони,Висока,Поліпропілен,1.51,Узгоджено
477.11,Просте,49.46,Не охороняється,Висока,Скло,0.03,Узгоджено
649.92,Просте,50.7,Не охороняється,Помірна,Скло,5.08,Узгоджено
795.12,Просте,29.4,Не охороняється,Безпечний,Скло,6.67,Узгоджено
1424.78,Стандартне,48.22,Не охороняється,Висока,Скло,4.22,Заблоковано
1021.5,Коштовне,53.57,Невелике занепокоєння,Помірна,Скло,0.83,Заблоковано
1148.79,Просте,44.51,Вищий статус охорони,Помірна,Поліпропілен,1.7,Заблоковано
731.46,Просте,58.39,Невелике занепокоєння,Безпечний,Поліпропілен,7.08,Узгоджено
1356.24,Стандартне,62.18,Вищий статус охорони,Безпечний,Залізо,3.16,Заблоковано
880.34,Стандартне,55.09,Невелике занепокоєння,Безпечний,Льон,0.0,Узгоджено
820.92,Просте,33.76,Вищий статус охорони,Висока,Льон,3.68,Узгоджено
1025.34,Коштовне,40.48,Невелике занепокоєння,Висока,Поліпропілен,1.95,Заблоковано
733.73,Стандартне,31.34,Невелике занепокоєння,Помірна,Залізо,0.0,Узгоджено
709.54,Коштовне,36.77,Вищий статус охорони,Висока,Поліпропілен,2.95,Узгоджено
1021.53,Просте,59.86,Невелике занепокоєння,Помірна,Льон,0.88,Заблоковано
1207.08,Стандартне,27.53,Вищий статус охорони,Безпечний,Поліпропілен,2.58,Заблоковано
793.79,Коштовне,37.6,Невелике занепокоєння,Помірна,Скло,1.21,Узгоджено
998.73,Стандартне,50.57,Невелике занепокоєння,Безпечний,Поліпропілен,2.91,Заблоковано
766.73,Просте,61.33,Не охороняється,Безпечний,Поліпропілен,3.68,Узгоджено
786.93,Коштовне,31.76,Невелике занепокоєння,Висока,Залізо,0.0,Узгоджено
960.2,Просте,55.36,Не охороняється,Помірна,Залізо,2.45,Заблоковано
1265.15,Просте,54.46,Вищий статус охорони,Помірна,Залізо,1.51,Заблоковано
743.87,Коштовне,37.77,Невелике занепокоєння,Безпечний,Поліпропілен,0.0,Узгоджено
887.44,Просте,79.94,Не охороняється,Безпечний,Залізо,5.75,Узгоджено
961.76,Стандартне,27.71,Вищий статус охорони,Безпечний,Поліпропілен,0.76,Заблоковано
854.07,Коштовне,34.75,Невелике занепокоєння,Помірна,Льон,2.0,Узгоджено
857.66,Стандартне,43.7,Невелике занепокоєння,Безпечний,Залізо,3.55,Узгоджено
915.75,Коштовне,58.46,Вищий статус охорони,Висока,Скло,5.32,Узгоджено
987.3,Просте,47.73,Невелике занепокоєння,Безпечний,Поліпропілен,6.62,Заблоковано
764.72,Стандартне,55.97,Невелике занепокоєння,Висока,Льон,3.57,Узгоджено
716.68,Просте,51.59,Вищий статус охорони,Помірна,Залізо,2.51,Узгоджено
1218.73,Стандартне,32.57,Невелике занепокоєння,Безпечний,Скло,4.54,Заблоковано
792.15,Коштовне,44.94,Вищий статус охорони,Безпечний,Скло,0.99,Узгоджено
932.33,Просте,47.73,Невелике занепокоєння,Висока,Поліпропілен,0.9,Заблоковано
868.82,Стандартне,43.16,Вищий статус охорони,Висока,Залізо,1.98,Узгоджено
954.03,Коштовне,60.6,Не охороняється,Висока,Залізо,1.47,Заблоковано
647.11,Просте,18.98,Вищий статус охорони,Висока,Залізо,4.08,Узгоджено
820.16,Просте,51.87,Вищий статус охорони,Помірна,Залізо,5.82,Узгоджено
1359.26,Просте,28.17,Не охороняється,Висока,Поліпропілен,0.0,Заблоковано
1296.24,Коштовне,45.5,Не охороняється,Помірна,Залізо,5.51,Заблоковано
946.03,Коштовне,66.37,Вищий статус охорони,Безпечний,Поліпропілен,4.39,Узгоджено
1172.61,Стандартне,59.03,Вищий статус охорони,Помірна,Скло,0.0,Заблоковано
833.22,Коштовне,48.81,Невелике занепокоєння,Помірна,Скло,3.52,Узгоджено
739.01,Стандартне,63.27,Невелике занепокоєння,Безпечний,Залізо,2.45,Узгоджено
912.58,Просте,36.44,Не охороняється,Помірна,Льон,2.02,Заблоковано
1016.2,Стандартне,54.36,Вищий статус охорони,Помірна,Залізо,3.14,Заблоковано
733.56,Стандартне,51.8,Невелике занепокоєння,Безпечний,Скло,3.42,Узгоджено
1116.81,Просте,44.99,Вищий статус охорони,Помірна,Поліпропілен,6.03,Заблоковано
999.04,Стандартне,41.11,Вищий статус охорони,Висока,Льон,4.53,Заблоковано
1073.38,Просте,65.0,Невелике занепокоєння,Помірна,Поліпропілен,4.18,Заблоковано
1325.17,Просте,34.36,Невелике занепокоєння,Помірна,Поліпропілен,1.66,Заблоковано
1067.02,Стандартне,34.46,Невелике занепокоєння,Висока,Залізо,0.0,Заблоковано
978.73,Просте,59.9,Вищий статус охорони,Помірна,Льон,2.15,Заблоковано
826.1,Стандартне,50.13,Вищий статус охорони,Висока,Скло,4.22,Узгоджено
886.71,Просте,27.31,Не охороняється,Помірна,Залізо,2.27,Заблоковано
975.36,Коштовне,44.86,Вищий статус охорони,Помірна,Залізо,4.21,Заблоковано
702.68,Стандартне,41.13,Невелике занепокоєння,Безпечний,Залізо,2.96,Узгоджено
900.52,Коштовне,56.2,Не охороняється,Безпечний,Залізо,4.11,Узгоджено
717.4,Коштовне,53.69,Вищий статус охорони,Висока,Поліпропілен,3.82,Узгоджено
838.12,Стандартне,45.63,Невелике занепокоєння,Помірна,Поліпропілен,0.0,Узгоджено
982.38,Коштовне,53.34,Не охороняється,Помірна,Поліпропілен,0.0,Заблоковано
1120.57,Стандартне,36.53,Не охороняється,Безпечний,Поліпропілен,1.36,Заблоковано
1298.53,Просте,34.65,Вищий статус охорони,Висока,Поліпропілен,0.0,Заблоковано
449.72,Коштовне,10.56,Не охороняється,Висока,Залізо,4.23,Узгоджено
654.6,Стандартне,58.43,Вищий статус охорони,Безпечний,Скло,1.49,Узгоджено
1379.21,Коштовне,38.11,Вищий статус охорони,Безпечний,Поліпропілен,4.8,Заблоковано
910.11,Коштовне,34.31,Невелике занепокоєння,Безпечний,Поліпропілен,5.06,Заблоковано
865.19,Просте,50.98,Не охороняється,Висока,Льон,0.0,Узгоджено
1082.28,Стандартне,29.33,Невелике занепокоєння,Висока,Льон,1.65,Заблоковано
1134.66,Просте,31.24,Вищий статус охорони,Безпечний,Скло,1.06,Заблоковано
838.89,Просте,33.4,Невелике занепокоєння,Помірна,Поліпропілен,3.68,Узгоджено
763.0,Коштовне,31.19,Вищий статус охорони,Безпечний,Поліпропілен,3.95,Узгоджено
1042.28,Коштовне,44.87,Вищий статус охорони,Помірна,Поліпропілен,6.33,Заблоковано
603.52,Стандартне,48.49,Невелике занепокоєння,Безпечний,Залізо,0.02,Узгоджено
906.91,Стандартне,55.22,Вищий статус охорони,Безпечний,Скло,0.65,Узгоджено
826.7,Коштовне,51.32,Вищий статус охорони,Помірна,Поліпропілен,1.64,Узгоджено
907.63,Просте,40.38,Невелике занепокоєння,Помірна,Залізо,0.0,Заблоковано
794.47,Стандартне,63.07,Вищий статус охорони,Помірна,Скло,0.0,Узгоджено
741.78,Просте,30.66,Невелике занепокоєння,Висока,Залізо,2.11,Узгоджено
603.76,Просте,45.63,Не охороняється,Помірна,Поліпропілен,0.0,Узгоджено
838.89,Стандартне,50.89,Не охороняється,Помірна,Скло,0.01,Узгоджено
978.73,Просте,42.99,Невелике занепокоєння,Висока,Льон,0.0,Заблоковано
680.24,Просте,48.77,Не охороняється,Помірна,Скло,5.27,Узгоджено
1402.22,Коштовне,66.99,Не охороняється,Помірна,Залізо,5.19,Заблоковано
699.42,Просте,59.45,Не охороняється,Безпечний,Поліпропілен,0.9,Узгоджено
1065.32,Стандартне,34.86,Не охороняється,Висока,Скло,0.0,Заблоковано
1073.36,Просте,77.6,Не охороняється,Помірна,Льон,2.03,Заблоковано
763.94,Коштовне,44.15,Невелике занепокоєння,Помірна,Льон,4.44,Узгоджено
986.94,Стандартне,44.77,Вищий статус охорони,Висока,Залізо,0.98,Заблоковано
788.27,Просте,19.33,Не охороняється,Висока,Поліпропілен,2.46,Узгоджено
941.47,Стандартне,41.44,Не охороняється,Висока,Поліпропілен,0.39,Заблоковано
840.89,Стандартне,40.93,Вищий статус охорони,Помірна,Залізо,0.0,Узгоджено
856.96,Коштовне,25.23,Невелике занепокоєння,Висока,Скло,2.6,Заблоковано
801.27,Коштовне,43.92,Вищий статус охорони,Помірна,Залізо,1.2,Узгоджено
853.84,Коштовне,63.03,Не охороняється,Помірна,Залізо,3.71,Узгоджено
793.94,Стандартне,52.26,Вищий статус охорони,Безпечний,Залізо,2.51,Узгоджено
1414.82,Просте,60.51,Невелике занепокоєння,Висока,Скло,1.22,Заблоковано
681.34,Коштовне,34.31,Невелике занепокоєння,Помірна,Льон,2.67,Узгоджено
967.13,Коштовне,33.76,Не охороняється,Помірна,Льон,0.06,Заблоковано
524.0,Просте,52.86,Не охороняється,Помірна,Поліпропілен,1.57,Узгоджено
912.89,Просте,45.43,Невелике занепокоєння,Безпечний,Поліпропілен,0.04,Заблоковано
577.76,Коштовне,28.32,Невелике занепокоєння,Безпечний,Поліпропілен,1.33,Узгоджено
1000.31,Коштовне,28.47,Вищий статус охорони,Безпечний,Скло,0.0,Заблоковано
903.35,Стандартне,33.4,Не охороняється,Помірна,Поліпропілен,3.78,Заблоковано
1040.67,Коштовне,46.31,Вищий статус охорони,Безпечний,Поліпропілен,4.08,Заблоковано
1114.17,Коштовне,44.39,Невелике занепокоєння,Помірна,Залізо,5.56,Заблоковано
729.03,Стандартне,71.9,Не охороняється,Безпечний,Залізо,5.24,Узгоджено
803.14,Стандартне,67.47,Невелике занепокоєння,Висока,Льон,4.1,Узгоджено
901.15,Стандартне,54.96,Вищий статус охорони,Безпечний,Поліпропілен,1.62,Узгоджено
905.95,Просте,69.73,Вищий статус охорони,Висока,Льон,3.03,Узгоджено
712.84,Стандартне,68.58,Невелике занепокоєння,Висока,Поліпропілен,0.09,Узгоджено
720.63,Коштовне,41.04,Невелике занепокоєння,Помірна,Залізо,2.8,Узгоджено
1094.45,Стандартне,22.84,Не охороняється,Помірна,Залізо,0.0,Заблоковано
682.43,Стандартне,29.14,Вищий статус охорони,Висока,Скло,3.23,Узгоджено
1070.76,Просте,46.9,Вищий статус охорони,Безпечний,Льон,2.35,Заблоковано
785.14,Стандартне,62.86,Вищий статус охорони,Безпечний,Скло,2.64,Узгоджено
600.16,Просте,43.61,Не охороняється,Безпечний,Залізо,0.16,Узгоджено
917.89,Коштовне,48.8,Не охороняється,Безпечний,Залізо,5.64,Заблоковано
743.85,Коштовне,57.59,Невелике занепокоєння,Помірна,Поліпропілен,3.79,Узгоджено
661.44,Просте,48.8,Вищий статус охорони,Помірна,Залізо,1.06,Узгоджено
880.9,Стандартне,35.54,Невелике занепокоєння,Висока,Поліпропілен,4.18,Заблоковано
1053.67,Стандартне,55.06,Невелике занепокоєння,Помірна,Залізо,3.57,Заблоковано
847.28,Просте,35.88,Не охороняється,Безпечний,Скло,1.34,Узгоджено
663.79,Просте,48.44,Вищий статус охорони,Помірна,Скло,3.29,Узгоджено
732.01,Просте,70.04,Невелике занепокоєння,Безпечний,Льон,4.3,Узгоджено
1013.43,Коштовне,44.83,Вищий статус охорони,Висока,Поліпропілен,0.0,Заблоковано
926.61,Коштовне,41.09,Невелике занепокоєння,Помірна,Поліпропілен,1.51,Заблоковано
799.76,Стандартне,56.95,Не охороняється,Висока,Скло,2.78,Узгоджено
859.35,Коштовне,93.22,Не охороняється,Висока,Залізо,6.01,Узгоджено
1052.56,Просте,80.28,Невелике занепокоєння,Висока,Поліпропілен,0.97,Заблоковано
1042.14,Просте,41.67,Не охороняється,Безпечний,Поліпропілен,4.99,Заблоковано
938.3,Коштовне,41.4,Вищий статус охорони,Висока,Залізо,2.46,Заблоковано
1035.25,Коштовне,35.14,Не охороняється,Безпечний,Поліпропілен,0.58,Заблоковано
1015.69,Стандартне,56.78,Вищий статус охорони,Висока,Льон,1.65,Заблоковано
788.27,Просте,29.79,Вищий статус охорони,Помірна,Поліпропілен,0.31,Узгоджено
896.47,Просте,36.0,Невелике занепокоєння,Висока,Скло,0.0,Заблоковано
1033.96,Коштовне,27.67,Вищий статус охорони,Помірна,Льон,4.45,Заблоковано
819.0,Стандартне,47.95,Невелике занепокоєння,Помірна,Скло,1.33,Узгоджено
829.19,Стандартне,33.43,Вищий статус охорони,Висока,Скло,0.73,Узгоджено
1223.06,Стандартне,56.04,Вищий статус охорони,Безпечний,Льон,3.97,Заблоковано
883.35,Просте,30.93,Вищий статус охорони,Висока,Поліпропілен,0.0,Заблоковано
694.51,Стандартне,45.42,Вищий статус охорони,Висока,Скло,5.13,Узгоджено
830.49,Стандартне,45.75,Не охороняється,Висока,Залізо,0.45,Узгоджено
791.51,Просте,35.62,Невелике занепокоєння,Висока,Льон,0.0,Узгоджено
734.6,Коштовне,31.33,Невелике занепокоєння,Висока,Скло,5.29,Узгоджено
771.23,Просте,54.06,Невелике занепокоєння,Висока,Залізо,3.71,Узгоджено
782.6,Просте,27.76,Невелике занепокоєння,Висока,Скло,0.0,Узгоджено
654.77,Коштовне,33.5,Вищий статус охорони,Помірна,Скло,0.0,Узгоджено
864.05,Стандартне,31.48,Вищий статус охорони,Висока,Скло,2.07,Заблоковано
501.43,Просте,45.51,Вищий статус охорони,Помірна,Поліпропілен,3.09,Узгоджено
1094.45,Стандартне,45.26,Не охороняється,Безпечний,Поліпропілен,5.54,Заблоковано
911.09,Стандартне,60.41,Вищий статус охорони,Помірна,Скло,2.69,Узгоджено
958.59,Коштовне,34.34,Невелике занепокоєння,Висока,Залізо,1.15,Заблоковано
903.59,Коштовне,55.24,Не охороняється,Безпечний,Поліпропілен,6.78,Узгоджено
769.72,Стандартне,45.98,Не охороняється,Помірна,Залізо,4.25,Узгоджено
836.75,Просте,60.02,Невелике занепокоєння,Безпечний,Поліпропілен,4.9,Узгоджено
1095.04,Просте,35.1,Не охороняється,Висока,Поліпропілен,0.03,Заблоковано
771.23,Просте,43.67,Вищий статус охорони,Помірна,Поліпропілен,2.62,Узгоджено
982.06,Стандартне,65.15,Вищий статус охорони,Висока,Льон,3.88,Заблоковано
696.29,Стандартне,66.36,Вищий статус охорони,Висока,Залізо,4.34,Узгоджено
781.82,Коштовне,20.04,Невелике занепокоєння,Висока,Поліпропілен,0.0,Узгоджено
636.44,Коштовне,47.77,Вищий статус охорони,Безпечний,Скло,3.25,Узгоджено
980.37,Просте,28.68,Невелике занепокоєння,Безпечний,Скло,2.21,Заблоковано
984.43,Коштовне,43.88,Не охороняється,Помірна,Поліпропілен,6.67,Заблоковано
903.3,Стандартне,41.84,Вищий статус охорони,Безпечний,Льон,1.97,Заблоковано
891.31,Коштовне,56.65,Не охороняється,Висока,Скло,4.42,Узгоджено
971.98,Стандартне,50.12,Вищий статус охорони,Помірна,Залізо,4.75,Заблоковано
1035.46,Коштовне,16.46,Не охороняється,Безпечний,Поліпропілен,3.58,Заблоковано
1109.17,Коштовне,33.81,Не охороняється,Висока,Скло,0.0,Заблоковано
765.88,Стандартне,64.72,Невелике занепокоєння,Висока,Поліпропілен,0.93,Узгоджено
1028.43,Стандартне,54.29,Вищий статус охорони,Помірна,Поліпропілен,0.0,Заблоковано
911.23,Просте,44.04,Невелике занепокоєння,Безпечний,Скло,0.0,Заблоковано
918.84,Просте,69.47,Не охороняється,Висока,Скло,5.24,Узгоджено
1276.5,Коштовне,68.73,Вищий статус охорони,Безпечний,Залізо,0.95,Заблоковано
819.88,Стандартне,52.31,Не охороняється,Висока,Поліпропілен,1.87,Узгоджено
743.13,Стандартне,25.33,Вищий статус охорони,Безпечний,Льон,2.1,Узгоджено
830.19,Просте,47.1,Невелике занепокоєння,Безпечний,Поліпропілен,0.27,Узгоджено
305.46,Коштовне,54.74,Не охороняється,Висока,Льон,2.81,Узгоджено
735.81,Просте,36.23,Невелике занепокоєння,Висока,Скло,2.25,Узгоджено
658.03,Просте,40.29,Невелике занепокоєння,Безпечний,Поліпропілен,2.27,Узгоджено
712.39,Стандартне,66.51,Невелике занепокоєння,Безпечний,Скло,2.55,Узгоджено
1216.86,Просте,48.9,Не охороняється,Помірна,Поліпропілен,0.07,Заблоковано
1241.86,Просте,61.81,Не охороняється,Безпечний,Поліпропілен,2.25,Заблоковано
1241.86,Просте,57.75,Невелике занепокоєння,Висока,Льон,0.41,Заблоковано
674.69,Коштовне,61.67,Не охороняється,Безпечний,Скло,1.87,Узгоджено
982.67,Коштовне,38.53,Вищий статус охорони,Помірна,Залізо,5.6,Заблоковано
988.55,Просте,37.06,Невелике занепокоєння,Безпечний,Льон,1.21,Заблоковано
855.04,Коштовне,38.33,Невелике занепокоєння,Помірна,Скло,1.9,Узгоджено
855.43,Коштовне,18.06,Вищий статус охорони,Безпечний,Льон,3.99,Заблоковано
733.73,Просте,56.98,Не охороняється,Безпечний,Льон,1.35,Узгоджено
865.87,Коштовне,49.12,Вищий статус охорони,Безпечний,Залізо,1.09,Узгоджено
554.79,Коштовне,44.66,Не охороняється,Висока,Поліпропілен,0.2,Узгоджено
1095.04,Коштовне,83.11,Невелике занепокоєння,Помірна,Поліпропілен,3.79,Заблоковано
696.33,Просте,72.57,Невелике занепокоєння,Висока,Скло,1.99,Узгоджено
758.61,Просте,59.52,Невелике занепокоєння,Безпечний,Льон,2.46,Узгоджено
925.32,Коштовне,42.64,Вищий статус охорони,Помірна,Скло,0.0,Заблоковано
974.23,Коштовне,20.48,Вищий статус охорони,Безпечний,Скло,3.07,Заблоковано
735.28,Просте,47.56,Не охороняється,Висока,Скло,6.39,Узгоджено
1059.06,Просте,40.44,Невелике занепокоєння,Висока,Скло,0.0,Заблоковано
777.91,Просте,49.89,Не охороняється,Безпечний,Скло,3.02,Узгоджено
886.19,Просте,46.52,Невелике занепокоєння,Помірна,Поліпропілен,1.76,Узгоджено
1082.28,Стандартне,61.88,Не охороняється,Безпечний,Скло,0.0,Заблоковано
726.91,Просте,71.84,Не охороняється,Безпечний,Льон,0.0,Узгоджено
881.92,Стандартне,53.24,Невелике занепокоєння,Висока,Поліпропілен,0.44,Узгоджено
989.47,Просте,5.73,Не охороняється,Помірна,Скло,2.2,Заблоковано
908.02,Стандартне,40.53,Невелике занепокоєння,Помірна,Льон,3.63,Заблоковано
733.08,Стандартне,56.78,Невелике занепокоєння,Помірна,Льон,5.2,Узгоджено
804.79,Просте,46.39,Невелике занепокоєння,Висока,Залізо,3.55,Узгоджено
834.39,Стандартне,58.62,Вищий статус охорони,Помірна,Скло,2.76,Узгоджено
714.8,Стандартне,54.57,Невелике занепокоєння,Висока,Льон,4.86,Узгоджено
655.15,Просте,45.42,Невелике занепокоєння,Висока,Поліпропілен,1.62,Узгоджено
704.72,Коштовне,45.47,Не охороняється,Помірна,Поліпропілен,3.19,Узгоджено
1095.16,Коштовне,64.62,Невелике занепокоєння,Висока,Скло,0.8,Заблоковано
555.29,Просте,54.35,Вищий статус охорони,Висока,Залізо,3.12,Узгоджено
827.38,Стандартне,23.75,Невелике занепокоєння,Безпечний,Поліпропілен,2.5,Узгоджено
853.01,Просте,39.95,Невелике занепокоєння,Помірна,Льон,2.51,Узгоджено
956.54,Стандартне,18.37,Не охороняється,Висока,Поліпропілен,3.1,Заблоковано
827.07,Просте,44.24,Вищий статус охорони,Безпечний,Льон,1.64,Узгоджено
982.54,Просте,20.91,Вищий статус охорони,Помірна,Скло,3.63,Заблоковано
1024.03,Коштовне,53.71,Вищий статус охорони,Висока,Льон,0.0,Заблоковано
944.99,Просте,73.09,Невелике занепокоєння,Безпечний,Залізо,2.75,Узгоджено
1011.66,Стандартне,47.68,Не охороняється,Помірна,Залізо,2.16,Заблоковано
711.95,Просте,42.89,Невелике занепокоєння,Помірна,Скло,4.63,Узгоджено
764.2,Просте,50.5,Невелике занепокоєння,Помірна,Залізо,3.95,Узгоджено
876.26,Просте,42.99,Не охороняється,Висока,Скло,1.87,Узгоджено
884.41,Коштовне,50.87,Вищий статус охорони,Безпечний,Залізо,0.05,Узгоджено
801.13,Стандартне,44.09,Вищий статус охорони,Помірна,Льон,3.26,Узгоджено
1062.22,Просте,30.43,Вищий статус охорони,Висока,Скло,2.55,Заблоковано
758.36,Коштовне,33.91,Вищий статус охорони,Безпечний,Скло,4.93,Узгоджено
733.34,Просте,35.82,Не охороняється,Помірна,Льон,5.51,Узгоджено
1000.31,Коштовне,65.54,Не охороняється,Помірна,Залізо,0.11,Заблоковано
946.03,Коштовне,34.32,Невелике занепокоєння,Висока,Поліпропілен,2.12,Заблоковано
874.62,Коштовне,39.91,Не охороняється,Безпечний,Залізо,6.62,Узгоджено
849.39,Коштовне,61.56,Не охороняється,Безпечний,Залізо,3.99,Узгоджено
883.31,Стандартне,88.07,Невелике занепокоєння,Висока,Скло,0.8,Узгоджено
745.51,Стандартне,64.41,Вищий статус охорони,Безпечний,Льон,4.69,Узгоджено
678.62,Стандартне,52.6,Вищий статус охорони,Безпечний,Скло,3.73,Узгоджено
928.68,Стандартне,34.72,Невелике занепокоєння,Висока,Поліпропілен,5.46,Заблоковано
1057.35,Просте,64.14,Вищий статус охорони,Безпечний,Поліпропілен,0.86,Заблоковано
907.08,Коштовне,49.25,Невелике занепокоєння,Безпечний,Поліпропілен,0.0,Узгоджено
1086.87,Коштовне,54.04,Не охороняється,Безпечний,Льон,1.95,Заблоковано
836.23,Коштовне,39.33,Не охороняється,Безпечний,Залізо,3.73,Узгоджено
903.7,Стандартне,54.84,Не охороняється,Безпечний,Льон,1.56,Узгоджено
798.26,Стандартне,39.57,Вищий статус охорони,Безпечний,Поліпропілен,1.32,Узгоджено
902.32,Коштовне,39.85,Вищий статус охорони,Безпечний,Залізо,4.17,Заблоковано
1203.8,Стандартне,44.39,Вищий статус охорони,Висока,Льон,2.84,Заблоковано
638.92,Стандартне,58.05,Невелике занепокоєння,Висока,Льон,3.65,Узгоджено
897.71,Просте,57.75,Не охороняється,Помірна,Поліпропілен,2.78,Узгоджено
890.02,Стандартне,23.68,Вищий статус охорони,Помірна,Льон,0.85,Заблоковано
1054.11,Просте,48.94,Вищий статус охорони,Безпечний,Льон,0.94,Заблоковано
975.69,Стандартне,15.81,Не охороняється,Безпечний,Скло,3.87,Заблоковано
636.92,Просте,49.53,Вищий статус охорони,Помірна,Залізо,3.3,Узгоджено
1171.43,Стандартне,49.58,Невелике занепокоєння,Безпечний,Залізо,2.1,Заблоковано
835.67,Стандартне,74.4,Не охороняється,Помірна,Льон,0.41,Узгоджено
837.21,Стандартне,22.61,Вищий статус охорони,Помірна,Поліпропілен,6.98,Заблоковано
910.08,Просте,52.33,Вищий статус охорони,Помірна,Залізо,4.35,Узгоджено
1188.92,Просте,34.7,Вищий статус охорони,Безпечний,Поліпропілен,1.01,Заблоковано
948.83,Стандартне,51.15,Невелике занепокоєння,Помірна,Залізо,3.27,Заблоковано
968.41,Просте,27.56,Вищий статус охорони,Висока,Залізо,1.07,Заблоковано
571.62,Коштовне,33.43,Вищий статус охорони,Висока,Поліпропілен,6.78,Узгоджено
1025.21,Просте,32.57,Вищий статус охорони,Висока,Скло,4.83,Заблоковано
1161.66,Просте,49.33,Вищий статус охорони,Безпечний,Льон,5.31,Заблоковано
928.18,Стандартне,66.36,Невелике занепокоєння,Безпечний,Поліпропілен,3.06,Узгоджено
849.89,Просте,63.35,Не охороняється,Висока,Скло,2.73,Узгоджено
888.18,Стандартне,39.42,Не охороняється,Безпечний,Поліпропілен,1.7,Заблоковано
1148.12,Коштовне,48.8,Невелике занепокоєння,Висока,Льон,4.86,Заблоковано
685.01,Стандартне,20.19,Не охороняється,Безпечний,Льон,0.87,Узгоджено
1138.66,Просте,37.7,Вищий статус охорони,Помірна,Поліпропілен,4.84,Заблоковано
721.1,Просте,40.44,Вищий статус охорони,Помірна,Залізо,0.44,Узгоджено
1006.99,Коштовне,33.56,Не охороняється,Безпечний,Скло,4.46,Заблоковано
473.49,Просте,94.27,Невелике занепокоєння,Висока,Залізо,1.66,Узгоджено
1296.05,Стандартне,50.15,Вищий статус охорони,Помірна,Залізо,2.59,Заблоковано
849.27,Стандартне,41.4,Не охороняється,Висока,Скло,3.77,Узгоджено
852.0,Коштовне,41.67,Не охороняється,Безпечний,Скло,3.58,Узгоджено
506.64,Просте,72.15,Невелике занепокоєння,Помірна,Поліпропілен,4.23,Узгоджено
799.79,Просте,55.45,Не охороняється,Безпечний,Залізо,4.75,Узгоджено
1228.08,Просте,61.82,Невелике занепокоєння,Помірна,Залізо,3.89,Заблоковано
997.22,Коштовне,39.76,Вищий статус охорони,Помірна,Залізо,2.87,Заблоковано
829.21,Коштовне,55.06,Вищий статус охорони,Помірна,Залізо,1.14,Узгоджено
1009.2,Просте,70.85,Невелике занепокоєння,Помірна,Поліпропілен,3.27,Заблоковано
816.08,Коштовне,41.15,Не охороняється,Помірна,Залізо,1.33,Узгоджено
1243.01,Стандартне,35.43,Невелике занепокоєння,Помірна,Поліпропілен,2.15,Заблоковано
916.03,Коштовне,55.83,Не охороняється,Помірна,Льон,0.0,Узгоджено
920.62,Стандартне,44.26,Не охороняється,Безпечний,Поліпропілен,0.0,Заблоковано
789.81,Стандартне,38.26,Невелике занепокоєння,Висока,Льон,2.06,Узгоджено
947.12,Стандартне,52.31,Вищий статус охорони,Безпечний,Залізо,2.04,Заблоковано
860.31,Просте,53.76,Не охороняється,Безпечний,Залізо,3.05,Узгоджено
716.89,Просте,55.36,Вищий статус охорони,Безпечний,Скло,2.64,Узгоджено
1139.01,Коштовне,49.21,Невелике занепокоєння,Висока,Льон,1.71,Заблоковано
1314.88,Просте,40.64,Невелике занепокоєння,Помірна,Залізо,4.86,Заблоковано
1148.79,Стандартне,33.56,Не охороняється,Безпечний,Льон,2.29,Заблоковано
1109.93,Просте,59.4,Вищий статус охорони,Безпечний,Скло,3.18,Заблоковано
724.53,Коштовне,50.22,Невелике занепокоєння,Висока,Залізо,0.72,Узгоджено
973.53,Просте,46.15,Вищий статус охорони,Помірна,Поліпропілен,2.2,Заблоковано
1094.72,Просте,54.01,Не охороняється,Висока,Льон,1.66,Заблоковано
670.09,Коштовне,45.84,Не охороняється,Безпечний,Льон,4.15,Узгоджено
1251.67,Коштовне,47.8,Невелике занепокоєння,Помірна,Поліпропілен,3.68,Заблоковано
615.51,Стандартне,60.72,Не охороняється,Безпечний,Скло,3.92,Узгоджено
938.62,Просте,57.64,Невелике занепокоєння,Висока,Поліпропілен,0.46,Заблоковано
868.91,Стандартне,52.01,Невелике занепокоєння,Висока,Залізо,1.51,Узгоджено
1057.03,Стандартне,27.41,Невелике занепокоєння,Висока,Поліпропілен,4.37,Заблоковано
757.65,Коштовне,51.32,Вищий статус охорони,Безпечний,Поліпропілен,4.83,Узгоджено
1124.03,Коштовне,50.04,Вищий статус охорони,Безпечний,Залізо,3.13,Заблоковано
1076.93,Коштовне,48.64,Невелике занепокоєння,Помірна,Скло,6.06,Заблоковано
1118.09,Просте,44.52,Невелике занепокоєння,Безпечний,Поліпропілен,3.64,Заблоковано
938.89,Коштовне,32.2,Невелике занепокоєння,Висока,Скло,2.62,Заблоковано
919.73,Стандартне,57.69,Вищий статус охорони,Помірна,Поліпропілен,0.81,Узгоджено
904.25,Коштовне,48.23,Невелике занепокоєння,Помірна,Скло,0.2,Узгоджено
602.89,Стандартне,51.18,Вищий статус охорони,Безпечний,Скло,2.51,Узгоджено
714.25,Коштовне,45.63,Вищий статус охорони,Помірна,Залізо,0.0,Узгоджено
920.29,Коштовне,70.66,Вищий статус охорони,Висока,Залізо,0.0,Узгоджено
924.94,Стандартне,6.16,Вищий статус охорони,Висока,Залізо,4.89,Заблоковано
956.89,Коштовне,53.84,Не охороняється,Помірна,Залізо,7.73,Заблоковано
877.46,Коштовне,55.69,Невелике занепокоєння,Помірна,Поліпропілен,2.98,Узгоджено
825.46,Коштовне,50.06,Вищий статус охорони,Помірна,Поліпропілен,3.21,Узгоджено
947.72,Просте,51.99,Не охороняється,Безпечний,Льон,1.89,Заблоковано
844.91,Стандартне,70.44,Не охороняється,Безпечний,Льон,0.27,Узгоджено
1138.92,Просте,34.6,Вищий статус охорони,Висока,Скло,0.0,Заблоковано
863.24,Стандартне,56.78,Не охороняється,Помірна,Льон,4.18,Узгоджено
1060.24,Стандартне,67.26,Невелике занепокоєння,Висока,Скло,4.59,Заблоковано
670.09,Коштовне,38.66,Не охороняється,Безпечний,Скло,2.21,Узгоджено
861.4,Стандартне,69.71,Не охороняється,Висока,Залізо,0.0,Узгоджено
1109.17,Просте,38.39,Не охороняється,Помірна,Поліпропілен,3.26,Заблоковано
679.57,Коштовне,61.45,Не охороняється,Помірна,Скло,0.0,Узгоджено
983.68,Стандартне,68.85,Не охороняється,Безпечний,Льон,0.0,Заблоковано
1001.81,Стандартне,30.31,Не охороняється,Висока,Поліпропілен,3.94,Заблоковано
927.78,Стандартне,39.32,Не охороняється,Безпечний,Льон,1.31,Заблоковано
1006.19,Просте,0.85,Вищий статус охорони,Безпечний,Льон,3.39,Заблоковано
602.64,Стандартне,52.26,Не охороняється,Висока,Залізо,1.1,Узгоджено
837.04,Просте,47.19,Невелике занепокоєння,Помірна,Залізо,2.91,Узгоджено
936.78,Коштовне,37.41,Вищий статус охорони,Безпечний,Поліпропілен,2.88,Заблоковано
643.79,Коштовне,62.11,Невелике занепокоєння,Висока,Поліпропілен,4.47,Узгоджено
812.01,Коштовне,53.4,Вищий статус охорони,Висока,Залізо,1.52,Узгоджено
792.19,Стандартне,63.33,Вищий статус охорони,Безпечний,Скло,1.42,Узгоджено
843.77,Просте,17.92,Невелике занепокоєння,Безпечний,Поліпропілен,4.13,Заблоковано
883.67,Коштовне,44.2,Не охороняється,Помірна,Поліпропілен,4.19,Узгоджено
825.12,Коштовне,37.9,Не охороняється,Безпечний,Льон,5.73,Узгоджено
820.92,Стандартне,53.64,Вищий статус охорони,Висока,Льон,4.71,Узгоджено
942.02,Стандартне,47.01,Не охороняється,Висока,Скло,3.2,Заблоковано
669.59,Просте,53.27,Невелике занепокоєння,Безпечний,Поліпропілен,0.1,Узгоджено
766.5,Просте,38.44,Невелике занепокоєння,Безпечний,Залізо,4.76,Узгоджено
687.38,Стандартне,40.58,Не охороняється,Помірна,Поліпропілен,6.34,Узгоджено
692.3,Коштовне,44.88,Вищий статус охорони,Безпечний,Льон,3.73,Узгоджено
991.37,Просте,22.34,Невелике занепокоєння,Помірна,Залізо,3.08,Заблоковано
1105.03,Стандартне,63.45,Вищий статус охорони,Висока,Залізо,2.7,Заблоковано
1108.61,Стандартне,17.52,Вищий статус охорони,Безпечний,Залізо,0.0,Заблоковано
916.71,Коштовне,22.84,Не охороняється,Висока,Поліпропілен,2.64,Заблоковано
915.27,Просте,46.92,Не охороняється,Помірна,Льон,3.23,Заблоковано
1116.74,Просте,39.48,Вищий статус охорони,Безпечний,Льон,5.6,Заблоковано
989.16,Коштовне,32.18,Вищий статус охорони,Безпечний,Скло,4.28,Заблоковано
763.77,Коштовне,57.76,Невелике занепокоєння,Помірна,Поліпропілен,2.98,Узгоджено
1437.8,Стандартне,35.81,Невелике занепокоєння,Висока,Поліпропілен,0.85,Заблоковано
1011.72,Стандартне,12.68,Не охороняється,Висока,Скло,6.03,Заблоковано
1005.37,Коштовне,38.47,Вищий статус охорони,Висока,Скло,1.05,Заблоковано
1134.95,Коштовне,35.24,Не охороняється,Безпечний,Скло,5.46,Заблоковано
775.1,Коштовне,30.3,Вищий статус охорони,Висока,Скло,3.65,Узгоджено
978.73,Стандартне,62.97,Невелике занепокоєння,Помірна,Поліпропілен,3.73,Заблоковано
688.2,Стандартне,34.55,Невелике занепокоєння,Безпечний,Поліпропілен,4.76,Узгоджено
874.66,Коштовне,40.41,Невелике занепокоєння,Безпечний,Поліпропілен,2.62,Узгоджено
870.05,Просте,21.55,Невелике занепокоєння,Помірна,Поліпропілен,3.37,Заблоковано
950.94,Стандартне,50.52,Не охороняється,Помірна,Залізо,0.44,Заблоковано
593.25,Коштовне,40.17,Вищий статус охорони,Безпечний,Льон,6.73,Узгоджено
886.19,Коштовне,23.71,Вищий статус охорони,Помірна,Поліпропілен,2.75,Заблоковано
912.64,Стандартне,66.41,Вищий статус охорони,Висока,Поліпропілен,0.41,Узгоджено
882.19,Коштовне,31.81,Не охороняється,Висока,Поліпропілен,0.0,Заблоковано
1059.06,Коштовне,32.38,Невелике занепокоєння,Помірна,Скло,3.36,Заблоковано
1092.98,Коштовне,18.69,Вищий статус охорони,Безпечний,Поліпропілен,0.98,Заблоковано
926.51,Стандартне,28.06,Вищий статус охорони,Висока,Льон,0.81,Заблоковано
1006.48,Стандартне,55.09,Не охороняється,Безпечний,Залізо,0.0,Заблоковано
895.57,Стандартне,53.37,Не охороняється,Помірна,Поліпропілен,2.81,Узгоджено
993.62,Коштовне,62.34,Вищий статус охорони,Висока,Залізо,0.07,Заблоковано
765.09,Стандартне,67.72,Не охороняється,Висока,Залізо,4.09,Узгоджено
1070.39,Просте,19.56,Вищий статус охорони,Висока,Залізо,1.21,Заблоковано
1044.31,Стандартне,58.15,Вищий статус охорони,Безпечний,Поліпропілен,0.0,Заблоковано
930.79,Коштовне,65.93,Не охороняється,Висока,Залізо,1.85,Узгоджено
1034.41,Просте,44.29,Не охороняється,Помірна,Поліпропілен,0.0,Заблоковано
882.72,Стандартне,61.74,Вищий статус охорони,Висока,Льон,0.36,Узгоджено
974.55,Коштовне,58.07,Вищий статус охорони,Безпечний,Залізо,0.97,Заблоковано
906.45,Просте,50.25,Не охороняється,Безпечний,Залізо,0.17,Узгоджено
1031.71,Коштовне,35.82,Вищий статус охорони,Висока,Залізо,2.36,Заблоковано
929.05,Стандартне,52.58,Вищий статус охорони,Помірна,Поліпропілен,1.22,Заблоковано
763.3,Просте,31.8,Не охороняється,Помірна,Поліпропілен,3.31,Узгоджено
782.2,Коштовне,65.01,Не охороняється,Помірна,Скло,2.77,Узгоджено
1170.62,Просте,27.64,Невелике занепокоєння,Безпечний,Льон,3.03,Заблоковано
497.57,Стандартне,42.57,Не охороняється,Помірна,Поліпропілен,1.58,Узгоджено
1026.63,Стандартне,35.31,Вищий статус охорони,Безпечний,Скло,0.0,Заблоковано
923.47,Просте,46.85,Не охороняється,Висока,Залізо,4.61,Заблоковано
663.98,Просте,53.35,Не охороняється,Безпечний,Скло,4.18,Узгоджено
973.36,Стандартне,54.3,Невелике занепокоєння,Безпечний,Льон,3.55,Заблоковано
665.94,Просте,68.73,Вищий статус охорони,Помірна,Льон,2.01,Узгоджено
868.81,Просте,57.67,Не охороняється,Безпечний,Залізо,2.38,Узгоджено
834.85,Стандартне,34.31,Невелике занепокоєння,Висока,Залізо,0.65,Узгоджено
860.31,Коштовне,53.95,Невелике занепокоєння,Висока,Льон,0.47,Узгоджено
828.96,Коштовне,19.32,Не охороняється,Помірна,Поліпропілен,6.76,Заблоковано
792.15,Коштовне,50.88,Вищий статус охорони,Висока,Льон,2.69,Узгоджено
884.49,Просте,31.34,Невелике занепокоєння,Помірна,Залізо,2.14,Заблоковано
583.15,Коштовне,39.25,Не охороняється,Помірна,Поліпропілен,4.28,Узгоджено
832.61,Коштовне,71.05,Не охороняється,Помірна,Залізо,3.77,Узгоджено
1231.87,Коштовне,45.28,Не охороняється,Висока,Поліпропілен,5.26,Заблоковано
663.76,Просте,35.67,Невелике занепокоєння,Помірна,Скло,8.05,Узгоджено
1016.0,Коштовне,40.31,Вищий статус охорони,Помірна,Поліпропілен,5.06,Заблоковано
901.21,Просте,25.99,Вищий статус охорони,Безпечний,Скло,1.27,Заблоковано
1288.75,Стандартне,40.89,Не охороняється,Висока,Поліпропілен,4.14,Заблоковано
631.1,Просте,51.18,Вищий статус охорони,Безпечний,Залізо,4.14,Узгоджено
726.71,Стандартне,44.41,Не охороняється,Помірна,Залізо,2.69,Узгоджено
620.37,Коштовне,35.08,Вищий статус охорони,Висока,Скло,1.11,Узгоджено
782.75,Просте,34.86,Невелике занепокоєння,Безпечний,Поліпропілен,2.73,Узгоджено
759.6,Коштовне,38.06,Вищий статус охорони,Помірна,Поліпропілен,2.59,Узгоджено
1062.66,Стандартне,36.89,Вищий статус охорони,Безпечний,Скло,2.01,Заблоковано
991.37,Стандартне,65.7,Вищий статус охорони,Помірна,Скло,1.36,Заблоковано
737.25,Стандартне,32.2,Не охороняється,Безпечний,Льон,0.29,Узгоджено
986.38,Стандартне,51.03,Вищий статус охорони,Безпечний,Залізо,3.36,Заблоковано
750.12,Просте,25.61,Вищий статус охорони,Помірна,Поліпропілен,0.99,Узгоджено
684.48,Коштовне,43.93,Не охороняється,Висока,Льон,3.95,Узгоджено
809.19,Стандартне,44.23,Невелике занепокоєння,Помірна,Льон,0.33,Узгоджено
1324.11,Стандартне,70.04,Не охороняється,Висока,Поліпропілен,1.82,Заблоковано
694.75,Коштовне,31.9,Вищий статус охорони,Висока,Льон,1.3,Узгоджено
817.0,Стандартне,40.34,Невелике занепокоєння,Безпечний,Поліпропілен,1.34,Узгоджено
722.37,Стандартне,31.05,Не охороняється,Висока,Льон,3.38,Узгоджено
1110.46,Просте,60.37,Вищий статус охорони,Безпечний,Поліпропілен,0.73,Заблоковано
709.95,Стандартне,47.57,Не охороняється,Безпечний,Скло,1.63,Узгоджено
1094.21,Коштовне,6.0,Невелике занепокоєння,Помірна,Льон,0.0,Заблоковано
671.89,Просте,51.79,Не охороняється,Помірна,Льон,2.87,Узгоджено
883.65,Стандартне,31.75,Невелике занепокоєння,Помірна,Льон,4.56,Заблоковано
805.21,Стандартне,51.98,Не охороняється,Помірна,Скло,4.84,Узгоджено
547.58,Просте,49.82,Вищий статус охорони,Помірна,Залізо,4.31,Узгоджено
1048.05,Коштовне,30.94,Вищий статус охорони,Безпечний,Залізо,1.9,Заблоковано
1162.13,Просте,16.32,Вищий статус охорони,Помірна,Льон,4.95,Заблоковано
963.35,Коштовне,41.62,Не охороняється,Помірна,Льон,5.52,Заблоковано
1081.35,Коштовне,59.8,Невелике занепокоєння,Висока,Скло,0.0,Заблоковано
727.95,Просте,42.13,Не охороняється,Безпечний,Залізо,2.46,Узгоджено
725.81,Коштовне,37.37,Невелике занепокоєння,Висока,Залізо,0.0,Узгоджено
749.31,Коштовне,37.24,Невелике занепокоєння,Безпечний,Залізо,2.91,Узгоджено
634.54,Коштовне,25.96,Не охороняється,Помірна,Скло,3.25,Узгоджено
904.6,Стандартне,51.14,Невелике занепокоєння,Помірна,Скло,2.97,Узгоджено
938.42,Коштовне,49.31,Не охороняється,Безпечний,Залізо,1.17,Заблоковано
687.97,Просте,59.19,Не охороняється,Помірна,Скло,4.91,Узгоджено
571.62,Стандартне,45.67,Не охороняється,Висока,Скло,0.0,Узгоджено
937.09,Коштовне,39.72,Невелике занепокоєння,Безпечний,Скло,1.66,Заблоковано
870.29,Стандартне,72.65,Не охороняється,Висока,Льон,1.06,Узгоджено
705.38,Стандартне,51.53,Не охороняється,Висока,Поліпропілен,0.0,Узгоджено
968.33,Просте,25.29,Вищий статус охорони,Безпечний,Поліпропілен,0.05,Заблоковано
1030.77,Стандартне,48.46,Не охороняється,Безпечний,Скло,1.62,Заблоковано
1142.4,Коштовне,57.0,Не охороняється,Висока,Льон,2.76,Заблоковано
764.2,Просте,43.33,Невелике занепокоєння,Висока,Залізо,2.99,Узгоджено
778.15,Стандартне,41.11,Вищий статус охорони,Помірна,Скло,2.39,Узгоджено
899.69,Коштовне,52.99,Не охороняється,Безпечний,Поліпропілен,4.95,Узгоджено
590.48,Просте,34.65,Вищий статус охорони,Безпечний,Скло,4.21,Узгоджено
883.65,Коштовне,50.06,Не охороняється,Безпечний,Поліпропілен,2.64,Узгоджено
960.03,Стандартне,47.19,Не охороняється,Помірна,Скло,3.24,Заблоковано
955.32,Коштовне,58.99,Не охороняється,Помірна,Поліпропілен,0.0,Заблоковано
850.65,Просте,35.24,Невелике занепокоєння,Помірна,Залізо,2.45,Узгоджено
1249.37,Стандартне,51.55,Не охороняється,Помірна,Поліпропілен,0.0,Заблоковано
1029.73,Коштовне,58.9,Не охороняється,Помірна,Залізо,3.03,Заблоковано
788.95,Просте,39.17,Невелике занепокоєння,Висока,Льон,3.57,Узгоджено
620.47,Просте,45.5,Невелике занепокоєння,Помірна,Скло,0.91,Узгоджено
994.56,Коштовне,37.11,Не охороняється,Помірна,Поліпропілен,2.92,Заблоковано
781.95,Просте,51.73,Не охороняється,Безпечний,Поліпропілен,4.16,Узгоджено
953.06,Стандартне,13.6,Не охороняється,Безпечний,Скло,0.0,Заблоковано
799.24,Просте,66.7,Вищий статус охорони,Безпечний,Поліпропілен,3.55,Узгоджено
915.15,Просте,39.47,Невелике занепокоєння,Безпечний,Льон,0.0,Заблоковано
1054.91,Коштовне,31.39,Невелике занепокоєння,Висока,Льон,0.54,Заблоковано
1107.31,Коштовне,30.11,Невелике занепокоєння,Помірна,Скло,4.01,Заблоковано
720.22,Стандартне,64.06,Не охороняється,Висока,Поліпропілен,4.34,Узгоджено
793.94,Просте,20.23,Не охороняється,Безпечний,Скло,0.82,Узгоджено
1019.53,Коштовне,63.44,Невелике занепокоєння,Висока,Поліпропілен,0.97,Заблоковано
807.1,Просте,30.43,Невелике занепокоєння,Безпечний,Поліпропілен,7.26,Узгоджено
965.28,Просте,56.15,Не охороняється,Безпечний,Поліпропілен,4.27,Заблоковано
1105.91,Просте,32.57,Невелике занепокоєння,Помірна,Поліпропілен,0.67,Заблоковано
795.26,Просте,35.84,Невелике занепокоєння,Безпечний,Скло,8.76,Узгоджено
662.35,Просте,5.78,Не охороняється,Помірна,Скло,4.69,Узгоджено
664.08,Стандартне,50.6,Невелике занепокоєння,Безпечний,Залізо,1.71,Узгоджено
1351.77,Коштовне,52.45,Вищий статус охорони,Безпечний,Поліпропілен,3.3,Заблоковано
1053.19,Стандартне,50.26,Невелике занепокоєння,Висока,Поліпропілен,5.3,Заблоковано
867.76,Просте,33.67,Вищий статус охорони,Помірна,Скло,1.03,Заблоковано
913.06,Коштовне,50.47,Невелике занепокоєння,Помірна,Залізо,3.41,Узгоджено
701.02,Стандартне,32.64,Невелике занепокоєння,Висока,Поліпропілен,8.28,Узгоджено
723.36,Просте,45.39,Невелике занепокоєння,Висока,Поліпропілен,3.65,Узгоджено
867.73,Стандартне,44.27,Вищий статус охорони,Помірна,Льон,0.0,Узгоджено
1180.62,Коштовне,28.2,Вищий статус охорони,Безпечний,Льон,3.82,Заблоковано
919.36,Просте,56.16,Невелике занепокоєння,Висока,Льон,5.65,Узгоджено
724.8,Стандартне,23.89,Невелике занепокоєння,Безпечний,Поліпропілен,0.27,Узгоджено
994.56,Просте,36.33,Не охороняється,Висока,Льон,0.17,Заблоковано
1266.37,Просте,36.14,Не охороняється,Висока,Скло,2.32,Заблоковано
1201.52,Просте,45.84,Невелике занепокоєння,Помірна,Скло,2.16,Заблоковано
810.73,Коштовне,46.24,Не охороняється,Висока,Льон,4.03,Узгоджено
656.33,Просте,34.33,Не охороняється,Безпечний,Поліпропілен,1.84,Узгоджено
721.99,Стандартне,29.18,Вищий статус охорони,Помірна,Залізо,0.0,Узгоджено
1259.88,Просте,55.5,Не охороняється,Помірна,Льон,2.17,Заблоковано
818.63,Коштовне,39.81,Невелике занепокоєння,Безпечний,Залізо,2.51,Узгоджено
923.3,Стандартне,22.6,Не охороняється,Безпечний,Скло,1.97,Заблоковано
946.34,Коштовне,50.07,Невелике занепокоєння,Помірна,Залізо,3.86,Заблоковано
712.83,Стандартне,47.61,Вищий статус охорони,Безпечний,Льон,2.73,Узгоджено
1073.69,Коштовне,44.61,Невелике занепокоєння,Висока,Залізо,1.97,Заблоковано
894.69,Коштовне,62.01,Не охороняється,Безпечний,Залізо,6.39,Узгоджено
795.08,Просте,38.85,Вищий статус охорони,Висока,Поліпропілен,0.81,Узгоджено
829.31,Коштовне,49.82,Не охороняється,Висока,Поліпропілен,3.25,Узгоджено
636.44,Просте,79.94,Невелике занепокоєння,Помірна,Льон,3.61,Узгоджено
626.85,Коштовне,41.4,Не охороняється,Безпечний,Скло,1.27,Узгоджено
784.89,Коштовне,26.85,Не охороняється,Висока,Залізо,0.92,Узгоджено
961.18,Коштовне,34.24,Невелике занепокоєння,Висока,Льон,3.85,Заблоковано
776.24,Коштовне,16.78,Невелике занепокоєння,Безпечний,Скло,0.0,Узгоджено
994.69,Стандартне,50.12,Не охороняється,Висока,Поліпропілен,0.0,Заблоковано
909.28,Стандартне,25.46,Невелике занепокоєння,Безпечний,Льон,4.91,Заблоковано
806.17,Коштовне,45.0,Не охороняється,Помірна,Льон,0.93,Узгоджено
906.62,Коштовне,37.54,Невелике занепокоєння,Безпечний,Льон,1.65,Заблоковано
611.76,Стандартне,38.65,Не охороняється,Помірна,Поліпропілен,3.63,Узгоджено
733.46,Просте,16.46,Вищий статус охорони,Висока,Поліпропілен,2.86,Узгоджено
686.83,Коштовне,39.92,Невелике занепокоєння,Помірна,Льон,3.35,Узгоджено
1027.07,Просте,31.26,Не охороняється,Безпечний,Скло,0.0,Заблоковано
947.95,Стандартне,53.91,Не охороняється,Безпечний,Скло,2.88,Заблоковано
854.5,Просте,63.22,Не охороняється,Висока,Льон,3.92,Узгоджено
1103.08,Стандартне,20.81,Вищий статус охорони,Помірна,Поліпропілен,0.45,Заблоковано
1196.88,Просте,61.76,Невелике занепокоєння,Безпечний,Льон,3.29,Заблоковано
867.45,Стандартне,37.37,Невелике занепокоєння,Помірна,Льон,4.7,Узгоджено
1091.97,Коштовне,41.74,Вищий статус охорони,Висока,Льон,1.14,Заблоковано
1023.76,Стандартне,54.35,Вищий статус охорони,Висока,Льон,0.0,Заблоковано
803.17,Стандартне,45.72,Невелике занепокоєння,Висока,Льон,1.88,Узгоджено
772.95,Коштовне,33.99,Вищий статус охорони,Висока,Поліпропілен,5.3,Узгоджено
1356.75,Коштовне,14.25,Невелике занепокоєння,Безпечний,Скло,4.45,Заблоковано
983.24,Коштовне,37.69,Не охороняється,Помірна,Залізо,4.9,Заблоковано
997.06,Просте,59.08,Не охороняється,Безпечний,Скло,2.15,Заблоковано
1056.54,Коштовне,51.3,Не охороняється,Висока,Льон,2.17,Заблоковано
1213.73,Коштовне,41.68,Вищий статус охорони,Висока,Скло,5.94,Заблоковано
988.55,Просте,20.43,Не охороняється,Помірна,Льон,1.83,Заблоковано
864.21,Просте,53.17,Невелике занепокоєння,Помірна,Залізо,0.0,Узгоджено
1047.41,Просте,26.49,Невелике занепокоєння,Висока,Скло,0.0,Заблоковано
906.17,Просте,44.29,Невелике занепокоєння,Помірна,Залізо,5.62,Заблоковано
1072.83,Стандартне,49.63,Вищий статус охорони,Помірна,Залізо,0.99,Заблоковано
996.09,Стандартне,49.13,Не охороняється,Безпечний,Скло,3.38,Заблоковано
849.28,Коштовне,59.65,Не охороняється,Безпечний,Льон,1.4,Узгоджено
894.9,Коштовне,75.07,Вищий статус охорони,Висока,Льон,1.07,Узгоджено
1025.66,Коштовне,31.24,Не охороняється,Помірна,Скло,0.37,Заблоковано
1213.73,Стандартне,60.11,Вищий статус охорони,Помірна,Льон,2.1,Заблоковано
617.77,Стандартне,48.44,Невелике занепокоєння,Безпечний,Залізо,0.59,Узгоджено
783.68,Просте,58.37,Невелике занепокоєння,Безпечний,Скло,2.46,Узгоджено
823.42,Просте,31.21,Невелике занепокоєння,Помірна,Поліпропілен,4.5,Узгоджено
491.05,Просте,49.14,Не охороняється,Помірна,Скло,1.14,Узгоджено
965.4,Коштовне,51.21,Не охороняється,Безпечний,Скло,0.0,Заблоковано
1048.26,Стандартне,58.97,Невелике занепокоєння,Безпечний,Залізо,4.08,Заблоковано
1035.11,Стандартне,17.14,Не охороняється,Безпечний,Скло,2.98,Заблоковано
1014.85,Стандартне,23.25,Невелике занепокоєння,Безпечний,Залізо,3.03,Заблоковано
806.57,Коштовне,44.21,Невелике занепокоєння,Безпечний,Поліпропілен,1.83,Узгоджено
1033.65,Стандартне,42.69,Вищий статус охорони,Висока,Льон,0.47,Заблоковано
971.98,Стандартне,60.41,Невелике занепокоєння,Помірна,Поліпропілен,0.87,Заблоковано
608.57,Стандартне,71.47,Вищий статус охорони,Помірна,Льон,1.77,Узгоджено
525.51,Коштовне,32.27,Невелике занепокоєння,Помірна,Скло,2.43,Узгоджено
841.01,Стандартне,40.24,Не охороняється,Помірна,Льон,1.9,Узгоджено
1023.76,Коштовне,44.5,Невелике занепокоєння,Безпечний,Скло,1.86,Заблоковано
720.44,Просте,27.8,Невелике занепокоєння,Безпечний,Поліпропілен,4.17,Узгоджено
850.73,Коштовне,79.94,Вищий статус охорони,Помірна,Скло,0.94,Узгоджено
924.13,Просте,39.96,Невелике занепокоєння,Висока,Залізо,2.48,Заблоковано
988.02,Просте,58.37,Вищий статус охорони,Висока,Залізо,0.0,Заблоковано
745.42,Стандартне,39.42,Невелике занепокоєння,Помірна,Залізо,0.58,Узгоджено
888.84,Коштовне,13.43,Вищий статус охорони,Висока,Льон,0.0,Заблоковано
1097.8,Просте,31.33,Не охороняється,Висока,Поліпропілен,1.44,Заблоковано
840.19,Коштовне,30.06,Вищий статус охорони,Висока,Поліпропілен,0.0,Узгоджено
944.34,Стандартне,35.78,Не охороняється,Висока,Залізо,4.25,Заблоковано
1143.94,Просте,23.45,Невелике занепокоєння,Висока,Скло,2.47,Заблоковано
630.36,Просте,16.46,Не охороняється,Безпечний,Скло,1.81,Узгоджено
957.94,Стандартне,40.76,Не охороняється,Безпечний,Льон,0.0,Заблоковано
1104.97,Просте,21.1,Невелике занепокоєння,Висока,Скло,3.65,Заблоковано
967.39,Просте,65.0,Не охороняється,Безпечний,Поліпропілен,1.07,Заблоковано
1054.9,Стандартне,23.11,Не охороняється,Висока,Льон,2.72,Заблоковано
1151.63,Стандартне,38.88,Не охороняється,Безпечний,Поліпропілен,0.87,Заблоковано
904.72,Просте,58.24,Не охороняється,Помірна,Залізо,1.83,Узгоджено
927.64,Стандартне,67.69,Не охороняється,Висока,Скло,5.69,Узгоджено
730.0,Коштовне,45.59,Не охороняється,Помірна,Залізо,3.12,Узгоджено
821.31,Стандартне,101.55,Невелике занепокоєння,Безпечний,Скло,0.64,Узгоджено
786.8,Коштовне,37.41,Не охороняється,Безпечний,Скло,3.16,Узгоджено
776.87,Стандартне,-11.06,Невелике занепокоєння,Помірна,Скло,5.9,Заблоковано
921.51,Коштовне,54.96,Невелике занепокоєння,Помірна,Льон,2.92,Узгоджено
825.13,Коштовне,43.2,Не охороняється,Висока,Льон,8.05,Узгоджено
798.5,Стандартне,36.53,Вищий статус охорони,Безпечний,Скло,4.79,Узгоджено
619.66,Коштовне,66.51,Не охороняється,Безпечний,Залізо,0.0,Узгоджено
865.19,Коштовне,47.76,Вищий статус охорони,Безпечний,Залізо,0.58,Узгоджено
1378.11,Коштовне,47.2,Вищий статус охорони,Висока,Поліпропілен,3.81,Заблоковано
1123.73,Просте,28.18,Вищий статус охорони,Помірна,Льон,2.86,Заблоковано
1192.1,Просте,35.4,Невелике занепокоєння,Безпечний,Льон,0.0,Заблоковано
635.76,Просте,48.33,Вищий статус охорони,Помірна,Скло,1.07,Узгоджено
918.78,Коштовне,49.33,Вищий статус охорони,Висока,Льон,1.08,Заблоковано
821.16,Стандартне,45.99,Вищий статус охорони,Помірна,Скло,4.18,Узгоджено
1122.19,Просте,63.74,Невелике занепокоєння,Безпечний,Залізо,1.85,Заблоковано
699.99,Стандартне,56.16,Не охороняється,Безпечний,Скло,2.46,Узгоджено
860.6,Просте,22.45,Невелике занепокоєння,Висока,Льон,2.08,Заблоковано
1193.89,Просте,49.19,Не охороняється,Безпечний,Залізо,3.84,Заблоковано
1118.42,Просте,39.95,Не охороняється,Помірна,Скло,3.26,Заблоковано
1346.69,Коштовне,66.01,Вищий статус охорони,Безпечний,Скло,1.46,Заблоковано
814.29,Стандартне,-10.28,Невелике занепокоєння,Помірна,Залізо,0.91,Заблоковано
787.8,Коштовне,44.75,Невелике занепокоєння,Висока,Льон,4.0,Узгоджено
1359.26,Просте,35.24,Невелике занепокоєння,Помірна,Поліпропілен,0.92,Заблоковано
1138.15,Просте,44.51,Не охороняється,Помірна,Льон,2.51,Заблоковано
611.01,Стандартне,30.91,Не охороняється,Помірна,Поліпропілен,2.41,Узгоджено
815.61,Коштовне,43.14,Не охороняється,Висока,Скло,4.18,Узгоджено
742.29,Стандартне,48.56,Не охороняється,Безпечний,Поліпропілен,2.31,Узгоджено
964.0,Коштовне,19.88,Вищий статус охорони,Помірна,Скло,0.31,Заблоковано
766.5,Коштовне,65.37,Не охороняється,Безпечний,Поліпропілен,0.47,Узгоджено
830.7,Стандартне,53.56,Невелике занепокоєння,Безпечний,Залізо,0.45,Узгоджено
583.68,Стандартне,10.56,Не охороняється,Помірна,Льон,1.96,Узгоджено
968.89,Стандартне,60.0,Невелике занепокоєння,Висока,Залізо,1.86,Заблоковано
867.89,Просте,51.32,Не охороняється,Помірна,Поліпропілен,5.76,Узгоджено
711.78,Стандартне,36.06,Вищий статус охорони,Безпечний,Поліпропілен,4.23,Узгоджено
1266.37,Стандартне,38.31,Не охороняється,Помірна,Скло,2.9,Заблоковано
938.17,Стандартне,41.53,Не охороняється,Помірна,Поліпропілен,1.4,Заблоковано
573.83,Стандартне,42.42,Невелике занепокоєння,Безпечний,Льон,3.05,Узгоджено
782.58,Просте,59.11,Вищий статус охорони,Безпечний,Скло,6.86,Узгоджено
729.58,Коштовне,31.11,Невелике занепокоєння,Висока,Льон,4.41,Узгоджено
1028.95,Стандартне,58.79,Не охороняється,Висока,Поліпропілен,2.67,Заблоковано
780.81,Просте,38.66,Невелике занепокоєння,Безпечний,Поліпропілен,3.54,Узгоджено
767.08,Просте,47.04,Вищий статус охорони,Висока,Поліпропілен,2.92,Узгоджено
954.3,Коштовне,47.0,Не охороняється,Безпечний,Льон,0.82,Заблоковано
1070.68,Стандартне,41.74,Невелике занепокоєння,Помірна,Залізо,3.29,Заблоковано
848.05,Просте,19.1,Не охороняється,Безпечний,Скло,4.31,Заблоковано
672.75,Коштовне,50.89,Вищий статус охорони,Помірна,Льон,0.47,Узгоджено
946.88,Просте,41.57,Вищий статус охорони,Безпечний,Льон,5.3,Заблоковано
878.05,Стандартне,38.26,Невелике занепокоєння,Безпечний,Скло,1.87,Заблоковано
698.11,Коштовне,54.55,Невелике занепокоєння,Помірна,Скло,3.68,Узгоджено
1109.17,Стандартне,41.94,Вищий статус охорони,Висока,Поліпропілен,2.48,Заблоковано
734.35,Коштовне,40.29,Не охороняється,Висока,Залізо,0.89,Узгоджено
991.27,Стандартне,23.46,Не охороняється,Помірна,Залізо,4.9,Заблоковано
786.13,Стандартне,58.69,Не охороняється,Висока,Поліпропілен,0.0,Узгоджено
1033.81,Просте,43.51,Вищий статус охорони,Безпечний,Залізо,2.22,Заблоковано
1028.14,Просте,60.26,Невелике занепокоєння,Безпечний,Скло,0.73,Заблоковано
1033.65,Коштовне,42.43,Не охороняється,Висока,Скло,2.08,Заблоковано
723.27,Стандартне,38.77,Не охороняється,Висока,Поліпропілен,2.38,Узгоджено
820.75,Коштовне,38.88,Не охороняється,Безпечний,Залізо,2.86,Узгоджено
1057.73,Коштовне,41.75,Невелике занепокоєння,Безпечний,Скло,4.19,Заблоковано
764.72,Стандартне,59.52,Вищий статус охорони,Безпечний,Скло,0.27,Узгоджено
1062.22,Стандартне,70.99,Невелике занепокоєння,Безпечний,Скло,0.62,Заблоковано
1028.29,Просте,41.78,Не охороняється,Помірна,Льон,2.81,Заблоковано
937.35,Просте,47.33,Не охороняється,Безпечний,Льон,1.26,Заблоковано
918.4,Коштовне,61.87,Невелике занепокоєння,Помірна,Поліпропілен,3.03,Узгоджено
989.47,Стандартне,41.52,Не охороняється,Висока,Льон,3.59,Заблоковано
937.09,Просте,37.28,Вищий статус охорони,Помірна,Поліпропілен,0.75,Заблоковано
941.95,Коштовне,45.65,Невелике занепокоєння,Помірна,Льон,1.69,Заблоковано
1203.8,Просте,31.48,Вищий статус охорони,Помірна,Залізо,0.0,Заблоковано
1263.95,Стандартне,56.72,Вищий статус охорони,Безпечний,Льон,0.0,Заблоковано
899.59,Стандартне,49.48,Вищий статус охорони,Безпечний,Скло,2.44,Узгоджено
1201.48,Просте,48.99,Вищий статус охорони,Висока,Скло,1.98,Заблоковано
604.32,Коштовне,30.24,Невелике занепокоєння,Безпечний,Скло,3.27,Узгоджено
848.6,Коштовне,50.75,Не охороняється,Безпечний,Льон,0.88,Узгоджено
855.4,Коштовне,61.46,Не охороняється,Висока,Льон,3.53,Узгоджено
1046.26,Коштовне,52.03,Невелике занепокоєння,Помірна,Поліпропілен,2.18,Заблоковано
708.89,Коштовне,16.04,Невелике занепокоєння,Помірна,Скло,2.48,Узгоджено
1091.63,Коштовне,53.84,Не охороняється,Помірна,Залізо,4.13,Заблоковано
1006.81,Коштовне,62.0,Вищий статус охорони,Безпечний,Скло,3.22,Заблоковано
1126.82,Стандартне,37.7,Вищий статус охорони,Висока,Льон,3.93,Заблоковано
756.69,Просте,39.55,Невелике занепокоєння,Висока,Скло,3.89,Узгоджено
778.15,Просте,55.29,Невелике занепокоєння,Помірна,Скло,1.35,Узгоджено
906.53,Стандартне,44.52,Невелике занепокоєння,Висока,Скло,0.29,Заблоковано
749.31,Коштовне,53.4,Невелике занепокоєння,Безпечний,Поліпропілен,2.79,Узгоджено
862.49,Стандартне,33.1,Невелике занепокоєння,Помірна,Скло,0.26,Заблоковано
761.43,Стандартне,58.55,Не охороняється,Безпечний,Залізо,0.0,Узгоджено
1084.24,Просте,48.12,Невелике занепокоєння,Висока,Залізо,0.0,Заблоковано
522.87,Коштовне,56.61,Невелике занепокоєння,Висока,Скло,1.15,Узгоджено
797.49,Стандартне,7.72,Невелике занепокоєння,Помірна,Залізо,3.77,Заблоковано
890.36,Коштовне,56.92,Не охороняється,Помірна,Льон,3.13,Узгоджено
484.59,Стандартне,45.89,Вищий статус охорони,Висока,Залізо,1.08,Узгоджено
805.21,Просте,57.63,Вищий статус охорони,Безпечний,Поліпропілен,0.0,Узгоджено
1263.95,Коштовне,72.04,Невелике занепокоєння,Безпечний,Скло,3.92,Заблоковано
929.1,Стандартне,70.04,Вищий статус охорони,Помірна,Поліпропілен,1.19,Узгоджено
754.39,Коштовне,77.27,Вищий статус охорони,Висока,Скло,0.2,Узгоджено
1000.12,Коштовне,66.5,Невелике занепокоєння,Безпечний,Скло,7.39,Заблоковано
810.07,Коштовне,40.44,Невелике занепокоєння,Безпечний,Скло,0.0,Узгоджено
735.1,Просте,47.25,Невелике занепокоєння,Висока,Поліпропілен,1.22,Узгоджено
881.79,Коштовне,12.09,Невелике занепокоєння,Помірна,Скло,3.74,Заблоковано
795.36,Стандартне,55.65,Вищий статус охорони,Безпечний,Залізо,3.0,Узгоджено
991.27,Коштовне,50.42,Не охороняється,Безпечний,Залізо,2.33,Заблоковано
662.98,Коштовне,54.98,Не охороняється,Помірна,Залізо,0.94,Узгоджено
985.97,Просте,61.4,Вищий статус охорони,Безпечний,Поліпропілен,0.41,Заблоковано
846.79,Стандартне,64.49,Не охороняється,Безпечний,Скло,0.0,Узгоджено
995.58,Коштовне,30.24,Вищий статус охорони,Помірна,Льон,0.98,Заблоковано
837.22,Стандартне,45.72,Вищий статус охорони,Висока,Скло,8.82,Узгоджено
669.88,Коштовне,31.36,Невелике занепокоєння,Висока,Скло,3.73,Узгоджено
886.86,Стандартне,69.11,Вищий статус охорони,Висока,Поліпропілен,0.0,Узгоджено
1027.26,Коштовне,54.17,Не охороняється,Висока,Поліпропілен,0.83,Заблоковано
1075.77,Коштовне,50.89,Невелике занепокоєння,Безпечний,Скло,3.78,Заблоковано
850.89,Стандартне,60.0,Не охороняється,Висока,Поліпропілен,3.64,Узгоджено
850.22,Коштовне,24.63,Невелике занепокоєння,Безпечний,Льон,3.07,Заблоковано
956.88,Стандартне,37.67,Невелике занепокоєння,Безпечний,Залізо,1.2,Заблоковано
1051.66,Просте,3.46,Невелике занепокоєння,Висока,Поліпропілен,3.84,Заблоковано
968.86,Коштовне,29.56,Невелике занепокоєння,Помірна,Льон,0.0,Заблоковано
1060.27,Просте,53.27,Вищий статус охорони,Висока,Скло,3.18,Заблоковано
899.2,Стандартне,30.92,Вищий статус охорони,Помірна,Залізо,5.44,Заблоковано
1157.72,Просте,52.43,Вищий статус охорони,Висока,Скло,5.69,Заблоковано
1139.16,Просте,57.23,Не охороняється,Помірна,Льон,5.82,Заблоковано
865.18,Коштовне,30.5,Вищий статус охорони,Висока,Льон,0.0,Заблоковано
746.04,Просте,52.54,Не охороняється,Помірна,Поліпропілен,1.55,Узгоджено
952.91,Стандартне,48.08,Невелике занепокоєння,Висока,Поліпропілен,0.0,Заблоковано
731.46,Коштовне,47.68,Невелике занепокоєння,Безпечний,Льон,2.18,Узгоджено
806.08,Коштовне,21.77,Вищий статус охорони,Висока,Залізо,1.26,Узгоджено
1027.26,Стандартне,36.19,Не охороняється,Висока,Поліпропілен,1.92,Заблоковано
792.12,Коштовне,48.79,Невелике занепокоєння,Помірна,Залізо,0.0,Узгоджено
1075.25,Коштовне,23.68,Невелике занепокоєння,Помірна,Поліпропілен,5.56,Заблоковано
670.24,Стандартне,52.17,Невелике занепокоєння,Помірна,Скло,0.0,Узгоджено
953.38,Стандартне,32.89,Вищий статус охорони,Помірна,Скло,0.98,Заблоковано
852.0,Стандартне,73.28,Не охороняється,Безпечний,Залізо,6.24,Узгоджено
990.83,Просте,64.27,Невелике занепокоєння,Висока,Поліпропілен,4.28,Заблоковано
912.5,Просте,51.18,Невелике занепокоєння,Помірна,Льон,0.0,Узгоджено
1118.51,Стандартне,31.5,Не охороняється,Висока,Льон,2.26,Заблоковано
1054.66,Стандартне,48.21,Невелике занепокоєння,Безпечний,Скло,3.23,Заблоковано
745.42,Просте,51.64,Невелике занепокоєння,Висока,Залізо,4.98,Узгоджено
690.61,Просте,56.96,Не охороняється,Висока,Скло,1.23,Узгоджено
875.53,Стандартне,61.25,Невелике занепокоєння,Висока,Поліпропілен,3.32,Узгоджено
987.78,Просте,37.43,Не охороняється,Помірна,Поліпропілен,0.2,Заблоковано
1136.01,Просте,60.47,Невелике занепокоєння,Безпечний,Льон,0.95,Заблоковано
1044.84,Стандартне,26.63,Не охороняється,Висока,Залізо,2.3,Заблоковано
981.22,Просте,60.45,Вищий статус охорони,Безпечний,Льон,1.51,Заблоковано
942.25,Стандартне,31.92,Вищий статус охорони,Висока,Залізо,5.3,Заблоковано
602.01,Стандартне,43.37,Не охороняється,Висока,Поліпропілен,4.06,Узгоджено
766.35,Просте,51.79,Невелике занепокоєння,Безпечний,Скло,0.0,Узгоджено
936.87,Просте,67.25,Невелике занепокоєння,Помірна,Скло,4.82,Узгоджено
837.4,Стандартне,53.64,Вищий статус охорони,Висока,Залізо,2.81,Узгоджено
796.17,Коштовне,28.18,Вищий статус охорони,Безпечний,Скло,3.62,Узгоджено
1020.97,Стандартне,65.22,Вищий статус охорони,Помірна,Залізо,0.61,Заблоковано
690.02,Просте,19.9,Вищий статус охорони,Безпечний,Поліпропілен,0.0,Узгоджено
889.23,Стандартне,42.14,Невелике занепокоєння,Безпечний,Залізо,4.78,Узгоджено
1144.7,Коштовне,36.46,Невелике занепокоєння,Висока,Льон,2.32,Заблоковано
813.03,Просте,33.33,Невелике занепокоєння,Помірна,Залізо,2.52,Узгоджено
1266.49,Просте,60.59,Не охороняється,Безпечний,Скло,6.76,Заблоковано
1217.46,Коштовне,31.8,Невелике занепокоєння,Висока,Скло,2.89,Заблоковано
1088.64,Коштовне,46.25,Вищий статус охорони,Безпечний,Льон,3.0,Заблоковано
790.23,Коштовне,43.97,Не охороняється,Безпечний,Поліпропілен,0.0,Узгоджено
962.04,Стандартне,24.12,Невелике занепокоєння,Висока,Льон,0.0,Заблоковано
718.96,Стандартне,27.52,Невелике занепокоєння,Безпечний,Поліпропілен,1.35,Узгоджено
954.07,Коштовне,64.05,Невелике занепокоєння,Помірна,Поліпропілен,1.49,Узгоджено
752.5,Просте,44.78,Невелике занепокоєння,Помірна,Льон,4.55,Узгоджено
551.66,Стандартне,51.06,Вищий статус охорони,Помірна,Скло,0.78,Узгоджено
1098.92,Просте,44.88,Не охороняється,Безпечний,Льон,3.21,Заблоковано
1011.92,Коштовне,37.0,Невелике занепокоєння,Висока,Скло,0.0,Заблоковано
799.26,Просте,32.86,Вищий статус охорони,Безпечний,Залізо,0.0,Узгоджено
602.14,Стандартне,40.96,Вищий статус охорони,Безпечний,Скло,4.6,Узгоджено
1136.01,Коштовне,57.18,Не охороняється,Безпечний,Поліпропілен,6.3,Заблоковано
931.25,Коштовне,30.48,Вищий статус охорони,Помірна,Льон,0.69,Заблоковано
662.98,Стандартне,47.32,Невелике занепокоєння,Безпечний,Поліпропілен,5.11,Узгоджено
488.81,Просте,26.39,Не охороняється,Безпечний,Скло,0.85,Узгоджено
1139.85,Коштовне,65.7,Невелике занепокоєння,Безпечний,Поліпропілен,0.29,Заблоковано
994.41,Просте,60.27,Невелике занепокоєння,Безпечний,Скло,0.0,Заблоковано
1160.07,Стандартне,54.06,Невелике занепокоєння,Безпечний,Залізо,1.23,Заблоковано
960.06,Стандартне,44.87,Вищий статус охорони,Висока,Поліпропілен,0.0,Заблоковано
1093.1,Стандартне,38.66,Вищий статус охорони,Помірна,Льон,1.24,Заблоковано
829.58,Просте,55.89,Вищий статус охорони,Безпечний,Льон,2.76,Узгоджено
638.66,Стандартне,64.93,Невелике занепокоєння,Помірна,Залізо,1.26,Узгоджено
655.1,Просте,25.74,Вищий статус охорони,Безпечний,Залізо,6.81,Узгоджено
1061.41,Стандартне,35.7,Не охороняється,Помірна,Поліпропілен,1.8,Заблоковано
696.44,Стандартне,42.07,Вищий статус охорони,Помірна,Скло,0.0,Узгоджено
711.65,Просте,57.1,Не охороняється,Безпечний,Скло,4.25,Узгоджено
1081.35,Просте,45.48,Невелике занепокоєння,Висока,Залізо,3.03,Заблоковано
881.92,Стандартне,42.55,Вищий статус охорони,Висока,Залізо,3.73,Узгоджено
819.0,Коштовне,34.77,Вищий статус охорони,Помірна,Поліпропілен,3.89,Узгоджено
1071.55,Просте,44.44,Невелике занепокоєння,Безпечний,Залізо,4.82,Заблоковано
537.25,Коштовне,19.78,Невелике занепокоєння,Безпечний,Поліпропілен,4.33,Узгоджено
537.25,Стандартне,72.44,Невелике занепокоєння,Висока,Скло,3.56,Узгоджено
778.14,Стандартне,43.12,Невелике занепокоєння,Висока,Залізо,1.13,Узгоджено
772.51,Коштовне,54.69,Не охороняється,Безпечний,Поліпропілен,3.84,Узгоджено
1083.25,Стандартне,49.69,Вищий статус охорони,Помірна,Скло,2.03,Заблоковано
1022.69,Стандартне,31.22,Не охороняється,Помірна,Поліпропілен,3.62,Заблоковано
693.85,Просте,30.13,Невелике занепокоєння,Безпечний,Залізо,2.5,Узгоджено
902.85,Просте,18.98,Невелике занепокоєння,Висока,Льон,0.86,Заблоковано
1346.36,Стандартне,60.69,Не охороняється,Помірна,Льон,3.79,Заблоковано
686.83,Стандартне,50.65,Не охороняється,Помірна,Льон,4.02,Узгоджено
1023.09,Стандартне,53.42,Не охороняється,Помірна,Льон,0.13,Заблоковано
1049.87,Просте,51.87,Не охороняється,Висока,Поліпропілен,4.29,Заблоковано
757.1,Стандартне,45.48,Вищий статус охорони,Висока,Залізо,5.08,Узгоджено
878.81,Коштовне,58.76,Невелике занепокоєння,Безпечний,Залізо,3.55,Узгоджено
907.9,Стандартне,40.89,Вищий статус охорони,Висока,Льон,1.22,Заблоковано
591.32,Просте,63.1,Не охороняється,Висока,Льон,0.0,Узгоджено
1001.92,Просте,60.65,Не охороняється,Висока,Залізо,1.3,Заблоковано
1119.28,Просте,55.27,Вищий статус охорони,Безпечний,Скло,5.37,Заблоковано
958.0,Коштовне,70.76,Невелике занепокоєння,Помірна,Поліпропілен,0.65,Узгоджено
806.02,Стандартне,59.18,Невелике занепокоєння,Висока,Залізо,1.45,Узгоджено
1224.75,Коштовне,53.64,Вищий статус охорони,Безпечний,Скло,4.12,Заблоковано
752.05,Просте,56.07,Невелике занепокоєння,Безпечний,Залізо,2.63,Узгоджено
762.48,Стандартне,28.16,Вищий статус охорони,Висока,Поліпропілен,3.7,Узгоджено
898.02,Коштовне,45.75,Вищий статус охорони,Безпечний,Скло,0.0,Узгоджено
999.47,Коштовне,48.24,Не охороняється,Висока,Залізо,4.29,Заблоковано
935.68,Просте,36.04,Невелике занепокоєння,Висока,Поліпропілен,5.06,Заблоковано
873.11,Стандартне,47.87,Невелике занепокоєння,Безпечний,Залізо,4.71,Узгоджено
897.71,Просте,33.01,Не охороняється,Висока,Льон,1.65,Заблоковано
634.86,Просте,47.12,Не охороняється,Висока,Поліпропілен,1.17,Узгоджено
864.11,Коштовне,41.01,Вищий статус охорони,Висока,Льон,2.81,Узгоджено
963.96,Просте,45.49,Невелике занепокоєння,Висока,Льон,1.53,Заблоковано
863.24,Коштовне,21.94,Вищий статус охорони,Безпечний,Поліпропілен,1.35,Заблоковано
697.16,Стандартне,74.8,Вищий статус охорони,Безпечний,Скло,4.56,Узгоджено
659.04,Стандартне,55.94,Не охороняється,Помірна,Поліпропілен,4.45,Узгоджено
488.81,Просте,45.52,Невелике занепокоєння,Висока,Скло,5.82,Узгоджено
1116.74,Коштовне,77.83,Невелике занепокоєння,Помірна,Поліпропілен,0.0,Заблоковано
1105.03,Коштовне,44.18,Не охороняється,Висока,Скло,3.73,Заблоковано
1071.31,Просте,52.19,Не охороняється,Безпечний,Поліпропілен,3.76,Заблоковано
930.15,Стандартне,35.88,Не охороняється,Помірна,Поліпропілен,2.6,Заблоковано
1056.54,Стандартне,44.33,Вищий статус охорони,Висока,Залізо,6.76,Заблоковано
648.62,Просте,53.79,Вищий статус охорони,Помірна,Льон,0.91,Узгоджено
1437.8,Стандартне,54.81,Невелике занепокоєння,Висока,Льон,2.1,Заблоковано
1029.53,Просте,43.5,Вищий статус охорони,Безпечний,Льон,4.93,Заблоковано
754.39,Коштовне,21.77,Невелике занепокоєння,Висока,Скло,1.01,Узгоджено
928.57,Стандартне,42.96,Не охороняється,Безпечний,Поліпропілен,7.03,Заблоковано
906.18,Коштовне,56.61,Вищий статус охорони,Помірна,Льон,0.21,Узгоджено
975.7,Коштовне,49.37,Не охороняється,Висока,Залізо,2.83,Заблоковано
1315.37,Стандартне,44.64,Вищий статус охорони,Висока,Залізо,0.0,Заблоковано
879.04,Стандартне,40.82,Не охороняється,Висока,Льон,5.4,Узгоджено
753.96,Просте,46.52,Невелике занепокоєння,Помірна,Льон,4.62,Узгоджено
1187.16,Стандартне,37.54,Не охороняється,Висока,Поліпропілен,4.47,Заблоковано
988.99,Просте,44.3,Не охороняється,Безпечний,Скло,1.97,Заблоковано
866.18,Стандартне,19.9,Не охороняється,Помірна,Залізо,2.4,Заблоковано
1037.43,Коштовне,30.52,Вищий статус охорони,Безпечний,Скло,7.42,Заблоковано
1148.79,Просте,43.15,Не охороняється,Висока,Скло,4.8,Заблоковано
838.47,Коштовне,59.11,Невелике занепокоєння,Помірна,Поліпропілен,0.0,Узгоджено
1329.63,Коштовне,66.01,Невелике занепокоєння,Висока,Залізо,2.05,Заблоковано
861.31,Просте,43.32,Невелике занепокоєння,Безпечний,Залізо,3.68,Узгоджено
1032.27,Просте,41.54,Невелике занепокоєння,Безпечний,Залізо,4.31,Заблоковано
784.06,Стандартне,55.67,Не охороняється,Безпечний,Поліпропілен,3.91,Узгоджено
990.8,Стандартне,71.26,Вищий статус охорони,Безпечний,Скло,2.08,Заблоковано
763.94,Стандартне,31.22,Невелике занепокоєння,Безпечний,Поліпропілен,1.01,Узгоджено
861.19,Коштовне,35.65,Вищий статус охорони,Висока,Скло,1.12,Узгоджено
850.19,Стандартне,58.62,Вищий статус охорони,Безпечний,Скло,3.11,Узгоджено
850.22,Просте,24.95,Невелике занепокоєння,Висока,Льон,1.51,Заблоковано
888.18,Коштовне,48.33,Невелике занепокоєння,Висока,Поліпропілен,4.68,Узгоджено
937.31,Стандартне,49.24,Не охороняється,Помірна,Льон,0.0,Заблоковано
697.42,Коштовне,16.72,Невелике занепокоєння,Висока,Залізо,3.4,Узгоджено
951.25,Коштовне,43.44,Невелике занепокоєння,Помірна,Поліпропілен,5.54,Заблоковано
1137.66,Коштовне,74.8,Вищий статус охорони,Безпечний,Поліпропілен,3.7,Заблоковано
953.18,Коштовне,49.01,Невелике занепокоєння,Помірна,Скло,0.07,Заблоковано
1030.74,Коштовне,46.3,Не охороняється,Висока,Залізо,2.67,Заблоковано
1165.86,Стандартне,48.31,Не охороняється,Помірна,Поліпропілен,1.9,Заблоковано
738.22,Коштовне,57.37,Не охороняється,Помірна,Залізо,3.71,Узгоджено
987.78,Коштовне,46.15,Невелике занепокоєння,Безпечний,Льон,0.09,Заблоковано
756.69,Коштовне,37.56,Не охороняється,Помірна,Поліпропілен,0.43,Узгоджено
796.17,Коштовне,41.94,Вищий статус охорони,Безпечний,Поліпропілен,1.13,Узгоджено
1243.75,Стандартне,41.97,Вищий статус охорони,Висока,Залізо,5.98,Заблоковано
896.12,Коштовне,62.9,Вищий статус охорони,Помірна,Залізо,0.0,Узгоджено
1254.2,Коштовне,65.19,Невелике занепокоєння,Висока,Залізо,3.93,Заблоковано
673.81,Стандартне,59.36,Вищий статус охорони,Висока,Поліпропілен,7.49,Узгоджено
1010.35,Стандартне,49.56,Вищий статус охорони,Висока,Скло,4.94,Заблоковано
1111.76,Стандартне,49.61,Не охороняється,Безпечний,Льон,0.91,Заблоковано
984.27,Просте,33.5,Не охороняється,Безпечний,Скло,2.46,Заблоковано
808.67,Просте,62.45,Вищий статус охорони,Безпечний,Льон,0.0,Узгоджено
1122.3,Стандартне,46.19,Вищий статус охорони,Безпечний,Скло,1.76,Заблоковано
847.81,Стандартне,53.4,Не охороняється,Висока,Поліпропілен,0.69,Узгоджено
1162.13,Стандартне,57.02,Невелике занепокоєння,Висока,Поліпропілен,2.08,Заблоковано
718.96,Просте,52.84,Невелике занепокоєння,Безпечний,Скло,5.36,Узгоджено
1404.93,Стандартне,35.99,Вищий статус охорони,Безпечний,Поліпропілен,5.58,Заблоковано
705.72,Коштовне,61.41,Невелике занепокоєння,Висока,Поліпропілен,1.77,Узгоджено
542.78,Коштовне,13.58,Невелике занепокоєння,Помірна,Скло,2.23,Узгоджено
781.82,Стандартне,42.55,Невелике занепокоєння,Висока,Поліпропілен,1.38,Узгоджено
992.41,Коштовне,15.81,Невелике занепокоєння,Безпечний,Скло,6.39,Заблоковано
868.82,Стандартне,45.55,Не охороняється,Висока,Скло,1.12,Узгоджено
874.71,Коштовне,39.76,Вищий статус охорони,Безпечний,Залізо,0.11,Узгоджено
830.99,Просте,38.45,Невелике занепокоєння,Висока,Скло,5.29,Узгоджено
1102.07,Коштовне,50.87,Не охороняється,Безпечний,Скло,4.02,Заблоковано
620.46,Коштовне,43.54,Не охороняється,Висока,Залізо,1.49,Узгоджено
1033.75,Стандартне,22.39,Вищий статус охорони,Помірна,Залізо,3.89,Заблоковано
1025.73,Стандартне,39.18,Не охороняється,Висока,Поліпропілен,0.25,Заблоковано
647.32,Просте,60.45,Невелике занепокоєння,Безпечний,Залізо,2.19,Узгоджено
1093.64,Коштовне,55.26,Вищий статус охорони,Безпечний,Залізо,0.0,Заблоковано
889.01,Просте,48.99,Не охороняється,Безпечний,Залізо,1.76,Узгоджено
1044.65,Стандартне,62.16,Невелике занепокоєння,Висока,Поліпропілен,1.05,Заблоковано
1035.15,Стандартне,54.96,Невелике занепокоєння,Висока,Залізо,5.47,Заблоковано
586.82,Стандартне,31.09,Невелике занепокоєння,Висока,Залізо,0.59,Узгоджено
789.04,Коштовне,33.37,Не охороняється,Безпечний,Поліпропілен,1.97,Узгоджено
742.22,Коштовне,28.5,Вищий статус охорони,Безпечний,Скло,1.3,Узгоджено
954.76,Стандартне,46.62,Вищий статус охорони,Помірна,Залізо,0.0,Заблоковано
1440.7,Коштовне,45.1,Невелике занепокоєння,Помірна,Залізо,2.32,Заблоковано
1218.64,Просте,72.15,Невелике занепокоєння,Висока,Льон,2.91,Заблоковано
506.64,Коштовне,29.3,Не охороняється,Безпечний,Поліпропілен,1.41,Узгоджено
748.97,Стандартне,43.87,Вищий статус охорони,Висока,Залізо,2.89,Узгоджено
794.47,Просте,53.53,Невелике занепокоєння,Висока,Залізо,4.57,Узгоджено
1093.34,Просте,33.7,Невелике занепокоєння,Помірна,Залізо,3.95,Заблоковано
959.18,Стандартне,32.38,Невелике занепокоєння,Помірна,Льон,5.75,Заблоковано
1137.58,Коштовне,53.38,Невелике занепокоєння,Помірна,Льон,2.47,Заблоковано
793.21,Стандартне,44.74,Невелике занепокоєння,Помірна,Скло,1.73,Узгоджено
1404.53,Стандартне,30.31,Невелике занепокоєння,Помірна,Поліпропілен,3.82,Заблоковано
807.43,Просте,15.74,Вищий статус охорони,Висока,Поліпропілен,0.0,Заблоковано
715.56,Коштовне,32.45,Не охороняється,Безпечний,Залізо,1.32,Узгоджено
1219.94,Стандартне,47.16,Невелике занепокоєння,Висока,Скло,4.32,Заблоковано
749.14,Коштовне,29.02,Не охороняється,Висока,Залізо,2.74,Узгоджено
819.81,Просте,41.01,Не охороняється,Безпечний,Скло,2.8,Узгоджено
562.26,Просте,38.03,Невелике занепокоєння,Помірна,Льон,4.91,Узгоджено
926.64,Коштовне,55.43,Невелике занепокоєння,Безпечний,Льон,1.33,Узгоджено
788.41,Коштовне,59.97,Вищий статус охорони,Безпечний,Скло,2.13,Узгоджено
960.06,Коштовне,31.22,Невелике занепокоєння,Висока,Поліпропілен,0.0,Заблоковано
850.53,Коштовне,48.94,Не охороняється,Безпечний,Льон,6.91,Узгоджено
688.84,Стандартне,46.79,Не охороняється,Помірна,Скло,0.05,Узгоджено
1070.39,Просте,45.65,Не охороняється,Безпечний,Льон,2.49,Заблоковано
804.79,Коштовне,42.34,Не охороняється,Висока,Льон,0.31,Узгоджено
762.11,Коштовне,59.73,Не охороняється,Безпечний,Льон,2.91,Узгоджено
921.21,Стандартне,41.43,Невелике занепокоєння,Помірна,Поліпропілен,3.77,Заблоковано
993.53,Стандартне,26.63,Невелике занепокоєння,Помірна,Поліпропілен,5.24,Заблоковано
927.64,Просте,18.18,Невелике занепокоєння,Помірна,Скло,1.8,Заблоковано
1336.34,Коштовне,61.07,Невелике занепокоєння,Помірна,Поліпропілен,2.23,Заблоковано
910.89,Коштовне,13.19,Вищий статус охорони,Висока,Скло,4.56,Заблоковано
669.59,Стандартне,43.94,Вищий статус охорони,Помірна,Скло,0.0,Узгоджено
1105.03,Стандартне,41.97,Невелике занепокоєння,Висока,Залізо,0.02,Заблоковано
1027.2,Коштовне,29.03,Вищий статус охорони,Помірна,Залізо,5.65,Заблоковано
748.05,Стандартне,56.24,Невелике занепокоєння,Безпечний,Залізо,3.74,Узгоджено
956.92,Просте,56.27,Не охороняється,Висока,Льон,4.81,Заблоковано
664.08,Коштовне,47.19,Не охороняється,Висока,Льон,1.54,Узгоджено
728.56,Коштовне,47.74,Невелике занепокоєння,Висока,Поліпропілен,1.67,Узгоджено
543.91,Стандартне,46.16,Вищий статус охорони,Безпечний,Скло,2.68,Узгоджено
865.87,Коштовне,44.02,Вищий статус охорони,Висока,Скло,2.64,Узгоджено
753.26,Стандартне,56.44,Невелике занепокоєння,Висока,Поліпропілен,4.38,Узгоджено
833.44,Просте,58.55,Вищий статус охорони,Помірна,Залізо,0.67,Узгоджено
782.56,Коштовне,36.94,Не охороняється,Безпечний,Скло,0.13,Узгоджено
804.32,Просте,70.33,Вищий статус охорони,Безпечний,Залізо,2.75,Узгоджено
659.42,Просте,38.31,Невелике занепокоєння,Безпечний,Поліпропілен,5.85,Узгоджено
857.8,Стандартне,48.97,Вищий статус охорони,Безпечний,Поліпропілен,2.67,Узгоджено
763.2,Коштовне,45.34,Вищий статус охорони,Безпечний,Скло,2.24,Узгоджено
959.1,Стандартне,41.99,Невелике занепокоєння,Безпечний,Залізо,0.7,Заблоковано
920.46,Стандартне,30.83,Не охороняється,Висока,Залізо,3.34,Заблоковано
934.59,Просте,47.32,Не охороняється,Безпечний,Залізо,0.0,Заблоковано
693.85,Просте,37.24,Невелике занепокоєння,Помірна,Скло,4.66,Узгоджено
920.88,Коштовне,30.0,Вищий статус охорони,Безпечний,Залізо,3.02,Заблоковано
944.11,Просте,70.82,Невелике занепокоєння,Безпечний,Поліпропілен,0.0,Узгоджено
997.06,Коштовне,38.68,Вищий статус охорони,Безпечний,Скло,3.99,Заблоковано
1036.48,Коштовне,59.65,Не охороняється,Висока,Залізо,4.86,Заблоковано
566.56,Коштовне,59.9,Вищий статус охорони,Безпечний,Залізо,4.12,Узгоджено
939.79,Коштовне,65.7,Не охороняється,Помірна,Залізо,3.23,Узгоджено
686.85,Коштовне,34.94,Не охороняється,Безпечний,Льон,2.79,Узгоджено
795.7,Коштовне,48.81,Не охороняється,Висока,Поліпропілен,3.6,Узгоджено
916.16,Просте,43.32,Невелике занепокоєння,Висока,Залізо,2.63,Заблоковано
944.11,Стандартне,49.24,Невелике занепокоєння,Безпечний,Льон,4.59,Заблоковано
726.42,Стандартне,40.93,Не охороняється,Висока,Залізо,3.8,Узгоджено
1070.39,Просте,82.88,Не охороняється,Безпечний,Скло,2.09,Заблоковано
686.35,Коштовне,45.28,Вищий статус охорони,Помірна,Скло,0.12,Узгоджено
669.28,Стандартне,54.82,Вищий статус охорони,Безпечний,Поліпропілен,6.85,Узгоджено
708.7,Стандартне,78.8,Вищий статус охорони,Висока,Льон,1.28,Узгоджено
730.19,Коштовне,64.99,Вищий статус охорони,Висока,Поліпропілен,2.84,Узгоджено
668.76,Просте,48.47,Не охороняється,Безпечний,Скло,4.63,Узгоджено
1334.16,Коштовне,64.37,Не охороняється,Безпечний,Поліпропілен,0.0,Заблоковано
703.75,Стандартне,32.32,Невелике занепокоєння,Висока,Поліпропілен,0.0,Узгоджено
1127.04,Просте,35.38,Вищий статус охорони,Помірна,Скло,2.47,Заблоковано
687.97,Коштовне,18.47,Вищий статус охорони,Помірна,Залізо,5.07,Узгоджено
684.48,Просте,27.76,Невелике занепокоєння,Помірна,Поліпропілен,0.0,Узгоджено
902.76,Коштовне,63.64,Невелике занепокоєння,Безпечний,Скло,1.59,Узгоджено
742.42,Коштовне,42.6,Вищий статус охорони,Помірна,Льон,3.93,Узгоджено
1037.88,Стандартне,50.21,Невелике занепокоєння,Помірна,Льон,4.56,Заблоковано
808.9,Стандартне,24.18,Не охороняється,Висока,Льон,4.38,Узгоджено
877.77,Коштовне,61.38,Невелике занепокоєння,Безпечний,Залізо,1.51,Узгоджено
1138.15,Просте,47.22,Не охороняється,Безпечний,Поліпропілен,5.54,Заблоковано
1222.35,Стандартне,41.66,Не охороняється,Висока,Скло,4.44,Заблоковано
1078.32,Просте,52.65,Невелике занепокоєння,Безпечний,Залізо,0.84,Заблоковано
1050.85,Просте,44.39,Не охороняється,Безпечний,Скло,5.13,Заблоковано
866.46,Стандартне,49.5,Вищий статус охорони,Безпечний,Залізо,1.82,Узгоджено
922.59,Стандартне,39.2,Вищий статус охорони,Безпечний,Льон,3.52,Заблоковано
1388.99,Просте,79.0,Не охороняється,Безпечний,Скло,1.02,Заблоковано
1104.19,Просте,69.41,Вищий статус охорони,Безпечний,Льон,1.89,Заблоковано
974.99,Просте,69.12,Не охороняється,Висока,Скло,3.47,Заблоковано
1289.72,Коштовне,35.41,Не охороняється,Безпечний,Скло,4.04,Заблоковано
804.32,Просте,62.32,Невелике занепокоєння,Безпечний,Льон,1.77,Узгоджено
1314.41,Стандартне,63.06,Вищий статус охорони,Висока,Поліпропілен,3.32,Заблоковано
900.03,Коштовне,26.7,Вищий статус охорони,Висока,Залізо,2.21,Заблоковано
675.05,Просте,70.99,Невелике занепокоєння,Висока,Поліпропілен,3.66,Узгоджено
823.14,Коштовне,38.88,Не охороняється,Помірна,Скло,3.61,Узгоджено
1315.94,Просте,23.64,Вищий статус охорони,Безпечний,Залізо,0.97,Заблоковано
771.83,Просте,65.76,Не охороняється,Висока,Поліпропілен,1.05,Узгоджено
1039.93,Стандартне,71.88,Не охороняється,Помірна,Залізо,4.24,Заблоковано
804.92,Стандартне,51.73,Невелике занепокоєння,Безпечний,Льон,3.11,Узгоджено
956.88,Коштовне,37.15,Вищий статус охорони,Безпечний,Скло,3.36,Заблоковано
956.21,Просте,15.17,Невелике занепокоєння,Помірна,Льон,2.51,Заблоковано
633.01,Коштовне,57.21,Вищий статус охорони,Висока,Скло,0.41,Узгоджено
908.54,Стандартне,37.7,Невелике занепокоєння,Висока,Поліпропілен,0.0,Заблоковано
985.96,Просте,29.85,Вищий статус охорони,Висока,Залізо,1.25,Заблоковано
841.25,Коштовне,42.95,Вищий статус охорони,Помірна,Скло,5.01,Узгоджено
796.17,Просте,53.77,Не охороняється,Помірна,Льон,2.34,Узгоджено
497.94,Коштовне,10.13,Вищий статус охорони,Висока,Поліпропілен,2.42,Узгоджено
802.51,Просте,70.93,Не охороняється,Безпечний,Залізо,3.64,Узгоджено
762.13,Коштовне,87.77,Вищий статус охорони,Висока,Залізо,2.4,Узгоджено
736.57,Стандартне,29.54,Не охороняється,Безпечний,Льон,4.14,Узгоджено
793.25,Коштовне,23.87,Вищий статус охорони,Безпечний,Залізо,6.21,Узгоджено
639.11,Просте,36.04,Не охороняється,Висока,Льон,2.28,Узгоджено
817.21,Стандартне,77.83,Не охороняється,Помірна,Поліпропілен,0.25,Узгоджено
909.33,Стандартне,54.74,Не охороняється,Висока,Поліпропілен,3.99,Узгоджено
917.19,Стандартне,66.1,Вищий статус охорони,Висока,Скло,5.32,Узгоджено
991.79,Стандартне,62.86,Вищий статус охорони,Висока,Поліпропілен,3.62,Заблоковано
1016.57,Просте,44.23,Невелике занепокоєння,Висока,Льон,2.12,Заблоковано
1271.12,Стандартне,14.25,Невелике занепокоєння,Висока,Скло,0.11,Заблоковано
984.0,Стандартне,30.95,Невелике занепокоєння,Висока,Залізо,4.25,Заблоковано
990.31,Просте,47.65,Невелике занепокоєння,Висока,Скло,5.87,Заблоковано
573.83,Коштовне,56.08,Вищий статус охорони,Безпечний,Залізо,5.94,Узгоджено
904.25,Коштовне,88.07,Невелике занепокоєння,Безпечний,Льон,4.69,Узгоджено
940.54,Коштовне,70.04,Вищий статус охорони,Безпечний,Скло,5.79,Узгоджено
961.23,Стандартне,50.8,Невелике занепокоєння,Помірна,Залізо,4.45,Заблоковано
1014.82,Просте,64.42,Вищий статус охорони,Висока,Поліпропілен,0.29,Заблоковано
888.93,Стандартне,33.85,Невелике занепокоєння,Помірна,Льон,0.81,Заблоковано
1029.96,Стандартне,28.74,Вищий статус охорони,Висока,Залізо,1.69,Заблоковано
1046.26,Коштовне,30.08,Вищий статус охорони,Висока,Льон,2.62,Заблоковано
772.57,Стандартне,61.54,Вищий статус охорони,Помірна,Скло,2.4,Узгоджено
1348.06,Коштовне,38.47,Невелике занепокоєння,Висока,Залізо,4.38,Заблоковано
644.92,Стандартне,66.87,Вищий статус охорони,Помірна,Залізо,6.2,Узгоджено
974.79,Просте,41.43,Невелике занепокоєння,Безпечний,Льон,4.48,Заблоковано
750.24,Просте,42.39,Невелике занепокоєння,Висока,Поліпропілен,2.96,Узгоджено
774.64,Стандартне,35.7,Вищий статус охорони,Безпечний,Залізо,2.06,Узгоджено
722.85,Коштовне,42.6,Не охороняється,Висока,Скло,0.0,Узгоджено
955.16,Стандартне,69.33,Невелике занепокоєння,Безпечний,Залізо,3.47,Узгоджено
908.02,Просте,48.49,Не охороняється,Безпечний,Льон,1.06,Заблоковано
860.31,Коштовне,23.46,Невелике занепокоєння,Помірна,Залізо,0.0,Заблоковано
878.54,Просте,67.11,Невелике занепокоєння,Помірна,Льон,2.19,Узгоджено
829.82,Просте,62.86,Вищий статус охорони,Помірна,Скло,0.0,Узгоджено
672.95,Стандартне,55.39,Вищий статус охорони,Безпечний,Льон,3.26,Узгоджено
1304.8,Просте,32.81,Не охороняється,Висока,Скло,3.35,Заблоковано
1076.21,Стандартне,27.93,Не охороняється,Помірна,Поліпропілен,5.18,Заблоковано
826.39,Просте,43.19,Не охороняється,Висока,Скло,3.84,Узгоджено
994.69,Просте,26.7,Вищий статус охорони,Висока,Льон,1.08,Заблоковано
784.0,Стандартне,79.55,Не охороняється,Безпечний,Льон,4.1,Узгоджено
1179.12,Просте,43.64,Вищий статус охорони,Безпечний,Залізо,1.42,Заблоковано
937.58,Просте,12.46,Невелике занепокоєння,Помірна,Льон,2.34,Заблоковано
897.78,Коштовне,26.47,Невелике занепокоєння,Безпечний,Скло,3.36,Заблоковано
1351.97,Просте,22.49,Не охороняється,Безпечний,Залізо,1.87,Заблоковано
1127.85,Просте,17.43,Вищий статус охорони,Безпечний,Залізо,0.0,Заблоковано
746.63,Стандартне,35.5,Вищий статус охорони,Висока,Залізо,1.73,Узгоджено
1017.49,Стандартне,27.34,Не охороняється,Висока,Поліпропілен,0.0,Заблоковано
937.05,Коштовне,22.08,Невелике занепокоєння,Висока,Залізо,6.11,Заблоковано
1083.25,Просте,25.67,Вищий статус охорони,Помірна,Скло,2.62,Заблоковано
882.52,Стандартне,40.07,Вищий статус охорони,Помірна,Льон,0.47,Заблоковано
983.03,Стандартне,42.86,Не охороняється,Безпечний,Льон,3.25,Заблоковано
677.76,Просте,18.18,Не охороняється,Безпечний,Залізо,0.0,Узгоджено
867.05,Просте,45.55,Не охороняється,Помірна,Льон,4.09,Узгоджено
689.8,Коштовне,93.22,Невелике занепокоєння,Безпечний,Залізо,3.13,Узгоджено
702.68,Стандартне,52.03,Невелике занепокоєння,Безпечний,Залізо,5.25,Узгоджено
680.24,Стандартне,53.4,Вищий статус охорони,Безпечний,Льон,5.33,Узгоджено
1029.53,Коштовне,60.39,Не охороняється,Висока,Поліпропілен,2.16,Заблоковано
1223.06,Коштовне,59.24,Вищий статус охорони,Висока,Скло,6.17,Заблоковано
606.4,Просте,26.06,Невелике занепокоєння,Безпечний,Льон,4.05,Узгоджено
896.04,Стандартне,49.5,Не охороняється,Висока,Поліпропілен,0.87,Узгоджено
728.19,Коштовне,43.63,Вищий статус охорони,Безпечний,Скло,0.0,Узгоджено
732.72,Коштовне,39.74,Вищий статус охорони,Безпечний,Залізо,3.53,Узгоджено
695.82,Стандартне,41.21,Не охороняється,Безпечний,Залізо,1.86,Узгоджено
889.33,Просте,54.81,Вищий статус охорони,Помірна,Скло,2.46,Узгоджено
1155.34,Стандартне,15.07,Не охороняється,Висока,Залізо,0.0,Заблоковано
575.35,Стандартне,28.77,Не охороняється,Помірна,Залізо,0.0,Узгоджено
789.27,Коштовне,34.43,Вищий статус охорони,Безпечний,Поліпропілен,4.08,Узгоджено
959.04,Коштовне,54.18,Невелике занепокоєння,Безпечний,Скло,3.89,Заблоковано
974.23,Стандартне,43.37,Вищий статус охорони,Безпечний,Скло,3.02,Заблоковано
884.6,Стандартне,35.49,Вищий статус охорони,Висока,Залізо,2.99,Заблоковано
1196.88,Просте,31.9,Не охороняється,Помірна,Льон,0.96,Заблоковано
827.68,Стандартне,44.45,Вищий статус охорони,Висока,Льон,0.5,Узгоджено
946.5,Просте,34.04,Не охороняється,Безпечний,Скло,5.54,Заблоковано
776.86,Просте,41.68,Невелике занепокоєння,Безпечний,Поліпропілен,2.18,Узгоджено
903.16,Стандартне,55.8,Невелике занепокоєння,Помірна,Скло,0.87,Узгоджено
799.24,Просте,39.78,Вищий статус охорони,Помірна,Поліпропілен,1.11,Узгоджено
741.31,Просте,46.79,Не охороняється,Висока,Залізо,3.53,Узгоджено
999.47,Стандартне,50.39,Вищий статус охорони,Безпечний,Поліпропілен,2.46,Заблоковано
973.55,Просте,39.32,Не охороняється,Помірна,Поліпропілен,0.0,Заблоковано
995.81,Коштовне,36.31,Невелике занепокоєння,Помірна,Скло,3.21,Заблоковано
1139.64,Просте,62.75,Невелике занепокоєння,Безпечний,Поліпропілен,0.0,Заблоковано
975.3,Коштовне,21.77,Вищий статус охорони,Помірна,Залізо,4.7,Заблоковано
749.1,Коштовне,63.35,Невелике занепокоєння,Безпечний,Поліпропілен,1.66,Узгоджено
836.65,Коштовне,43.87,Не охороняється,Безпечний,Скло,2.62,Узгоджено
1182.6,Просте,62.0,Вищий статус охорони,Безпечний,Скло,0.22,Заблоковано
1013.43,Стандартне,48.63,Невелике занепокоєння,Висока,Поліпропілен,6.62,Заблоковано
613.77,Коштовне,60.78,Невелике занепокоєння,Безпечний,Скло,2.29,Узгоджено
776.16,Стандартне,43.5,Не охороняється,Помірна,Поліпропілен,3.72,Узгоджено
816.17,Коштовне,26.28,Не охороняється,Висока,Скло,2.22,Узгоджено
813.62,Стандартне,64.63,Не охороняється,Висока,Залізо,2.31,Узгоджено
1280.34,Просте,57.38,Вищий статус охорони,Безпечний,Льон,2.46,Заблоковано
568.2,Просте,23.05,Не охороняється,Безпечний,Скло,1.97,Узгоджено
643.79,Стандартне,53.48,Невелике занепокоєння,Безпечний,Поліпропілен,2.48,Узгоджено
956.88,Стандартне,30.58,Вищий статус охорони,Висока,Льон,4.18,Заблоковано
911.23,Просте,31.99,Невелике занепокоєння,Висока,Скло,2.37,Заблоковано
792.65,Коштовне,22.08,Не охороняється,Помірна,Поліпропілен,1.93,Узгоджено
1134.38,Коштовне,34.04,Не охороняється,Безпечний,Залізо,0.0,Заблоковано
1063.73,Просте,43.87,Не охороняється,Висока,Льон,6.08,Заблоковано
1063.55,Коштовне,49.13,Не охороняється,Помірна,Льон,4.28,Заблоковано
956.04,Стандартне,53.75,Не охороняється,Висока,Льон,1.9,Заблоковано
856.6,Стандартне,73.01,Не охороняється,Помірна,Скло,3.08,Узгоджено
1060.89,Стандартне,42.98,Вищий статус охорони,Помірна,Залізо,5.45,Заблоковано
801.13,Стандартне,34.31,Невелике занепокоєння,Безпечний,Льон,3.91,Узгоджено
1060.62,Просте,18.18,Вищий статус охорони,Помірна,Поліпропілен,2.94,Заблоковано
1122.18,Стандартне,26.6,Не охороняється,Висока,Залізо,5.5,Заблоковано
592.12,Просте,57.07,Не охороняється,Безпечний,Залізо,2.71,Узгоджено
728.12,Коштовне,40.0,Вищий статус охорони,Безпечний,Скло,2.25,Узгоджено
895.57,Коштовне,57.7,Не охороняється,Безпечний,Поліпропілен,0.87,Узгоджено
1034.29,Стандартне,61.8,Не охороняється,Помірна,Залізо,2.92,Заблоковано
880.34,Стандартне,49.94,Невелике занепокоєння,Безпечний,Льон,3.55,Узгоджено
958.59,Стандартне,71.9,Невелике занепокоєння,Помірна,Поліпропілен,1.92,Узгоджено
1045.42,Коштовне,56.72,Не охороняється,Помірна,Скло,3.99,Заблоковано
960.17,Стандартне,61.6,Невелике занепокоєння,Висока,Залізо,5.01,Заблоковано
1307.2,Просте,37.43,Вищий статус охорони,Безпечний,Скло,5.24,Заблоковано
901.29,Коштовне,26.73,Невелике занепокоєння,Помірна,Льон,0.89,Заблоковано
632.27,Просте,46.52,Не охороняється,Безпечний,Льон,2.36,Узгоджено
872.37,Коштовне,40.34,Вищий статус охорони,Безпечний,Поліпропілен,4.27,Узгоджено
801.9,Коштовне,43.88,Невелике занепокоєння,Помірна,Поліпропілен,6.54,Узгоджено
825.32,Коштовне,24.22,Вищий статус охорони,Висока,Залізо,3.1,Узгоджено
942.53,Просте,57.54,Не охороняється,Безпечний,Льон,2.81,Заблоковано
1030.77,Стандартне,46.92,Вищий статус охорони,Висока,Льон,5.74,Заблоковано
859.36,Стандартне,26.64,Невелике занепокоєння,Помірна,Поліпропілен,0.07,Заблоковано
849.63,Просте,68.58,Вищий статус охорони,Помірна,Поліпропілен,3.9,Узгоджено
833.44,Стандартне,86.89,Невелике занепокоєння,Безпечний,Залізо,4.71,Узгоджено
1168.82,Стандартне,54.14,Не охороняється,Безпечний,Льон,0.29,Заблоковано
821.59,Стандартне,25.77,Вищий статус охорони,Помірна,Залізо,1.99,Узгоджено
967.39,Коштовне,74.86,Невелике занепокоєння,Висока,Залізо,4.0,Узгоджено
1262.14,Просте,60.54,Не охороняється,Висока,Поліпропілен,4.4,Заблоковано
1125.68,Просте,41.71,Не охороняється,Помірна,Скло,0.0,Заблоковано
1109.73,Коштовне,66.08,Невелике занепокоєння,Висока,Залізо,4.25,Заблоковано
1277.57,Стандартне,32.38,Невелике занепокоєння,Висока,Поліпропілен,1.33,Заблоковано
803.11,Стандартне,56.28,Не охороняється,Безпечний,Поліпропілен,5.29,Узгоджено
1140.48,Стандартне,45.5,Не охороняється,Висока,Залізо,1.76,Заблоковано
835.54,Просте,23.58,Вищий статус охорони,Висока,Поліпропілен,2.27,Заблоковано
783.3,Стандартне,55.33,Вищий статус охорони,Безпечний,Поліпропілен,3.92,Узгоджено
902.39,Просте,33.2,Не охороняється,Помірна,Залізо,0.0,Заблоковано
913.88,Просте,59.01,Невелике занепокоєння,Безпечний,Залізо,1.03,Узгоджено
550.33,Стандартне,36.0,Невелике занепокоєння,Висока,Скло,0.0,Узгоджено
770.78,Коштовне,47.46,Невелике занепокоєння,Помірна,Скло,3.77,Узгоджено
1015.96,Просте,48.98,Невелике занепокоєння,Безпечний,Льон,1.89,Заблоковано
796.45,Коштовне,41.96,Вищий статус охорони,Помірна,Залізо,0.97,Узгоджено
1077.67,Коштовне,55.96,Не охороняється,Помірна,Скло,2.33,Заблоковано
910.85,Коштовне,34.58,Не охороняється,Помірна,Залізо,0.0,Заблоковано
725.7,Стандартне,49.17,Невелике занепокоєння,Помірна,Поліпропілен,2.64,Узгоджено
922.7,Просте,42.19,Невелике занепокоєння,Безпечний,Льон,1.69,Заблоковано
751.72,Стандартне,53.76,Вищий статус охорони,Висока,Льон,5.4,Узгоджено
1011.3,Коштовне,17.29,Не охороняється,Помірна,Поліпропілен,3.94,Заблоковано
1088.78,Коштовне,47.74,Вищий статус охорони,Помірна,Поліпропілен,4.16,Заблоковано
816.09,Стандартне,25.38,Вищий статус охорони,Безпечний,Залізо,3.53,Узгоджено
1222.53,Стандартне,47.86,Невелике занепокоєння,Висока,Залізо,1.92,Заблоковано
820.11,Коштовне,58.85,Невелике занепокоєння,Висока,Льон,0.0,Узгоджено
628.82,Стандартне,36.89,Вищий статус охорони,Безпечний,Льон,2.51,Узгоджено
818.9,Коштовне,47.07,Невелике занепокоєння,Помірна,Льон,3.2,Узгоджено
989.57,Стандартне,38.44,Не охороняється,Помірна,Залізо,3.3,Заблоковано
824.22,Стандартне,42.77,Не охороняється,Висока,Льон,3.87,Узгоджено
406.78,Просте,66.59,Вищий статус охорони,Висока,Залізо,4.08,Узгоджено
791.79,Стандартне,26.44,Вищий статус охорони,Висока,Залізо,0.0,Узгоджено
702.51,Коштовне,62.9,Вищий статус охорони,Помірна,Льон,6.66,Узгоджено
936.51,Коштовне,64.02,Не охороняється,Помірна,Скло,3.13,Узгоджено
1013.77,Стандартне,38.26,Не охороняється,Помірна,Залізо,0.63,Заблоковано
1273.83,Коштовне,38.93,Не охороняється,Безпечний,Поліпропілен,4.4,Заблоковано
692.3,Просте,54.75,Невелике занепокоєння,Висока,Льон,0.17,Узгоджено
1071.77,Коштовне,45.28,Не охороняється,Помірна,Скло,2.76,Заблоковано
914.96,Коштовне,25.8,Невелике занепокоєння,Помірна,Поліпропілен,0.49,Заблоковано
673.98,Просте,64.35,Не охороняється,Помірна,Залізо,4.74,Узгоджено
1150.53,Просте,28.45,Вищий статус охорони,Висока,Скло,3.86,Заблоковано
698.16,Коштовне,13.32,Не охороняється,Безпечний,Поліпропілен,5.46,Узгоджено
1016.92,Стандартне,25.8,Вищий статус охорони,Висока,Залізо,0.0,Заблоковано
1017.61,Коштовне,32.73,Вищий статус охорони,Помірна,Залізо,0.73,Заблоковано
1244.85,Просте,32.39,Вищий статус охорони,Висока,Залізо,3.57,Заблоковано
824.84,Коштовне,43.37,Вищий статус охорони,Висока,Скло,0.0,Узгоджено
934.38,Стандартне,73.45,Не охороняється,Безпечний,Залізо,0.58,Узгоджено
1065.35,Стандартне,24.88,Невелике занепокоєння,Помірна,Скло,3.07,Заблоковано
906.05,Стандартне,49.79,Вищий статус охорони,Висока,Скло,2.39,Узгоджено
1062.66,Стандартне,58.97,Невелике занепокоєння,Висока,Льон,0.0,Заблоковано
1082.09,Коштовне,46.23,Вищий статус охорони,Безпечний,Льон,3.1,Заблоковано
1048.58,Коштовне,29.14,Вищий статус охорони,Помірна,Залізо,0.42,Заблоковано
1172.61,Стандартне,35.99,Вищий статус охорони,Безпечний,Скло,0.29,Заблоковано
706.11,Коштовне,41.43,Невелике занепокоєння,Безпечний,Льон,1.76,Узгоджено
1057.35,Стандартне,35.2,Вищий статус охорони,Помірна,Залізо,2.46,Заблоковано
1006.48,Стандартне,54.57,Невелике занепокоєння,Безпечний,Залізо,0.0,Заблоковано
934.05,Стандартне,42.37,Не охороняється,Безпечний,Поліпропілен,0.0,Заблоковано
1090.46,Коштовне,41.41,Невелике занепокоєння,Висока,Поліпропілен,3.24,Заблоковано
772.61,Коштовне,36.91,Вищий статус охорони,Висока,Поліпропілен,0.0,Узгоджено
996.16,Коштовне,42.6,Не охороняється,Безпечний,Льон,3.11,Заблоковано
896.56,Просте,35.5,Вищий статус охорони,Помірна,Залізо,0.56,Заблоковано
1101.31,Просте,40.0,Вищий статус охорони,Безпечний,Поліпропілен,0.0,Заблоковано
1140.4,Коштовне,46.93,Невелике занепокоєння,Безпечний,Льон,3.84,Заблоковано
714.82,Просте,41.98,Не охороняється,Безпечний,Скло,3.02,Узгоджено
738.14,Просте,73.03,Не охороняється,Висока,Льон,0.49,Узгоджено
728.3,Просте,31.0,Не охороняється,Помірна,Поліпропілен,4.25,Узгоджено
745.66,Коштовне,28.53,Невелике занепокоєння,Безпечний,Скло,2.09,Узгоджено
751.08,Просте,63.51,Вищий статус охорони,Висока,Льон,5.6,Узгоджено
1259.63,Коштовне,53.12,Невелике занепокоєння,Висока,Поліпропілен,0.0,Заблоковано
1388.99,Коштовне,41.47,Вищий статус охорони,Помірна,Залізо,0.93,Заблоковано
991.37,Коштовне,58.44,Вищий статус охорони,Висока,Скло,2.74,Заблоковано
955.79,Коштовне,26.85,Невелике занепокоєння,Висока,Скло,3.61,Заблоковано
894.54,Просте,41.67,Не охороняється,Помірна,Поліпропілен,2.35,Заблоковано
829.82,Просте,36.7,Не охороняється,Висока,Скло,1.54,Узгоджено
978.29,Стандартне,78.37,Вищий статус охорони,Безпечний,Залізо,2.98,Узгоджено
817.74,Стандартне,71.11,Невелике занепокоєння,Висока,Льон,3.33,Узгоджено
567.15,Просте,60.15,Невелике занепокоєння,Безпечний,Поліпропілен,5.19,Узгоджено
1116.74,Просте,33.73,Не охороняється,Висока,Поліпропілен,6.86,Заблоковано
706.8,Просте,37.31,Невелике занепокоєння,Висока,Поліпропілен,2.52,Узгоджено
1028.88,Коштовне,52.55,Не охороняється,Висока,Залізо,1.91,Заблоковано
743.17,Просте,52.25,Вищий статус охорони,Помірна,Поліпропілен,3.14,Узгоджено
905.95,Просте,19.7,Невелике занепокоєння,Помірна,Скло,0.54,Заблоковано
815.93,Просте,30.72,Вищий статус охорони,Висока,Льон,0.0,Узгоджено
850.71,Просте,30.9,Не охороняється,Висока,Льон,1.81,Заблоковано
782.24,Коштовне,38.81,Вищий статус охорони,Безпечний,Залізо,0.99,Узгоджено
1165.86,Просте,39.1,Невелике занепокоєння,Помірна,Поліпропілен,4.17,Заблоковано
656.85,Коштовне,32.38,Не охороняється,Висока,Льон,4.28,Узгоджено
620.53,Стандартне,35.28,Невелике занепокоєння,Безпечний,Залізо,0.95,Узгоджено
868.05,Коштовне,57.72,Не охороняється,Висока,Поліпропілен,3.34,Узгоджено
1177.79,Стандартне,37.29,Вищий статус охорони,Помірна,Залізо,4.38,Заблоковано
993.53,Коштовне,64.26,Вищий статус охорони,Безпечний,Скло,0.15,Заблоковано
828.48,Стандартне,41.78,Невелике занепокоєння,Помірна,Залізо,2.42,Узгоджено
893.37,Коштовне,63.35,Вищий статус охорони,Помірна,Поліпропілен,1.87,Узгоджено
1007.39,Коштовне,49.56,Невелике занепокоєння,Безпечний,Льон,6.77,Заблоковано
1098.8,Просте,24.95,Невелике занепокоєння,Висока,Поліпропілен,4.43,Заблоковано
806.17,Просте,48.12,Невелике занепокоєння,Висока,Поліпропілен,2.54,Узгоджено
795.27,Коштовне,51.31,Вищий статус охорони,Безпечний,Залізо,5.22,Узгоджено
834.59,Просте,46.2,Невелике занепокоєння,Помірна,Поліпропілен,2.37,Узгоджено
638.04,Коштовне,34.55,Вищий статус охорони,Висока,Льон,3.79,Узгоджено
692.22,Стандартне,47.87,Не охороняється,Висока,Льон,4.4,Узгоджено
1118.09,Стандартне,45.12,Невелике занепокоєння,Помірна,Льон,3.41,Заблоковано
1031.8,Просте,43.87,Вищий статус охорони,Висока,Залізо,1.91,Заблоковано
936.36,Стандартне,43.95,Не охороняється,Помірна,Льон,1.43,Заблоковано
997.78,Стандартне,41.08,Невелике занепокоєння,Безпечний,Поліпропілен,2.2,Заблоковано
1073.36,Просте,44.39,Не охороняється,Помірна,Льон,4.47,Заблоковано
652.06,Коштовне,56.4,Невелике занепокоєння,Безпечний,Залізо,1.2,Узгоджено
901.22,Просте,16.33,Не охороняється,Безпечний,Льон,3.21,Заблоковано
819.66,Коштовне,22.19,Вищий статус охорони,Висока,Залізо,3.21,Узгоджено
1062.17,Стандартне,74.77,Не охороняється,Безпечний,Льон,3.93,Заблоковано
1071.31,Стандартне,53.7,Не охороняється,Помірна,Льон,3.11,Заблоковано
1001.92,Просте,51.56,Вищий статус охорони,Помірна,Скло,0.61,Заблоковано
491.05,Стандартне,39.72,Не охороняється,Висока,Поліпропілен,3.58,Узгоджено
1076.98,Стандартне,19.95,Вищий статус охорони,Безпечний,Залізо,4.25,Заблоковано
758.54,Коштовне,45.07,Не охороняється,Безпечний,Скло,3.39,Узгоджено
700.47,Коштовне,22.43,Невелике занепокоєння,Безпечний,Залізо,1.65,Узгоджено
735.33,Коштовне,43.17,Не охороняється,Помірна,Льон,1.89,Узгоджено
731.61,Стандартне,28.65,Вищий статус охорони,Безпечний,Залізо,3.7,Узгоджено
581.54,Коштовне,44.65,Невелике занепокоєння,Безпечний,Поліпропілен,0.0,Узгоджено
1108.86,Стандартне,53.03,Невелике занепокоєння,Безпечний,Скло,1.79,Заблоковано
863.14,Стандартне,61.44,Вищий статус охорони,Помірна,Льон,2.07,Узгоджено
712.43,Просте,35.66,Невелике занепокоєння,Безпечний,Поліпропілен,2.77,Узгоджено
917.89,Просте,17.72,Невелике занепокоєння,Безпечний,Поліпропілен,0.9,Заблоковано
865.14,Коштовне,87.77,Невелике занепокоєння,Безпечний,Поліпропілен,4.51,Узгоджено
920.88,Просте,18.95,Вищий статус охорони,Помірна,Скло,1.89,Заблоковано
868.15,Просте,49.31,Вищий статус охорони,Висока,Поліпропілен,2.2,Узгоджено
707.92,Просте,72.44,Не охороняється,Висока,Скло,2.82,Узгоджено
1045.35,Коштовне,14.25,Невелике занепокоєння,Висока,Залізо,3.96,Заблоковано
952.24,Стандартне,42.32,Невелике занепокоєння,Безпечний,Залізо,0.87,Заблоковано
727.63,Коштовне,42.98,Не охороняється,Безпечний,Поліпропілен,2.21,Узгоджено
928.27,Просте,53.16,Вищий статус охорони,Безпечний,Льон,0.33,Заблоковано
902.32,Просте,58.07,Не охороняється,Помірна,Скло,2.61,Узгоджено
906.17,Коштовне,62.11,Невелике занепокоєння,Помірна,Льон,3.25,Узгоджено
1010.92,Просте,42.56,Невелике занепокоєння,Безпечний,Скло,0.65,Заблоковано
956.38,Просте,52.57,Не охороняється,Безпечний,Залізо,0.0,Заблоковано
883.51,Стандартне,47.23,Невелике занепокоєння,Помірна,Льон,2.33,Узгоджено
1040.52,Коштовне,45.08,Не охороняється,Висока,Скло,2.59,Заблоковано
689.63,Стандартне,60.68,Невелике занепокоєння,Помірна,Льон,0.0,Узгоджено
1098.0,Стандартне,45.76,Вищий статус охорони,Помірна,Льон,5.54,Заблоковано
894.13,Просте,29.85,Невелике занепокоєння,Висока,Залізо,5.05,Заблоковано
1007.26,Коштовне,42.53,Невелике занепокоєння,Помірна,Скло,2.92,Заблоковано
682.35,Просте,39.14,Невелике занепокоєння,Висока,Льон,0.0,Узгоджено
817.61,Стандартне,40.17,Невелике занепокоєння,Висока,Залізо,1.94,Узгоджено
812.16,Стандартне,5.01,Не охороняється,Безпечний,Скло,3.66,Заблоковано
872.37,Стандартне,66.4,Невелике занепокоєння,Безпечний,Залізо,4.25,Узгоджено
938.6,Стандартне,21.79,Невелике занепокоєння,Висока,Льон,1.27,Заблоковано
946.28,Просте,32.07,Невелике занепокоєння,Помірна,Залізо,0.0,Заблоковано
887.33,Просте,26.52,Вищий статус охорони,Помірна,Скло,3.59,Заблоковано
996.09,Стандартне,50.23,Невелике занепокоєння,Помірна,Льон,2.6,Заблоковано
972.55,Коштовне,24.58,Невелике занепокоєння,Безпечний,Поліпропілен,3.4,Заблоковано
777.66,Коштовне,48.0,Невелике занепокоєння,Висока,Скло,0.97,Узгоджено
870.06,Стандартне,40.07,Невелике занепокоєння,Висока,Льон,6.76,Узгоджено
620.46,Стандартне,38.45,Невелике занепокоєння,Безпечний,Скло,3.89,Узгоджено
906.05,Просте,28.1,Невелике занепокоєння,Безпечний,Скло,3.47,Заблоковано
821.42,Коштовне,57.94,Вищий статус охорони,Висока,Скло,1.52,Узгоджено
850.17,Стандартне,26.56,Вищий статус охорони,Помірна,Скло,3.66,Заблоковано
819.87,Стандартне,46.69,Не охороняється,Висока,Поліпропілен,0.0,Узгоджено
873.0,Стандартне,24.89,Невелике занепокоєння,Помірна,Поліпропілен,4.57,Заблоковано
1118.78,Коштовне,42.92,Не охороняється,Висока,Залізо,0.08,Заблоковано
772.1,Просте,23.86,Невелике занепокоєння,Безпечний,Скло,0.15,Узгоджено
1188.58,Просте,23.31,Вищий статус охорони,Висока,Льон,2.36,Заблоковано
994.99,Просте,42.32,Вищий статус охорони,Безпечний,Скло,4.44,Заблоковано
883.01,Стандартне,60.57,Вищий статус охорони,Висока,Поліпропілен,0.0,Узгоджено
813.71,Просте,35.28,Невелике занепокоєння,Висока,Скло,2.76,Узгоджено
761.97,Коштовне,59.95,Невелике занепокоєння,Помірна,Льон,3.89,Узгоджено
1258.8,Стандартне,34.66,Невелике занепокоєння,Безпечний,Льон,3.7,Заблоковано
930.48,Коштовне,42.6,Вищий статус охорони,Помірна,Залізо,0.0,Заблоковано
861.1,Просте,57.69,Невелике занепокоєння,Помірна,Поліпропілен,2.99,Узгоджено
709.97,Стандартне,49.12,Не охороняється,Висока,Скло,1.91,Узгоджено
823.14,Коштовне,18.08,Невелике занепокоєння,Висока,Залізо,5.11,Заблоковано
577.76,Просте,51.53,Не охороняється,Висока,Скло,3.63,Узгоджено
1157.72,Просте,30.25,Невелике занепокоєння,Безпечний,Льон,2.14,Заблоковано
944.67,Просте,23.88,Вищий статус охорони,Безпечний,Скло,4.8,Заблоковано
634.81,Коштовне,35.82,Не охороняється,Висока,Скло,4.11,Узгоджено
907.69,Просте,65.41,Невелике занепокоєння,Безпечний,Льон,2.69,Узгоджено
634.54,Просте,38.18,Не охороняється,Безпечний,Скло,0.51,Узгоджено
902.32,Стандартне,27.41,Вищий статус охорони,Помірна,Скло,0.9,Заблоковано
975.7,Коштовне,38.6,Не охороняється,Помірна,Поліпропілен,1.83,Заблоковано
1030.77,Коштовне,46.96,Не охороняється,Помірна,Залізо,2.78,Заблоковано
803.8,Стандартне,46.02,Не охороняється,Помірна,Залізо,3.38,Узгоджено
889.75,Просте,36.92,Вищий статус охорони,Висока,Поліпропілен,2.13,Заблоковано
956.17,Коштовне,48.47,Вищий статус охорони,Помірна,Льон,1.06,Заблоковано
872.13,Коштовне,38.03,Не охороняється,Помірна,Залізо,3.61,Узгоджено
982.9,Коштовне,52.62,Не охороняється,Висока,Скло,1.28,Заблоковано
917.79,Стандартне,57.27,Невелике занепокоєння,Помірна,Скло,3.42,Узгоджено
668.26,Просте,40.43,Невелике занепокоєння,Безпечний,Льон,0.0,Узгоджено
1015.88,Просте,45.51,Невелике занепокоєння,Безпечний,Льон,2.4,Заблоковано
803.28,Просте,45.07,Вищий статус охорони,Висока,Скло,0.64,Узгоджено
914.07,Коштовне,59.65,Невелике занепокоєння,Помірна,Льон,1.81,Узгоджено
976.02,Коштовне,27.77,Не охороняється,Помірна,Поліпропілен,1.16,Заблоковано
1059.59,Просте,67.87,Невелике занепокоєння,Висока,Залізо,4.54,Заблоковано
810.5,Стандартне,36.83,Невелике занепокоєння,Безпечний,Залізо,2.57,Узгоджено
1349.3,Просте,27.48,Вищий статус охорони,Безпечний,Поліпропілен,2.28,Заблоковано
1066.18,Коштовне,22.6,Вищий статус охорони,Помірна,Скло,4.65,Заблоковано
1063.46,Просте,45.39,Вищий статус охорони,Безпечний,Скло,2.86,Заблоковано
909.41,Просте,37.52,Не охороняється,Помірна,Поліпропілен,4.08,Заблоковано
914.68,Коштовне,35.85,Не охороняється,Помірна,Поліпропілен,1.19,Заблоковано
600.48,Стандартне,52.58,Невелике занепокоєння,Висока,Скло,6.24,Узгоджено
520.49,Коштовне,16.46,Не охороняється,Висока,Льон,4.82,Узгоджено
920.01,Коштовне,51.83,Невелике занепокоєння,Висока,Поліпропілен,2.83,Узгоджено
752.05,Коштовне,49.25,Не охороняється,Безпечний,Поліпропілен,2.32,Узгоджено
1201.13,Просте,24.22,Не охороняється,Безпечний,Залізо,0.0,Заблоковано
1014.41,Коштовне,53.29,Вищий статус охорони,Безпечний,Поліпропілен,0.23,Заблоковано
859.35,Просте,31.76,Не охороняється,Безпечний,Скло,3.93,Заблоковано
900.62,Просте,33.87,Невелике занепокоєння,Помірна,Льон,1.81,Заблоковано
721.16,Стандартне,20.04,Не охороняється,Безпечний,Льон,0.34,Узгоджено
975.02,Просте,66.78,Не охороняється,Висока,Поліпропілен,4.76,Заблоковано
653.95,Стандартне,29.03,Вищий статус охорони,Помірна,Льон,0.79,Узгоджено
1092.28,Стандартне,47.74,Невелике занепокоєння,Помірна,Льон,1.44,Заблоковано
778.24,Коштовне,30.93,Вищий статус охорони,Безпечний,Льон,0.0,Узгоджено
789.26,Коштовне,54.26,Вищий статус охорони,Помірна,Скло,4.7,Узгоджено
663.79,Просте,46.72,Вищий статус охорони,Безпечний,Скло,1.55,Узгоджено
781.13,Стандартне,27.48,Вищий статус охорони,Помірна,Скло,1.58,Узгоджено
936.64,Стандартне,50.18,Вищий статус охорони,Висока,Скло,4.1,Заблоковано
786.84,Стандартне,62.95,Невелике занепокоєння,Помірна,Поліпропілен,4.81,Узгоджено
1017.85,Просте,27.89,Не охороняється,Безпечний,Скло,0.0,Заблоковано
991.76,Просте,42.91,Вищий статус охорони,Висока,Залізо,0.19,Заблоковано
932.2,Коштовне,35.9,Невелике занепокоєння,Безпечний,Залізо,0.03,Заблоковано
744.36,Стандартне,47.7,Не охороняється,Висока,Льон,1.88,Узгоджено
976.43,Просте,48.03,Вищий статус охорони,Безпечний,Скло,2.16,Заблоковано
759.29,Стандартне,26.4,Не охороняється,Помірна,Льон,0.5,Узгоджено
841.25,Стандартне,55.8,Невелике занепокоєння,Безпечний,Скло,2.89,Узгоджено
819.58,Стандартне,17.14,Не охороняється,Висока,Поліпропілен,2.21,Заблоковано
1349.3,Стандартне,17.43,Невелике занепокоєння,Висока,Скло,0.94,Заблоковано
893.96,Просте,41.08,Вищий статус охорони,Помірна,Скло,0.54,Заблоковано
1193.89,Коштовне,51.28,Вищий статус охорони,Помірна,Льон,3.66,Заблоковано
881.16,Стандартне,52.6,Вищий статус охорони,Висока,Льон,0.0,Узгоджено
712.39,Стандартне,39.45,Невелике занепокоєння,Безпечний,Поліпропілен,0.0,Узгоджено
633.67,Просте,40.15,Вищий статус охорони,Безпечний,Поліпропілен,0.81,Узгоджено
688.04,Стандартне,61.3,Вищий статус охорони,Висока,Залізо,2.24,Узгоджено
1350.78,Коштовне,4.79,Не охороняється,Висока,Залізо,1.44,Заблоковано
974.87,Коштовне,45.33,Вищий статус охорони,Висока,Поліпропілен,0.45,Заблоковано
675.33,Стандартне,58.94,Не охороняється,Помірна,Скло,1.44,Узгоджено
956.33,Стандартне,32.74,Вищий статус охорони,Висока,Поліпропілен,0.94,Заблоковано
880.65,Коштовне,30.66,Невелике занепокоєння,Помірна,Льон,1.04,Заблоковано
916.03,Стандартне,52.91,Невелике занепокоєння,Помірна,Залізо,1.51,Узгоджено
994.4,Просте,36.86,Вищий статус охорони,Висока,Скло,2.74,Заблоковано
890.81,Просте,31.41,Не охороняється,Помірна,Залізо,5.86,Заблоковано
807.62,Просте,41.53,Не охороняється,Помірна,Поліпропілен,0.0,Узгоджено
993.45,Стандартне,24.37,Не охороняється,Висока,Льон,4.36,Заблоковано
914.47,Просте,56.38,Не охороняється,Висока,Льон,2.96,Узгоджено
689.33,Стандартне,63.89,Невелике занепокоєння,Безпечний,Залізо,1.66,Узгоджено
1668.49,Просте,33.55,Невелике занепокоєння,Безпечний,Поліпропілен,0.85,Заблоковано
791.05,Коштовне,42.06,Не охороняється,Помірна,Льон,1.07,Узгоджено
651.41,Коштовне,37.17,Не охороняється,Безпечний,Поліпропілен,3.06,Узгоджено
829.82,Просте,59.85,Вищий статус охорони,Безпечний,Залізо,3.38,Узгоджено
730.24,Просте,54.66,Не охороняється,Безпечний,Поліпропілен,3.83,Узгоджено
815.93,Просте,25.29,Не охороняється,Помірна,Скло,0.0,Узгоджено
1234.24,Просте,53.58,Невелике занепокоєння,Безпечний,Залізо,3.56,Заблоковано
964.0,Стандартне,52.7,Невелике занепокоєння,Безпечний,Льон,0.89,Заблоковано
879.45,Коштовне,44.46,Вищий статус охорони,Висока,Льон,0.0,Узгоджено
1245.03,Стандартне,71.05,Вищий статус охорони,Висока,Поліпропілен,3.79,Заблоковано
1189.83,Стандартне,21.86,Вищий статус охорони,Безпечний,Скло,1.66,Заблоковано
1002.61,Стандартне,32.68,Невелике занепокоєння,Безпечний,Льон,1.7,Заблоковано
813.15,Коштовне,60.43,Вищий статус охорони,Безпечний,Поліпропілен,2.78,Узгоджено
910.08,Стандартне,43.6,Вищий статус охорони,Безпечний,Льон,1.21,Заблоковано
940.61,Коштовне,42.55,Невелике занепокоєння,Висока,Скло,5.21,Заблоковано
681.75,Просте,58.25,Невелике занепокоєння,Помірна,Скло,4.37,Узгоджено
806.19,Стандартне,67.56,Вищий статус охорони,Висока,Скло,0.0,Узгоджено
974.99,Стандартне,27.8,Невелике занепокоєння,Безпечний,Скло,0.0,Заблоковано
998.84,Коштовне,31.3,Не охороняється,Висока,Залізо,4.67,Заблоковано
716.32,Коштовне,45.98,Вищий статус охорони,Помірна,Поліпропілен,4.96,Узгоджено
674.15,Стандартне,45.12,Не охороняється,Висока,Скло,3.84,Узгоджено
795.01,Коштовне,77.6,Вищий статус охорони,Безпечний,Скло,0.51,Узгоджено
882.62,Просте,33.76,Невелике занепокоєння,Безпечний,Поліпропілен,3.8,Заблоковано
791.87,Просте,47.08,Невелике занепокоєння,Помірна,Поліпропілен,2.56,Узгоджено
692.22,Стандартне,61.54,Не охороняється,Помірна,Льон,1.27,Узгоджено
1249.37,Коштовне,22.74,Невелике занепокоєння,Висока,Скло,1.09,Заблоковано
1082.38,Коштовне,57.28,Не охороняється,Висока,Льон,3.1,Заблоковано
603.25,Коштовне,25.3,Не охороняється,Висока,Льон,0.33,Узгоджено
789.1,Коштовне,47.2,Вищий статус охорони,Безпечний,Скло,3.19,Узгоджено
845.36,Стандартне,32.56,Не охороняється,Безпечний,Поліпропілен,2.11,Узгоджено
980.31,Стандартне,21.97,Вищий статус охорони,Висока,Поліпропілен,1.36,Заблоковано
847.76,Стандартне,62.42,Невелике занепокоєння,Висока,Скло,1.82,Узгоджено
880.34,Стандартне,47.61,Не охороняється,Безпечний,Поліпропілен,0.87,Узгоджено
857.8,Стандартне,62.11,Вищий статус охорони,Помірна,Поліпропілен,3.73,Узгоджено
889.52,Стандартне,53.27,Невелике занепокоєння,Помірна,Залізо,3.04,Узгоджено
1187.54,Стандартне,42.09,Невелике занепокоєння,Висока,Поліпропілен,0.2,Заблоковано
783.17,Стандартне,55.83,Вищий статус охорони,Помірна,Скло,0.28,Узгоджено
643.35,Стандартне,55.67,Невелике занепокоєння,Помірна,Скло,3.09,Узгоджено
1146.87,Стандартне,65.82,Вищий статус охорони,Помірна,Поліпропілен,4.66,Заблоковано
898.13,Коштовне,30.58,Не охороняється,Висока,Льон,1.65,Заблоковано
948.79,Просте,20.99,Невелике занепокоєння,Безпечний,Залізо,4.5,Заблоковано
887.33,Стандартне,62.29,Невелике занепокоєння,Висока,Льон,4.06,Узгоджено
627.41,Просте,43.88,Не охороняється,Помірна,Скло,2.97,Узгоджено
829.39,Коштовне,26.47,Невелике занепокоєння,Помірна,Скло,2.59,Узгоджено
540.51,Коштовне,45.66,Не охороняється,Безпечний,Залізо,2.71,Узгоджено
720.58,Просте,28.02,Невелике занепокоєння,Безпечний,Поліпропілен,3.99,Узгоджено
748.2,Просте,31.91,Невелике занепокоєння,Помірна,Скло,0.05,Узгоджено
811.37,Коштовне,27.58,Невелике занепокоєння,Помірна,Льон,5.7,Узгоджено
863.1,Просте,63.5,Невелике занепокоєння,Висока,Льон,1.75,Узгоджено
859.38,Просте,23.89,Не охороняється,Помірна,Скло,4.57,Заблоковано
790.15,Коштовне,56.18,Вищий статус охорони,Помірна,Залізо,0.0,Узгоджено
1283.06,Просте,46.52,Невелике занепокоєння,Висока,Поліпропілен,3.2,Заблоковано
880.42,Просте,46.7,Вищий статус охорони,Безпечний,Льон,1.85,Узгоджено
982.64,Коштовне,34.77,Не охороняється,Безпечний,Поліпропілен,5.93,Заблоковано
913.13,Стандартне,31.26,Не охороняється,Висока,Льон,0.79,Заблоковано
618.82,Просте,25.5,Вищий статус охорони,Безпечний,Скло,2.73,Узгоджено
802.77,Просте,43.41,Невелике занепокоєння,Безпечний,Поліпропілен,0.96,Узгоджено
921.15,Стандартне,32.28,Не охороняється,Висока,Залізо,3.85,Заблоковано
769.67,Стандартне,71.91,Не охороняється,Безпечний,Поліпропілен,0.0,Узгоджено
1139.64,Стандартне,59.94,Не охороняється,Висока,Поліпропілен,3.83,Заблоковано
1104.08,Просте,34.65,Вищий статус охорони,Безпечний,Льон,2.09,Заблоковано
776.86,Просте,62.18,Невелике занепокоєння,Безпечний,Скло,0.32,Узгоджено
917.14,Просте,37.11,Невелике занепокоєння,Помірна,Скло,2.76,Заблоковано
901.3,Просте,49.49,Не охороняється,Висока,Льон,4.9,Узгоджено
1147.13,Стандартне,38.44,Вищий статус охорони,Помірна,Льон,1.47,Заблоковано
951.79,Коштовне,60.54,Вищий статус охорони,Помірна,Поліпропілен,3.99,Заблоковано
943.61,Стандартне,59.95,Не охороняється,Безпечний,Скло,2.7,Узгоджено
767.91,Просте,30.58,Вищий статус охорони,Висока,Залізо,1.67,Узгоджено
620.24,Стандартне,56.78,Не охороняється,Висока,Льон,0.0,Узгоджено
706.97,Стандартне,59.58,Вищий статус охорони,Помірна,Скло,1.14,Узгоджено
942.01,Коштовне,47.97,Не охороняється,Безпечний,Залізо,3.97,Заблоковано
987.07,Просте,22.59,Невелике занепокоєння,Безпечний,Скло,1.54,Заблоковано
1043.2,Стандартне,38.76,Не охороняється,Помірна,Залізо,0.0,Заблоковано
909.14,Стандартне,50.06,Вищий статус охорони,Помірна,Скло,2.73,Узгоджено
987.87,Коштовне,30.93,Вищий статус охорони,Безпечний,Скло,1.25,Заблоковано
1030.34,Коштовне,37.67,Не охороняється,Безпечний,Поліпропілен,0.81,Заблоковано
874.24,Коштовне,66.3,Вищий статус охорони,Помірна,Скло,2.09,Узгоджено
733.92,Просте,56.46,Вищий статус охорони,Безпечний,Скло,3.44,Узгоджено
658.03,Коштовне,43.92,Не охороняється,Помірна,Льон,2.19,Узгоджено
933.22,Просте,30.45,Не охороняється,Висока,Скло,0.0,Заблоковано
1063.55,Просте,40.9,Невелике занепокоєння,Висока,Поліпропілен,1.51,Заблоковано
918.22,Просте,56.95,Невелике занепокоєння,Безпечний,Льон,0.09,Узгоджено
773.02,Просте,38.75,Вищий статус охорони,Висока,Поліпропілен,4.06,Узгоджено
983.88,Стандартне,34.26,Вищий статус охорони,Безпечний,Льон,3.68,Заблоковано
926.3,Стандартне,54.52,Не охороняється,Висока,Скло,2.75,Заблоковано
817.63,Коштовне,37.11,Не охороняється,Безпечний,Скло,0.0,Узгоджено
941.51,Стандартне,39.82,Невелике занепокоєння,Безпечний,Залізо,0.0,Заблоковано
770.56,Коштовне,49.04,Не охороняється,Помірна,Скло,2.22,Узгоджено
692.03,Коштовне,42.66,Невелике занепокоєння,Безпечний,Поліпропілен,2.17,Узгоджено
716.18,Просте,35.85,Вищий статус охорони,Безпечний,Скло,2.01,Узгоджено
790.71,Просте,33.87,Невелике занепокоєння,Помірна,Поліпропілен,5.58,Узгоджено
834.59,Просте,52.54,Вищий статус охорони,Безпечний,Залізо,0.87,Узгоджено
921.21,Коштовне,17.29,Невелике занепокоєння,Висока,Поліпропілен,0.83,Заблоковано
920.68,Коштовне,51.2,Не охороняється,Безпечний,Поліпропілен,1.78,Узгоджено
825.68,Стандартне,62.75,Невелике занепокоєння,Помірна,Залізо,0.75,Узгоджено
912.96,Коштовне,26.49,Не охороняється,Безпечний,Льон,4.53,Заблоковано
900.42,Просте,43.0,Вищий статус охорони,Безпечний,Залізо,1.71,Заблоковано
907.69,Стандартне,34.47,Невелике занепокоєння,Безпечний,Залізо,2.73,Заблоковано
1196.28,Стандартне,26.71,Не охороняється,Висока,Скло,4.66,Заблоковано
1210.38,Коштовне,29.6,Не охороняється,Висока,Льон,0.0,Заблоковано
1224.91,Просте,71.21,Вищий статус охорони,Помірна,Залізо,3.52,Заблоковано
951.79,Просте,59.71,Невелике занепокоєння,Безпечний,Скло,2.64,Заблоковано
723.17,Просте,74.86,Невелике занепокоєння,Висока,Залізо,4.11,Узгоджено
936.36,Просте,80.94,Невелике занепокоєння,Висока,Залізо,1.47,Узгоджено
706.12,Коштовне,17.14,Не охороняється,Безпечний,Поліпропілен,5.6,Узгоджено
775.1,Стандартне,12.38,Невелике занепокоєння,Безпечний,Льон,4.66,Узгоджено
1024.62,Стандартне,38.71,Невелике занепокоєння,Висока,Скло,3.22,Заблоковано
893.13,Просте,55.39,Не охороняється,Помірна,Залізо,0.0,Узгоджено
971.52,Стандартне,24.43,Не охороняється,Помірна,Скло,0.31,Заблоковано
689.33,Просте,22.08,Вищий статус охорони,Безпечний,Залізо,0.95,Узгоджено
750.41,Коштовне,53.39,Не охороняється,Безпечний,Залізо,0.0,Узгоджено
1110.31,Коштовне,43.66,Невелике занепокоєння,Висока,Залізо,0.0,Заблоковано
742.22,Коштовне,41.92,Не охороняється,Безпечний,Поліпропілен,2.1,Узгоджено
772.96,Стандартне,60.56,Не охороняється,Безпечний,Скло,4.09,Узгоджено
1112.49,Коштовне,66.64,Вищий статус охорони,Безпечний,Залізо,1.78,Заблоковано
944.34,Просте,31.92,Невелике занепокоєння,Безпечний,Скло,2.78,Заблоковано
653.84,Просте,51.05,Невелике занепокоєння,Помірна,Льон,0.0,Узгоджено
875.35,Просте,27.52,Невелике занепокоєння,Безпечний,Льон,0.41,Заблоковано
865.18,Просте,48.59,Невелике занепокоєння,Висока,Скло,3.59,Узгоджено
1113.16,Коштовне,49.64,Вищий статус охорони,Помірна,Скло,3.61,Заблоковано
1110.31,Коштовне,65.15,Невелике занепокоєння,Безпечний,Залізо,2.68,Заблоковано
1043.16,Просте,55.91,Не охороняється,Висока,Залізо,0.0,Заблоковано
757.39,Стандартне,27.41,Невелике занепокоєння,Висока,Поліпропілен,4.09,Узгоджено
1063.55,Коштовне,66.67,Невелике занепокоєння,Помірна,Скло,3.98,Заблоковано
799.54,Просте,41.11,Невелике занепокоєння,Безпечний,Поліпропілен,2.6,Узгоджено
686.46,Стандартне,37.31,Не охороняється,Висока,Поліпропілен,0.0,Узгоджено
1114.53,Просте,54.96,Вищий статус охорони,Висока,Льон,3.06,Заблоковано
1004.02,Просте,30.95,Вищий статус охорони,Висока,Льон,0.71,Заблоковано
910.64,Коштовне,64.31,Невелике занепокоєння,Висока,Залізо,0.47,Узгоджено
906.62,Стандартне,18.89,Не охороняється,Висока,Льон,1.93,Заблоковано
926.5,Коштовне,79.79,Не охороняється,Висока,Поліпропілен,0.0,Узгоджено
865.84,Коштовне,18.26,Вищий статус охорони,Безпечний,Скло,0.33,Заблоковано
803.99,Просте,55.89,Вищий статус охорони,Висока,Льон,4.09,Узгоджено
1091.63,Стандартне,47.73,Вищий статус охорони,Помірна,Поліпропілен,1.07,Заблоковано
926.51,Стандартне,68.72,Вищий статус охорони,Помірна,Залізо,1.51,Узгоджено
912.45,Стандартне,53.78,Вищий статус охорони,Безпечний,Поліпропілен,3.06,Узгоджено
1232.83,Просте,53.38,Не охороняється,Безпечний,Залізо,1.09,Заблоковано
787.05,Коштовне,34.04,Вищий статус охорони,Висока,Залізо,5.78,Узгоджено
1127.04,Просте,23.91,Не охороняється,Безпечний,Льон,1.01,Заблоковано
1158.69,Коштовне,54.02,Невелике занепокоєння,Безпечний,Залізо,3.75,Заблоковано
562.35,Просте,55.66,Невелике занепокоєння,Висока,Скло,2.39,Узгоджено
999.0,Коштовне,42.73,Не охороняється,Висока,Поліпропілен,2.52,Заблоковано
1056.64,Коштовне,62.11,Вищий статус охорони,Висока,Залізо,3.8,Заблоковано
897.61,Просте,42.55,Невелике занепокоєння,Помірна,Скло,0.31,Заблоковано
801.9,Коштовне,62.6,Невелике занепокоєння,Висока,Поліпропілен,2.7,Узгоджено
1124.29,Коштовне,29.39,Вищий статус охорони,Помірна,Скло,1.01,Заблоковано
820.81,Просте,46.84,Вищий статус охорони,Висока,Скло,1.47,Узгоджено
739.77,Просте,34.69,Невелике занепокоєння,Безпечний,Льон,0.3,Узгоджено
1077.91,Стандартне,15.59,Вищий статус охорони,Безпечний,Скло,0.62,Заблоковано
702.77,Стандартне,49.06,Не охороняється,Безпечний,Залізо,0.69,Узгоджено
908.58,Коштовне,34.06,Невелике занепокоєння,Висока,Поліпропілен,3.71,Заблоковано
799.63,Просте,22.16,Вищий статус охорони,Безпечний,Скло,6.1,Узгоджено
759.6,Просте,30.31,Невелике занепокоєння,Помірна,Залізо,3.38,Узгоджено
733.42,Просте,22.19,Невелике занепокоєння,Помірна,Залізо,2.69,Узгоджено
983.13,Стандартне,73.44,Невелике занепокоєння,Безпечний,Поліпропілен,4.62,Узгоджено
736.92,Коштовне,46.93,Не охороняється,Безпечний,Поліпропілен,0.63,Узгоджено
1029.9,Стандартне,48.99,Вищий статус охорони,Помірна,Поліпропілен,2.76,Заблоковано
816.09,Просте,30.32,Вищий статус охорони,Помірна,Поліпропілен,0.86,Узгоджено
730.64,Стандартне,59.78,Невелике занепокоєння,Висока,Льон,2.68,Узгоджено
755.91,Стандартне,61.57,Не охороняється,Безпечний,Залізо,0.05,Узгоджено
741.52,Просте,51.61,Вищий статус охорони,Безпечний,Поліпропілен,2.76,Узгоджено
856.21,Просте,38.84,Невелике занепокоєння,Помірна,Поліпропілен,3.05,Узгоджено
1302.76,Стандартне,52.61,Не охороняється,Висока,Залізо,0.71,Заблоковано
773.2,Просте,46.19,Вищий статус охорони,Помірна,Залізо,4.31,Узгоджено
1245.84,Стандартне,42.81,Вищий статус охорони,Помірна,Льон,3.51,Заблоковано
1035.46,Коштовне,49.2,Вищий статус охорони,Висока,Поліпропілен,1.83,Заблоковано
596.37,Просте,43.25,Вищий статус охорони,Висока,Скло,4.25,Узгоджено
1010.28,Стандартне,61.93,Вищий статус охорони,Безпечний,Поліпропілен,0.66,Заблоковано
874.8,Стандартне,56.13,Не охороняється,Безпечний,Льон,0.1,Узгоджено
1396.05,Коштовне,41.52,Вищий статус охорони,Безпечний,Льон,2.87,Заблоковано
990.73,Коштовне,57.01,Вищий статус охорони,Безпечний,Залізо,0.0,Заблоковано
933.97,Просте,23.99,Невелике занепокоєння,Висока,Залізо,1.05,Заблоковано
932.05,Просте,49.39,Не охороняється,Безпечний,Скло,2.96,Заблоковано
760.37,Просте,37.17,Вищий статус охорони,Помірна,Поліпропілен,3.65,Узгоджено
1212.03,Стандартне,32.46,Невелике занепокоєння,Безпечний,Залізо,3.45,Заблоковано
682.42,Коштовне,49.48,Не охороняється,Висока,Льон,3.18,Узгоджено
757.39,Стандартне,62.25,Не охороняється,Висока,Поліпропілен,0.0,Узгоджено
833.44,Коштовне,14.66,Не охороняється,Висока,Поліпропілен,2.95,Заблоковано
878.81,Коштовне,50.78,Невелике занепокоєння,Висока,Льон,0.0,Узгоджено
711.95,Коштовне,47.0,Не охороняється,Безпечний,Скло,0.0,Узгоджено
736.92,Коштовне,51.78,Вищий статус охорони,Висока,Льон,5.14,Узгоджено
762.13,Просте,34.6,Невелике занепокоєння,Безпечний,Скло,1.43,Узгоджено
879.78,Стандартне,38.84,Вищий статус охорони,Висока,Поліпропілен,0.0,Заблоковано
841.79,Просте,49.27,Вищий статус охорони,Помірна,Льон,4.15,Узгоджено
915.49,Просте,49.98,Невелике занепокоєння,Безпечний,Залізо,4.45,Узгоджено
785.61,Стандартне,52.72,Невелике занепокоєння,Безпечний,Скло,1.45,Узгоджено
706.59,Просте,54.44,Невелике занепокоєння,Помірна,Скло,1.29,Узгоджено
902.24,Коштовне,52.88,Невелике занепокоєння,Висока,Залізо,0.0,Узгоджено
908.79,Просте,49.22,Не охороняється,Безпечний,Льон,0.0,Узгоджено
811.36,Коштовне,35.27,Невелике занепокоєння,Помірна,Поліпропілен,4.55,Узгоджено
1179.63,Коштовне,49.85,Невелике занепокоєння,Висока,Скло,2.25,Заблоковано
739.96,Просте,17.77,Вищий статус охорони,Висока,Скло,0.0,Узгоджено
1004.73,Коштовне,23.78,Вищий статус охорони,Безпечний,Льон,1.81,Заблоковано
968.95,Коштовне,55.91,Вищий статус охорони,Безпечний,Залізо,0.0,Заблоковано
938.17,Стандартне,46.39,Невелике занепокоєння,Безпечний,Поліпропілен,3.58,Заблоковано
1278.04,Просте,48.81,Вищий статус охорони,Висока,Поліпропілен,0.0,Заблоковано
992.81,Просте,48.56,Вищий статус охорони,Безпечний,Поліпропілен,1.85,Заблоковано
775.15,Стандартне,59.85,Невелике занепокоєння,Помірна,Скло,0.0,Узгоджено
808.92,Коштовне,33.56,Невелике занепокоєння,Безпечний,Поліпропілен,3.73,Узгоджено
718.98,Коштовне,57.76,Вищий статус охорони,Безпечний,Скло,0.0,Узгоджено
689.2,Стандартне,54.98,Вищий статус охорони,Висока,Скло,1.45,Узгоджено
950.94,Просте,51.18,Не охороняється,Безпечний,Льон,0.88,Заблоковано
803.14,Стандартне,57.5,Невелике занепокоєння,Помірна,Залізо,3.01,Узгоджено
1231.76,Коштовне,29.02,Вищий статус охорони,Висока,Поліпропілен,4.15,Заблоковано
774.1,Стандартне,60.39,Вищий статус охорони,Безпечний,Поліпропілен,5.42,Узгоджено
1011.47,Коштовне,46.04,Не охороняється,Помірна,Скло,0.0,Заблоковано
599.52,Стандартне,34.06,Невелике занепокоєння,Висока,Льон,1.99,Узгоджено
751.68,Просте,47.32,Невелике занепокоєння,Помірна,Поліпропілен,1.54,Узгоджено
837.3,Стандартне,36.31,Вищий статус охорони,Помірна,Залізо,6.13,Узгоджено
1100.01,Просте,38.52,Вищий статус охорони,Безпечний,Скло,4.78,Заблоковано
825.91,Просте,65.82,Невелике занепокоєння,Висока,Поліпропілен,2.56,Узгоджено
606.4,Стандартне,58.57,Не охороняється,Висока,Залізо,2.07,Узгоджено
724.53,Коштовне,55.67,Не охороняється,Помірна,Льон,2.12,Узгоджено
1047.55,Коштовне,59.3,Невелике занепокоєння,Помірна,Залізо,2.29,Заблоковано
1223.06,Стандартне,39.48,Невелике занепокоєння,Висока,Льон,3.21,Заблоковано
793.79,Просте,43.84,Вищий статус охорони,Безпечний,Залізо,0.0,Узгоджено
811.66,Стандартне,40.64,Вищий статус охорони,Висока,Скло,0.49,Узгоджено
815.55,Коштовне,48.74,Невелике занепокоєння,Висока,Скло,1.33,Узгоджено
884.0,Стандартне,48.05,Не охороняється,Помірна,Залізо,3.9,Узгоджено
862.47,Просте,54.1,Не охороняється,Помірна,Поліпропілен,1.1,Узгоджено
1111.76,Коштовне,57.02,Не охороняється,Безпечний,Скло,0.0,Заблоковано
782.24,Просте,29.39,Вищий статус охорони,Висока,Скло,2.87,Узгоджено
1055.67,Коштовне,66.56,Невелике занепокоєння,Безпечний,Поліпропілен,1.07,Заблоковано
910.08,Просте,56.15,Невелике занепокоєння,Безпечний,Льон,0.0,Узгоджено
604.32,Коштовне,68.3,Вищий статус охорони,Висока,Залізо,3.65,Узгоджено
1116.74,Стандартне,36.94,Невелике занепокоєння,Помірна,Льон,3.66,Заблоковано
1009.62,Стандартне,51.19,Не охороняється,Безпечний,Залізо,1.68,Заблоковано
1015.79,Стандартне,36.29,Не охороняється,Безпечний,Поліпропілен,1.79,Заблоковано
841.83,Просте,47.4,Невелике занепокоєння,Помірна,Льон,3.83,Узгоджено
1289.72,Просте,58.15,Вищий статус охорони,Помірна,Скло,2.82,Заблоковано
1139.85,Стандартне,38.2,Вищий статус охорони,Безпечний,Залізо,2.08,Заблоковано
1144.7,Просте,55.06,Вищий статус охорони,Висока,Залізо,4.05,Заблоковано
951.42,Коштовне,41.44,Вищий статус охорони,Висока,Льон,3.71,Заблоковано
873.63,Коштовне,18.26,Вищий статус охорони,Помірна,Льон,4.0,Заблоковано
915.75,Стандартне,57.63,Вищий статус охорони,Висока,Скло,1.83,Узгоджено
1145.73,Коштовне,63.03,Вищий статус охорони,Безпечний,Залізо,0.74,Заблоковано
856.21,Стандартне,24.63,Невелике занепокоєння,Помірна,Скло,1.12,Заблоковано
855.9,Коштовне,37.26,Не охороняється,Безпечний,Скло,2.32,Узгоджено
804.3,Стандартне,38.97,Не охороняється,Помірна,Скло,3.1,Узгоджено
908.79,Просте,35.5,Вищий статус охорони,Помірна,Льон,1.29,Заблоковано
797.02,Просте,56.73,Не охороняється,Помірна,Поліпропілен,0.59,Узгоджено
1345.39,Просте,51.95,Вищий статус охорони,Безпечний,Залізо,2.35,Заблоковано
864.84,Стандартне,58.53,Вищий статус охорони,Помірна,Залізо,2.6,Узгоджено
734.35,Коштовне,47.0,Не охороняється,Висока,Льон,1.89,Узгоджено
894.16,Стандартне,60.11,Невелике занепокоєння,Висока,Льон,0.97,Узгоджено
823.14,Просте,62.93,Невелике занепокоєння,Висока,Поліпропілен,0.24,Узгоджено
1340.21,Стандартне,69.5,Не охороняється,Помірна,Поліпропілен,4.8,Заблоковано
870.52,Коштовне,52.41,Не охороняється,Безпечний,Поліпропілен,1.11,Узгоджено
761.97,Стандартне,40.44,Вищий статус охорони,Безпечний,Скло,0.12,Узгоджено
810.5,Коштовне,35.31,Невелике занепокоєння,Помірна,Льон,3.66,Узгоджено
1348.06,Коштовне,39.19,Не охороняється,Безпечний,Льон,4.14,Заблоковано
795.88,Коштовне,33.03,Вищий статус охорони,Помірна,Залізо,3.35,Узгоджено
680.46,Стандартне,51.4,Не охороняється,Помірна,Поліпропілен,1.07,Узгоджено
787.32,Стандартне,67.82,Вищий статус охорони,Помірна,Льон,3.97,Узгоджено
768.22,Коштовне,45.09,Вищий статус охорони,Безпечний,Поліпропілен,3.74,Узгоджено
1024.0,Просте,71.55,Не охороняється,Помірна,Поліпропілен,3.21,Заблоковано
784.26,Стандартне,37.43,Не охороняється,Безпечний,Скло,0.86,Узгоджено
837.67,Просте,44.29,Вищий статус охорони,Висока,Льон,0.0,Узгоджено
1234.24,Стандартне,29.54,Невелике занепокоєння,Помірна,Льон,6.24,Заблоковано
899.3,Стандартне,47.93,Вищий статус охорони,Висока,Залізо,3.02,Узгоджено
741.42,Коштовне,53.58,Вищий статус охорони,Безпечний,Поліпропілен,2.55,Узгоджено
887.34,Коштовне,30.3,Не охороняється,Висока,Залізо,4.89,Заблоковано
676.89,Стандартне,37.05,Не охороняється,Безпечний,Скло,3.18,Узгоджено
663.78,Просте,39.81,Не охороняється,Помірна,Скло,3.91,Узгоджено
1314.88,Стандартне,36.99,Не охороняється,Висока,Поліпропілен,3.77,Заблоковано
1039.68,Стандартне,59.24,Невелике занепокоєння,Помірна,Залізо,0.68,Заблоковано
1040.31,Просте,68.62,Вищий статус охорони,Висока,Льон,4.05,Заблоковано
922.89,Коштовне,63.85,Невелике занепокоєння,Висока,Скло,3.89,Узгоджено
856.84,Стандартне,26.6,Не охороняється,Помірна,Скло,4.94,Заблоковано
1241.53,Просте,54.52,Вищий статус охорони,Висока,Поліпропілен,1.97,Заблоковано
1007.26,Стандартне,65.7,Невелике занепокоєння,Помірна,Скло,0.83,Заблоковано
805.2,Коштовне,54.09,Не охороняється,Помірна,Поліпропілен,2.16,Узгоджено
1086.75,Коштовне,27.83,Вищий статус охорони,Безпечний,Льон,4.66,Заблоковано
975.66,Стандартне,40.82,Вищий статус охорони,Безпечний,Скло,1.57,Заблоковано
1327.07,Стандартне,64.26,Не охороняється,Помірна,Льон,2.4,Заблоковано
825.13,Коштовне,62.75,Не охороняється,Помірна,Льон,4.15,Узгоджено
877.46,Стандартне,27.52,Не охороняється,Висока,Залізо,3.15,Заблоковано
1173.07,Коштовне,48.11,Вищий статус охорони,Безпечний,Поліпропілен,5.09,Заблоковано
695.65,Просте,32.35,Невелике занепокоєння,Безпечний,Залізо,0.6,Узгоджено
906.58,Просте,59.82,Вищий статус охорони,Висока,Залізо,0.71,Узгоджено
989.89,Просте,46.67,Невелике занепокоєння,Висока,Поліпропілен,0.69,Заблоковано
769.62,Коштовне,35.1,Невелике занепокоєння,Висока,Скло,3.38,Узгоджено
491.05,Просте,56.29,Не охороняється,Безпечний,Скло,6.91,Узгоджено
1053.67,Просте,48.88,Не охороняється,Безпечний,Залізо,4.66,Заблоковано
1216.43,Стандартне,32.62,Невелике занепокоєння,Висока,Скло,2.95,Заблоковано
886.9,Просте,40.0,Вищий статус охорони,Помірна,Скло,2.17,Заблоковано
774.34,Стандартне,44.29,Не охороняється,Безпечний,Скло,2.49,Узгоджено
728.72,Коштовне,44.77,Не охороняється,Висока,Льон,6.42,Узгоджено
646.62,Коштовне,24.58,Невелике занепокоєння,Помірна,Льон,4.5,Узгоджено
778.56,Коштовне,41.25,Вищий статус охорони,Висока,Поліпропілен,3.9,Узгоджено
895.95,Коштовне,43.93,Невелике занепокоєння,Висока,Скло,5.44,Заблоковано
950.08,Стандартне,49.52,Вищий статус охорони,Помірна,Залізо,4.51,Заблоковано
523.17,Стандартне,59.01,Не охороняється,Висока,Залізо,3.34,Узгоджено
1012.18,Стандартне,49.61,Не охороняється,Помірна,Скло,2.78,Заблоковано
968.65,Стандартне,69.11,Не охороняється,Безпечний,Льон,0.0,Узгоджено
864.63,Коштовне,40.71,Невелике занепокоєння,Помірна,Залізо,2.91,Узгоджено
1028.29,Коштовне,40.28,Не охороняється,Висока,Поліпропілен,0.27,Заблоковано
788.57,Коштовне,36.28,Невелике занепокоєння,Висока,Залізо,1.72,Узгоджено
1283.06,Коштовне,47.19,Не охороняється,Висока,Поліпропілен,5.03,Заблоковано
929.89,Коштовне,54.09,Невелике занепокоєння,Висока,Поліпропілен,3.15,Заблоковано
726.37,Просте,39.3,Невелике занепокоєння,Помірна,Поліпропілен,2.48,Узгоджено
717.42,Стандартне,33.34,Вищий статус охорони,Висока,Скло,1.39,Узгоджено
532.0,Просте,58.19,Невелике занепокоєння,Висока,Залізо,2.76,Узгоджено
702.27,Коштовне,45.65,Вищий статус охорони,Безпечний,Поліпропілен,1.24,Узгоджено
798.41,Просте,23.57,Не охороняється,Помірна,Поліпропілен,3.71,Узгоджено
1093.1,Коштовне,46.19,Вищий статус охорони,Безпечний,Льон,2.45,Заблоковано
757.24,Стандартне,48.33,Невелике занепокоєння,Помірна,Поліпропілен,2.81,Узгоджено
1044.31,Просте,54.05,Невелике занепокоєння,Безпечний,Льон,2.35,Заблоковано
709.46,Стандартне,48.11,Не охороняється,Безпечний,Льон,4.78,Узгоджено
718.0,Стандартне,36.65,Невелике занепокоєння,Помірна,Скло,0.0,Узгоджено
869.0,Стандартне,44.39,Невелике занепокоєння,Висока,Льон,0.0,Узгоджено
650.36,Просте,50.82,Вищий статус охорони,Безпечний,Льон,5.48,Узгоджено
509.66,Просте,32.74,Вищий статус охорони,Безпечний,Льон,8.61,Узгоджено
1177.69,Просте,47.56,Вищий статус охорони,Висока,Поліпропілен,1.33,Заблоковано
1126.73,Стандартне,44.28,Вищий статус охорони,Безпечний,Льон,3.83,Заблоковано
867.51,Коштовне,58.82,Вищий статус охорони,Помірна,Поліпропілен,0.0,Узгоджено
768.72,Стандартне,24.28,Вищий статус охорони,Безпечний,Залізо,1.92,Узгоджено
817.82,Коштовне,39.52,Не охороняється,Помірна,Залізо,4.89,Узгоджено
673.81,Просте,36.89,Невелике занепокоєння,Безпечний,Льон,2.77,Узгоджено
906.17,Стандартне,69.91,Невелике занепокоєння,Помірна,Залізо,1.01,Узгоджено
993.45,Просте,59.12,Вищий статус охорони,Висока,Поліпропілен,5.31,Заблоковано
700.29,Коштовне,48.22,Не охороняється,Висока,Скло,4.33,Узгоджено
979.69,Просте,41.97,Вищий статус охорони,Помірна,Поліпропілен,3.13,Заблоковано
807.62,Стандартне,32.45,Невелике занепокоєння,Безпечний,Льон,4.26,Узгоджено
824.84,Просте,50.31,Не охороняється,Висока,Залізо,3.68,Узгоджено
412.0,Стандартне,36.42,Невелике занепокоєння,Безпечний,Скло,4.71,Узгоджено
901.64,Стандартне,34.98,Не охороняється,Безпечний,Скло,2.1,Заблоковано
851.97,Стандартне,44.15,Невелике занепокоєння,Помірна,Льон,0.0,Узгоджено
572.02,Коштовне,29.86,Вищий статус охорони,Безпечний,Залізо,6.55,Узгоджено
967.93,Стандартне,59.52,Невелике занепокоєння,Висока,Скло,3.07,Заблоковано
877.57,Стандартне,13.4,Не охороняється,Безпечний,Льон,1.34,Заблоковано
946.64,Просте,12.57,Невелике занепокоєння,Висока,Залізо,1.83,Заблоковано
1029.9,Коштовне,49.75,Не охороняється,Висока,Поліпропілен,1.16,Заблоковано
931.66,Коштовне,28.98,Не охороняється,Висока,Скло,3.73,Заблоковано
646.62,Просте,69.01,Вищий статус охорони,Висока,Скло,1.15,Узгоджено
1112.49,Стандартне,57.25,Невелике занепокоєння,Висока,Льон,1.14,Заблоковано
823.28,Просте,67.09,Не охороняється,Висока,Залізо,2.44,Узгоджено
1114.22,Коштовне,18.69,Не охороняється,Висока,Залізо,1.7,Заблоковано
1155.57,Коштовне,48.94,Невелике занепокоєння,Помірна,Скло,3.12,Заблоковано
1296.05,Просте,44.35,Невелике занепокоєння,Безпечний,Поліпропілен,4.46,Заблоковано
793.25,Стандартне,49.37,Не охороняється,Помірна,Скло,2.68,Узгоджено
1177.79,Коштовне,40.28,Не охороняється,Безпечний,Поліпропілен,4.86,Заблоковано
630.72,Стандартне,41.44,Вищий статус охорони,Безпечний,Льон,4.49,Узгоджено
897.2,Стандартне,62.62,Не охороняється,Помірна,Поліпропілен,0.34,Узгоджено
939.8,Просте,44.5,Невелике занепокоєння,Висока,Залізо,0.0,Заблоковано
1157.26,Стандартне,32.0,Не охороняється,Висока,Скло,4.2,Заблоковано
924.13,Коштовне,38.82,Не охороняється,Безпечний,Залізо,3.27,Заблоковано
1458.89,Коштовне,47.48,Вищий статус охорони,Безпечний,Скло,2.96,Заблоковано
780.5,Стандартне,59.84,Не охороняється,Безпечний,Залізо,3.77,Узгоджено
982.14,Просте,60.11,Вищий статус охорони,Висока,Поліпропілен,5.41,Заблоковано
982.67,Стандартне,49.19,Вищий статус охорони,Помірна,Залізо,3.98,Заблоковано
769.45,Просте,48.49,Невелике занепокоєння,Помірна,Скло,1.39,Узгоджено
733.69,Просте,57.27,Невелике занепокоєння,Помірна,Поліпропілен,3.95,Узгоджено
1021.5,Стандартне,73.69,Невелике занепокоєння,Висока,Залізо,3.04,Заблоковано
756.56,Стандартне,47.73,Не охороняється,Безпечний,Залізо,2.38,Узгоджено
713.26,Коштовне,55.95,Вищий статус охорони,Висока,Скло,2.6,Узгоджено
1234.24,Стандартне,22.48,Не охороняється,Безпечний,Поліпропілен,3.04,Заблоковано
1277.93,Стандартне,35.07,Невелике занепокоєння,Помірна,Льон,3.71,Заблоковано
793.18,Просте,40.48,Не охороняється,Висока,Льон,6.0,Узгоджено
1052.04,Коштовне,47.26,Вищий статус охорони,Висока,Поліпропілен,0.0,Заблоковано
671.74,Коштовне,64.44,Не охороняється,Безпечний,Льон,3.68,Узгоджено
775.15,Стандартне,12.38,Вищий статус охорони,Висока,Льон,4.59,Узгоджено
702.22,Коштовне,56.03,Не охороняється,Безпечний,Скло,1.99,Узгоджено
692.3,Просте,64.65,Вищий статус охорони,Безпечний,Льон,0.79,Узгоджено
777.56,Просте,44.98,Невелике занепокоєння,Помірна,Скло,4.43,Узгоджено
919.41,Просте,47.6,Вищий статус охорони,Висока,Залізо,0.0,Заблоковано
909.34,Стандартне,14.82,Вищий статус охорони,Безпечний,Поліпропілен,0.54,Заблоковано
820.99,Коштовне,-10.28,Невелике занепокоєння,Помірна,Льон,5.98,Заблоковано
1071.77,Стандартне,7.65,Невелике занепокоєння,Помірна,Льон,0.0,Заблоковано
728.12,Стандартне,36.65,Невелике занепокоєння,Висока,Залізо,3.08,Узгоджено
942.43,Коштовне,48.21,Невелике занепокоєння,Безпечний,Залізо,1.26,Заблоковано
1005.46,Коштовне,62.34,Не охороняється,Помірна,Залізо,2.3,Заблоковано
1142.42,Коштовне,59.43,Вищий статус охорони,Висока,Залізо,1.92,Заблоковано
986.94,Коштовне,44.67,Вищий статус охорони,Помірна,Залізо,3.16,Заблоковано
1343.98,Просте,35.59,Не охороняється,Висока,Поліпропілен,6.26,Заблоковано
847.76,Просте,24.76,Вищий статус охорони,Висока,Поліпропілен,0.55,Заблоковано
1054.91,Стандартне,39.35,Вищий статус охорони,Висока,Скло,4.41,Заблоковано
1067.77,Стандартне,42.93,Не охороняється,Безпечний,Поліпропілен,5.05,Заблоковано
695.82,Просте,46.16,Невелике занепокоєння,Помірна,Льон,2.48,Узгоджено
959.39,Коштовне,20.04,Не охороняється,Безпечний,Льон,2.8,Заблоковано
788.57,Коштовне,53.13,Невелике занепокоєння,Безпечний,Поліпропілен,2.25,Узгоджено
778.01,Просте,57.01,Невелике занепокоєння,Висока,Поліпропілен,2.87,Узгоджено
981.55,Коштовне,37.75,Не охороняється,Помірна,Залізо,0.0,Заблоковано
1088.5,Коштовне,41.94,Невелике занепокоєння,Помірна,Залізо,4.05,Заблоковано
815.94,Стандартне,59.61,Невелике занепокоєння,Висока,Скло,0.02,Узгоджено
967.39,Просте,6.59,Не охороняється,Висока,Поліпропілен,3.73,Заблоковано
794.86,Коштовне,63.1,Не охороняється,Висока,Льон,3.66,Узгоджено
705.72,Стандартне,51.15,Не охороняється,Висока,Залізо,3.49,Узгоджено
921.21,Просте,49.53,Невелике занепокоєння,Помірна,Скло,0.2,Заблоковано
915.85,Просте,52.8,Невелике занепокоєння,Висока,Поліпропілен,2.58,Узгоджено
889.33,Просте,37.73,Не охороняється,Помірна,Залізо,1.36,Заблоковано
862.2,Стандартне,56.41,Вищий статус охорони,Висока,Залізо,3.01,Узгоджено
483.94,Просте,39.62,Не охороняється,Висока,Льон,2.18,Узгоджено
1053.47,Стандартне,33.38,Невелике занепокоєння,Помірна,Скло,0.24,Заблоковано
723.77,Стандартне,60.45,Невелике занепокоєння,Помірна,Поліпропілен,2.18,Узгоджено
705.95,Просте,50.03,Невелике занепокоєння,Безпечний,Скло,0.07,Узгоджено
789.38,Стандартне,33.78,Невелике занепокоєння,Висока,Скло,1.75,Узгоджено
638.66,Просте,51.79,Не охороняється,Безпечний,Льон,3.47,Узгоджено
1334.16,Просте,40.96,Не охороняється,Помірна,Скло,1.27,Заблоковано
612.31,Просте,56.95,Вищий статус охорони,Помірна,Льон,1.45,Узгоджено
866.0,Просте,34.36,Не охороняється,Помірна,Скло,3.5,Заблоковано
1009.39,Коштовне,71.55,Не охороняється,Безпечний,Залізо,1.02,Заблоковано
1021.61,Просте,48.21,Не охороняється,Помірна,Поліпропілен,2.79,Заблоковано
825.12,Коштовне,19.98,Невелике занепокоєння,Безпечний,Льон,0.0,Заблоковано
895.11,Коштовне,51.15,Невелике занепокоєння,Висока,Скло,3.5,Узгоджено
942.25,Просте,64.14,Не охороняється,Безпечний,Поліпропілен,2.89,Узгоджено
1296.05,Стандартне,53.1,Вищий статус охорони,Висока,Поліпропілен,2.74,Заблоковано
737.55,Коштовне,49.24,Вищий статус охорони,Помірна,Залізо,2.64,Узгоджено
1157.26,Просте,40.4,Невелике занепокоєння,Висока,Скло,0.0,Заблоковано
946.88,Стандартне,7.81,Вищий статус охорони,Безпечний,Поліпропілен,2.65,Заблоковано
773.2,Коштовне,59.35,Невелике занепокоєння,Висока,Льон,3.01,Узгоджено
468.63,Стандартне,29.87,Не охороняється,Помірна,Льон,4.09,Узгоджено
847.32,Стандартне,68.26,Невелике занепокоєння,Безпечний,Поліпропілен,1.0,Узгоджено
937.09,Стандартне,5.78,Не охороняється,Помірна,Скло,4.89,Заблоковано
1022.7,Стандартне,49.42,Не охороняється,Помірна,Залізо,0.29,Заблоковано
791.87,Просте,72.84,Вищий статус охорони,Помірна,Залізо,4.14,Узгоджено
986.98,Стандартне,62.84,Не охороняється,Безпечний,Поліпропілен,3.78,Заблоковано
606.2,Стандартне,37.17,Вищий статус охорони,Висока,Поліпропілен,1.69,Узгоджено
955.79,Просте,62.22,Вищий статус охорони,Безпечний,Скло,3.01,Заблоковано
1007.26,Коштовне,48.9,Невелике занепокоєння,Висока,Льон,0.42,Заблоковано
583.15,Просте,35.41,Невелике занепокоєння,Помірна,Залізо,5.51,Узгоджено
742.05,Коштовне,73.68,Вищий статус охорони,Помірна,Скло,7.29,Узгоджено
1057.59,Стандартне,57.99,Не охороняється,Висока,Залізо,5.03,Заблоковано
1059.37,Стандартне,37.38,Вищий статус охорони,Висока,Поліпропілен,2.44,Заблоковано
727.76,Просте,61.57,Невелике занепокоєння,Помірна,Залізо,3.99,Узгоджено
857.14,Стандартне,71.46,Невелике занепокоєння,Висока,Поліпропілен,0.0,Узгоджено
520.49,Просте,46.92,Не охороняється,Висока,Поліпропілен,3.36,Узгоджено
946.02,Стандартне,56.48,Вищий статус охорони,Помірна,Залізо,2.56,Заблоковано
813.44,Стандартне,74.99,Вищий статус охорони,Безпечний,Льон,1.97,Узгоджено
1061.45,Стандартне,48.12,Невелике занепокоєння,Безпечний,Скло,3.02,Заблоковано
1329.46,Коштовне,26.83,Невелике занепокоєння,Помірна,Скло,2.84,Заблоковано
763.77,Стандартне,37.54,Вищий статус охорони,Висока,Скло,2.73,Узгоджено
762.31,Коштовне,23.18,Невелике занепокоєння,Висока,Льон,8.15,Узгоджено
934.59,Просте,64.47,Вищий статус охорони,Помірна,Скло,6.38,Узгоджено
621.72,Просте,25.65,Вищий статус охорони,Висока,Залізо,5.64,Узгоджено
928.81,Коштовне,62.97,Невелике занепокоєння,Помірна,Льон,4.82,Узгоджено
993.45,Стандартне,39.07,Не охороняється,Помірна,Скло,1.67,Заблоковано
890.14,Стандартне,43.07,Невелике занепокоєння,Помірна,Льон,1.74,Заблоковано
621.23,Просте,35.01,Вищий статус охорони,Безпечний,Льон,0.0,Узгоджено
680.78,Просте,23.87,Невелике занепокоєння,Помірна,Поліпропілен,3.92,Узгоджено
995.81,Стандартне,17.75,Невелике занепокоєння,Безпечний,Поліпропілен,0.12,Заблоковано
920.88,Просте,67.28,Не охороняється,Безпечний,Скло,2.14,Узгоджено
663.31,Просте,41.53,Не охороняється,Висока,Скло,3.32,Узгоджено
879.64,Стандартне,56.66,Не охороняється,Висока,Залізо,3.53,Узгоджено
824.01,Стандартне,43.66,Не охороняється,Помірна,Скло,1.77,Узгоджено
983.09,Коштовне,25.98,Вищий статус охорони,Висока,Залізо,2.53,Заблоковано
880.6,Стандартне,37.64,Вищий статус охорони,Безпечний,Льон,7.41,Заблоковано
1098.92,Стандартне,43.73,Вищий статус охорони,Безпечний,Залізо,0.0,Заблоковано
794.09,Просте,36.18,Не охороняється,Безпечний,Залізо,5.85,Узгоджено
709.54,Стандартне,54.54,Не охороняється,Висока,Поліпропілен,3.84,Узгоджено
939.8,Просте,71.26,Невелике занепокоєння,Помірна,Залізо,3.39,Узгоджено
962.39,Просте,20.43,Вищий статус охорони,Безпечний,Залізо,0.0,Заблоковано
611.87,Коштовне,56.99,Не охороняється,Помірна,Поліпропілен,2.15,Узгоджено
917.95,Стандартне,43.54,Не охороняється,Висока,Льон,3.64,Заблоковано
907.63,Стандартне,50.06,Не охороняється,Безпечний,Залізо,4.05,Узгоджено
735.1,Коштовне,40.25,Невелике занепокоєння,Висока,Скло,1.17,Узгоджено
1007.3,Просте,50.78,Невелике занепокоєння,Помірна,Скло,0.42,Заблоковано
793.25,Стандартне,46.78,Невелике занепокоєння,Висока,Льон,2.35,Узгоджено
1029.9,Просте,32.82,Невелике занепокоєння,Висока,Льон,3.44,Заблоковано
790.71,Просте,49.44,Невелике занепокоєння,Помірна,Поліпропілен,4.61,Узгоджено
981.49,Просте,35.87,Не охороняється,Помірна,Льон,0.0,Заблоковано
631.4,Стандартне,63.75,Вищий статус охорони,Висока,Льон,0.0,Узгоджено
963.76,Стандартне,59.84,Не охороняється,Помірна,Поліпропілен,3.68,Заблоковано
1171.43,Стандартне,44.57,Невелике занепокоєння,Безпечний,Льон,0.4,Заблоковано
773.02,Просте,15.17,Не охороняється,Безпечний,Льон,2.87,Узгоджено
1004.73,Стандартне,33.28,Вищий статус охорони,Висока,Льон,0.0,Заблоковано
793.18,Коштовне,49.23,Не охороняється,Безпечний,Скло,3.82,Узгоджено
937.4,Просте,66.99,Невелике занепокоєння,Помірна,Залізо,6.95,Узгоджено
817.09,Коштовне,58.15,Не охороняється,Безпечний,Поліпропілен,1.47,Узгоджено
899.2,Коштовне,62.25,Невелике занепокоєння,Помірна,Льон,5.39,Узгоджено
1066.04,Коштовне,35.9,Не охороняється,Безпечний,Скло,3.3,Заблоковано
949.52,Коштовне,51.47,Вищий статус охорони,Безпечний,Скло,3.99,Заблоковано
873.06,Просте,48.86,Не охороняється,Безпечний,Скло,0.42,Узгоджено
997.52,Просте,35.97,Не охороняється,Помірна,Залізо,1.09,Заблоковано
1045.09,Коштовне,29.1,Не охороняється,Безпечний,Скло,2.68,Заблоковано
725.47,Коштовне,49.64,Не охороняється,Висока,Залізо,0.97,Узгоджено
1209.03,Просте,31.28,Не охороняється,Помірна,Поліпропілен,2.09,Заблоковано
1110.59,Стандартне,62.76,Не охороняється,Помірна,Поліпропілен,0.0,Заблоковано
770.11,Стандартне,35.85,Вищий статус охорони,Безпечний,Скло,4.09,Узгоджено
954.03,Стандартне,46.02,Вищий статус охорони,Висока,Скло,2.68,Заблоковано
696.46,Стандартне,36.18,Не охороняється,Висока,Льон,0.0,Узгоджено
990.02,Коштовне,22.65,Невелике занепокоєння,Безпечний,Залізо,0.0,Заблоковано
606.4,Стандартне,46.69,Вищий статус охорони,Безпечний,Льон,5.57,Узгоджено
1336.34,Просте,30.91,Не охороняється,Безпечний,Залізо,0.05,Заблоковано
772.46,Просте,61.48,Невелике занепокоєння,Безпечний,Льон,3.12,Узгоджено
1094.62,Просте,51.32,Невелике занепокоєння,Безпечний,Залізо,4.05,Заблоковано
1117.94,Стандартне,23.57,Не охороняється,Помірна,Залізо,4.16,Заблоковано
894.99,Коштовне,64.72,Не охороняється,Безпечний,Залізо,2.64,Узгоджено
1015.54,Стандартне,52.84,Не охороняється,Помірна,Льон,0.31,Заблоковано
938.3,Просте,43.16,Не охороняється,Безпечний,Залізо,4.28,Заблоковано
1069.52,Стандартне,16.13,Невелике занепокоєння,Помірна,Поліпропілен,1.62,Заблоковано
895.24,Стандартне,56.04,Не охороняється,Помірна,Скло,1.31,Узгоджено
1033.07,Просте,21.92,Невелике занепокоєння,Висока,Скло,4.3,Заблоковано
718.0,Коштовне,51.21,Не охороняється,Безпечний,Скло,6.65,Узгоджено
803.16,Коштовне,45.0,Вищий статус охорони,Безпечний,Залізо,3.21,Узгоджено
777.01,Просте,74.8,Вищий статус охорони,Помірна,Льон,0.93,Узгоджено
826.65,Стандартне,50.25,Не охороняється,Висока,Поліпропілен,0.0,Узгоджено
1071.77,Стандартне,33.01,Не охороняється,Висока,Льон,2.87,Заблоковано
786.25,Стандартне,55.8,Не охороняється,Безпечний,Льон,1.15,Узгоджено
962.03,Просте,52.43,Не охороняється,Помірна,Льон,0.0,Заблоковано
833.73,Коштовне,41.72,Вищий статус охорони,Висока,Залізо,3.71,Узгоджено
668.47,Просте,63.66,Вищий статус охорони,Висока,Скло,1.84,Узгоджено
1041.28,Просте,43.15,Невелике занепокоєння,Висока,Скло,2.19,Заблоковано
983.79,Стандартне,50.62,Не охороняється,Безпечний,Залізо,7.11,Заблоковано
809.02,Стандартне,35.47,Невелике занепокоєння,Висока,Льон,2.78,Узгоджено
725.7,Просте,49.46,Вищий статус охорони,Безпечний,Залізо,3.83,Узгоджено
635.28,Стандартне,31.63,Невелике занепокоєння,Помірна,Льон,1.98,Узгоджено
809.17,Просте,39.23,Не охороняється,Безпечний,Льон,1.87,Узгоджено
697.42,Стандартне,19.7,Вищий статус охорони,Безпечний,Поліпропілен,5.19,Узгоджено
909.99,Стандартне,33.76,Не охороняється,Безпечний,Льон,1.42,Заблоковано
956.17,Стандартне,47.68,Невелике занепокоєння,Помірна,Залізо,0.0,Заблоковано
878.36,Просте,52.46,Не охороняється,Висока,Залізо,1.75,Узгоджено
819.93,Коштовне,46.56,Невелике занепокоєння,Помірна,Залізо,0.0,Узгоджено
1143.94,Стандартне,58.07,Вищий статус охорони,Помірна,Залізо,0.07,Заблоковано
1042.96,Стандартне,48.22,Не охороняється,Помірна,Поліпропілен,2.71,Заблоковано
1177.32,Коштовне,31.8,Не охороняється,Безпечний,Скло,5.69,Заблоковано
899.21,Просте,35.41,Невелике занепокоєння,Безпечний,Залізо,4.24,Заблоковано
902.83,Просте,29.76,Не охороняється,Безпечний,Льон,0.0,Заблоковано
858.72,Коштовне,49.4,Вищий статус охорони,Висока,Скло,6.64,Узгоджено
959.14,Просте,33.55,Не охороняється,Висока,Льон,0.54,Заблоковано
754.49,Коштовне,44.84,Вищий статус охорони,Висока,Поліпропілен,1.58,Узгоджено
929.52,Коштовне,50.57,Не охороняється,Безпечний,Льон,1.56,Заблоковано
783.68,Просте,39.32,Вищий статус охорони,Висока,Льон,1.86,Узгоджено
1294.96,Коштовне,36.2,Невелике занепокоєння,Безпечний,Скло,0.3,Заблоковано
715.63,Стандартне,49.13,Не охороняється,Помірна,Льон,0.33,Узгоджено
1216.8,Коштовне,50.79,Невелике занепокоєння,Безпечний,Поліпропілен,2.35,Заблоковано
748.8,Коштовне,52.58,Вищий статус охорони,Висока,Поліпропілен,2.62,Узгоджено
943.83,Коштовне,59.01,Не охороняється,Помірна,Залізо,1.58,Заблоковано
725.75,Стандартне,49.61,Вищий статус охорони,Безпечний,Льон,0.33,Узгоджено
713.38,Просте,42.47,Невелике занепокоєння,Помірна,Поліпропілен,0.05,Узгоджено
1001.63,Коштовне,38.03,Невелике занепокоєння,Висока,Поліпропілен,5.47,Заблоковано
1067.48,Стандартне,43.41,Не охороняється,Помірна,Льон,0.0,Заблоковано
959.35,Просте,51.04,Не охороняється,Безпечний,Льон,2.78,Заблоковано
1015.45,Просте,-0.98,Вищий статус охорони,Висока,Поліпропілен,3.65,Заблоковано
743.85,Коштовне,53.62,Не охороняється,Безпечний,Залізо,2.21,Узгоджено
1048.05,Коштовне,49.69,Невелике занепокоєння,Помірна,Скло,4.62,Заблоковано
1000.12,Стандартне,51.71,Невелике занепокоєння,Безпечний,Залізо,0.0,Заблоковано
1034.88,Просте,62.54,Невелике занепокоєння,Безпечний,Льон,6.45,Заблоковано
681.34,Просте,31.0,Не охороняється,Висока,Поліпропілен,0.37,Узгоджено
863.0,Просте,57.01,Вищий статус охорони,Безпечний,Поліпропілен,3.57,Узгоджено
1327.07,Стандартне,30.02,Вищий статус охорони,Висока,Скло,4.49,Заблоковано
846.86,Стандартне,61.74,Не охороняється,Помірна,Поліпропілен,0.25,Узгоджено
687.97,Просте,37.92,Невелике занепокоєння,Безпечний,Залізо,1.93,Узгоджено
934.84,Коштовне,38.8,Не охороняється,Висока,Поліпропілен,1.09,Заблоковано
882.94,Просте,28.68,Невелике занепокоєння,Безпечний,Залізо,3.06,Заблоковано
990.02,Просте,23.89,Невелике занепокоєння,Помірна,Скло,4.06,Заблоковано
619.66,Просте,66.01,Невелике занепокоєння,Безпечний,Поліпропілен,4.27,Узгоджено
964.0,Стандартне,16.38,Не охороняється,Помірна,Льон,2.18,Заблоковано
518.76,Стандартне,29.39,Невелике занепокоєння,Безпечний,Залізо,0.14,Узгоджено
681.28,Просте,43.17,Не охороняється,Висока,Залізо,4.81,Узгоджено
794.38,Просте,54.14,Невелике занепокоєння,Помірна,Скло,1.92,Узгоджено
866.08,Коштовне,25.79,Невелике занепокоєння,Безпечний,Скло,2.55,Заблоковано
836.93,Коштовне,48.51,Вищий статус охорони,Висока,Льон,1.64,Узгоджено
670.24,Коштовне,49.5,Невелике занепокоєння,Безпечний,Залізо,2.62,Узгоджено
611.01,Просте,17.29,Вищий статус охорони,Безпечний,Поліпропілен,1.73,Узгоджено
788.95,Просте,50.9,Невелике занепокоєння,Помірна,Скло,2.68,Узгоджено
910.31,Просте,36.41,Вищий статус охорони,Помірна,Поліпропілен,1.34,Заблоковано
722.68,Просте,46.19,Невелике занепокоєння,Помірна,Скло,0.47,Узгоджено
899.3,Просте,20.34,Невелике занепокоєння,Висока,Льон,6.23,Заблоковано
922.5,Просте,64.02,Вищий статус охорони,Безпечний,Залізо,5.87,Узгоджено
1036.14,Стандартне,59.43,Невелике занепокоєння,Безпечний,Льон,5.56,Заблоковано
1244.92,Стандартне,52.35,Вищий статус охорони,Безпечний,Льон,4.36,Заблоковано
1035.44,Просте,55.71,Невелике занепокоєння,Помірна,Поліпропілен,0.93,Заблоковано
980.47,Просте,60.19,Не охороняється,Помірна,Поліпропілен,3.93,Заблоковано
843.61,Просте,40.46,Не охороняється,Безпечний,Льон,4.15,Узгоджено
886.53,Коштовне,58.8,Вищий статус охорони,Висока,Льон,0.0,Узгоджено
687.97,Просте,34.47,Не охороняється,Помірна,Льон,6.08,Узгоджено
735.1,Стандартне,46.42,Вищий статус охорони,Висока,Льон,1.29,Узгоджено
750.92,Просте,34.78,Не охороняється,Безпечний,Залізо,4.17,Узгоджено
837.21,Коштовне,12.68,Не охороняється,Помірна,Льон,0.71,Заблоковано
926.23,Коштовне,51.1,Вищий статус охорони,Висока,Поліпропілен,0.0,Заблоковано
968.89,Стандартне,75.07,Невелике занепокоєння,Помірна,Поліпропілен,1.66,Узгоджено
735.47,Коштовне,50.99,Вищий статус охорони,Помірна,Поліпропілен,1.66,Узгоджено
807.42,Стандартне,59.4,Не охороняється,Помірна,Скло,3.67,Узгоджено
687.62,Стандартне,32.16,Вищий статус охорони,Висока,Скло,5.19,Узгоджено
899.12,Стандартне,58.96,Невелике занепокоєння,Висока,Скло,0.0,Узгоджено
877.57,Коштовне,74.37,Невелике занепокоєння,Висока,Скло,1.87,Узгоджено
762.84,Стандартне,44.84,Невелике занепокоєння,Помірна,Поліпропілен,4.02,Узгоджено
1388.34,Стандартне,71.05,Невелике занепокоєння,Помірна,Поліпропілен,3.1,Заблоковано
1015.51,Стандартне,37.1,Не охороняється,Висока,Залізо,0.13,Заблоковано
1011.41,Стандартне,30.06,Вищий статус охорони,Висока,Скло,4.3,Заблоковано
1239.98,Стандартне,59.54,Вищий статус охорони,Висока,Залізо,4.28,Заблоковано
921.7,Стандартне,32.23,Не охороняється,Помірна,Залізо,4.05,Заблоковано
799.24,Просте,36.0,Невелике занепокоєння,Помірна,Залізо,3.0,Узгоджено
603.77,Коштовне,59.68,Не охороняється,Висока,Льон,0.73,Узгоджено
787.71,Коштовне,37.11,Не охороняється,Помірна,Скло,2.87,Узгоджено
957.7,Стандартне,33.87,Вищий статус охорони,Висока,Поліпропілен,5.7,Заблоковано
1037.51,Коштовне,27.8,Невелике занепокоєння,Помірна,Скло,2.49,Заблоковано
1199.27,Просте,49.5,Невелике занепокоєння,Безпечний,Льон,5.9,Заблоковано
1255.09,Коштовне,34.93,Вищий статус охорони,Помірна,Залізо,6.76,Заблоковано
1014.85,Просте,36.63,Вищий статус охорони,Помірна,Залізо,1.7,Заблоковано
756.56,Просте,3.46,Невелике занепокоєння,Помірна,Залізо,2.68,Узгоджено
1016.1,Стандартне,45.14,Невелике занепокоєння,Висока,Льон,1.53,Заблоковано
820.37,Коштовне,33.56,Невелике занепокоєння,Помірна,Поліпропілен,7.26,Узгоджено
1045.09,Просте,13.53,Вищий статус охорони,Помірна,Скло,1.78,Заблоковано
794.7,Просте,48.54,Не охороняється,Висока,Скло,3.32,Узгоджено
766.5,Стандартне,52.5,Вищий статус охорони,Помірна,Скло,4.28,Узгоджено
842.87,Коштовне,47.22,Невелике занепокоєння,Висока,Льон,2.63,Узгоджено
629.99,Коштовне,45.0,Не охороняється,Безпечний,Льон,2.42,Узгоджено
1144.23,Стандартне,21.66,Вищий статус охорони,Безпечний,Льон,3.9,Заблоковано
900.08,Стандартне,44.23,Не охороняється,Помірна,Залізо,4.28,Заблоковано
1040.26,Стандартне,67.76,Невелике занепокоєння,Помірна,Скло,5.01,Заблоковано
824.96,Просте,45.1,Невелике занепокоєння,Безпечний,Льон,3.92,Узгоджено
1015.54,Коштовне,29.14,Вищий статус охорони,Помірна,Льон,0.89,Заблоковано
917.4,Стандартне,38.52,Не охороняється,Помірна,Поліпропілен,0.0,Заблоковано
1072.83,Коштовне,48.88,Вищий статус охорони,Помірна,Льон,0.47,Заблоковано
983.97,Коштовне,49.65,Невелике занепокоєння,Висока,Льон,1.83,Заблоковано
1155.55,Стандартне,42.69,Вищий статус охорони,Безпечний,Залізо,0.0,Заблоковано
990.64,Стандартне,27.8,Не охороняється,Безпечний,Скло,3.63,Заблоковано
1079.83,Коштовне,20.56,Невелике занепокоєння,Помірна,Скло,0.67,Заблоковано
960.41,Коштовне,58.55,Вищий статус охорони,Помірна,Залізо,2.26,Заблоковано
757.65,Просте,31.03,Не охороняється,Помірна,Льон,1.19,Узгоджено
941.47,Стандартне,50.52,Вищий статус охорони,Безпечний,Поліпропілен,3.1,Заблоковано
727.23,Просте,52.03,Не охороняється,Помірна,Поліпропілен,3.13,Узгоджено
858.81,Просте,51.57,Вищий статус охорони,Помірна,Льон,1.65,Узгоджено
1066.18,Коштовне,61.96,Не охороняється,Висока,Скло,3.77,Заблоковано
969.02,Просте,22.25,Вищий статус охорони,Безпечний,Залізо,2.33,Заблоковано
818.96,Стандартне,29.14,Вищий статус охорони,Безпечний,Поліпропілен,0.0,Узгоджено
680.78,Коштовне,51.15,Не охороняється,Висока,Скло,0.92,Узгоджено
931.25,Стандартне,50.78,Невелике занепокоєння,Помірна,Льон,3.41,Заблоковано
1113.7,Просте,53.59,Вищий статус охорони,Безпечний,Поліпропілен,2.28,Заблоковано
806.44,Просте,5.01,Вищий статус охорони,Безпечний,Залізо,0.58,Заблоковано
1246.56,Коштовне,28.0,Невелике занепокоєння,Безпечний,Скло,0.0,Заблоковано
1117.51,Стандартне,49.7,Вищий статус охорони,Висока,Скло,2.07,Заблоковано
1241.53,Коштовне,35.41,Невелике занепокоєння,Висока,Льон,1.43,Заблоковано
827.52,Стандартне,47.67,Вищий статус охорони,Помірна,Льон,0.0,Узгоджено
778.56,Коштовне,16.92,Вищий статус охорони,Безпечний,Залізо,5.64,Узгоджено
728.72,Стандартне,60.78,Вищий статус охорони,Висока,Залізо,2.74,Узгоджено
1166.43,Коштовне,33.21,Невелике занепокоєння,Висока,Льон,1.62,Заблоковано
774.81,Просте,19.58,Невелике занепокоєння,Безпечний,Поліпропілен,3.64,Узгоджено
914.92,Стандартне,42.44,Не охороняється,Висока,Поліпропілен,0.03,Заблоковано
921.64,Просте,36.13,Вищий статус охорони,Безпечний,Льон,4.11,Заблоковано
1218.73,Стандартне,46.2,Невелике занепокоєння,Безпечний,Льон,4.2,Заблоковано
642.86,Просте,66.44,Невелике занепокоєння,Висока,Льон,0.0,Узгоджено
979.37,Просте,42.31,Вищий статус охорони,Безпечний,Льон,1.7,Заблоковано
983.95,Просте,27.48,Не охороняється,Висока,Залізо,0.0,Заблоковано
672.75,Стандартне,27.85,Не охороняється,Помірна,Залізо,1.92,Узгоджено
817.89,Просте,55.58,Не охороняється,Безпечний,Льон,0.0,Узгоджено
860.39,Коштовне,35.59,Невелике занепокоєння,Висока,Льон,1.62,Узгоджено
412.0,Коштовне,25.06,Невелике занепокоєння,Безпечний,Залізо,5.03,Узгоджено
959.18,Коштовне,44.21,Вищий статус охорони,Помірна,Залізо,2.62,Заблоковано
923.47,Коштовне,51.99,Вищий статус охорони,Помірна,Скло,0.5,Заблоковано
812.98,Коштовне,74.55,Не охороняється,Безпечний,Поліпропілен,3.65,Узгоджено
842.89,Коштовне,31.43,Вищий статус охорони,Висока,Скло,0.0,Узгоджено
689.79,Просте,57.73,Не охороняється,Безпечний,Скло,5.58,Узгоджено
684.24,Коштовне,31.37,Невелике занепокоєння,Висока,Льон,5.33,Узгоджено
1046.26,Стандартне,45.53,Невелике занепокоєння,Висока,Залізо,0.0,Заблоковано
1033.81,Стандартне,34.08,Невелике занепокоєння,Помірна,Скло,3.0,Заблоковано
824.22,Коштовне,43.32,Не охороняється,Помірна,Скло,0.43,Узгоджено
986.96,Просте,63.45,Вищий статус охорони,Висока,Поліпропілен,0.0,Заблоковано
1016.92,Стандартне,31.34,Вищий статус охорони,Помірна,Скло,4.74,Заблоковано
887.34,Стандартне,47.12,Не охороняється,Помірна,Льон,3.85,Узгоджено
1017.85,Просте,20.81,Невелике занепокоєння,Висока,Скло,2.72,Заблоковано
794.58,Стандартне,40.96,Не охороняється,Помірна,Поліпропілен,4.63,Узгоджено
999.0,Коштовне,38.24,Не охороняється,Висока,Залізо,3.1,Заблоковано
815.95,Стандартне,44.66,Невелике занепокоєння,Висока,Льон,1.62,Узгоджено
628.82,Коштовне,45.39,Вищий статус охорони,Висока,Льон,6.36,Узгоджено
906.0,Стандартне,36.31,Вищий статус охорони,Помірна,Льон,1.16,Заблоковано
1063.94,Коштовне,50.35,Невелике занепокоєння,Помірна,Скло,5.15,Заблоковано
831.58,Просте,39.35,Невелике занепокоєння,Помірна,Залізо,0.87,Узгоджено
882.65,Просте,35.72,Вищий статус охорони,Безпечний,Залізо,3.99,Заблоковано
877.58,Коштовне,42.13,Невелике занепокоєння,Висока,Льон,4.76,Узгоджено
920.21,Стандартне,50.53,Не охороняється,Безпечний,Поліпропілен,3.79,Узгоджено
698.16,Стандартне,39.2,Не охороняється,Безпечний,Поліпропілен,2.33,Узгоджено
927.54,Коштовне,61.3,Вищий статус охорони,Висока,Залізо,0.56,Узгоджено
1021.94,Стандартне,60.72,Невелике занепокоєння,Безпечний,Скло,0.41,Заблоковано
804.54,Стандартне,71.56,Вищий статус охорони,Висока,Скло,0.0,Узгоджено
1023.91,Коштовне,58.96,Невелике занепокоєння,Помірна,Поліпропілен,0.0,Заблоковано
993.18,Стандартне,24.62,Вищий статус охорони,Помірна,Скло,3.68,Заблоковано
974.4,Коштовне,49.09,Невелике занепокоєння,Висока,Залізо,4.91,Заблоковано
1310.39,Коштовне,54.36,Невелике занепокоєння,Висока,Льон,4.09,Заблоковано
756.2,Коштовне,49.44,Невелике занепокоєння,Висока,Скло,1.67,Узгоджено
483.6,Коштовне,36.31,Вищий статус охорони,Помірна,Скло,0.0,Узгоджено
686.85,Коштовне,58.39,Вищий статус охорони,Помірна,Скло,3.13,Узгоджено
1414.04,Просте,51.47,Не охороняється,Висока,Льон,0.0,Заблоковано
1224.91,Стандартне,41.78,Невелике занепокоєння,Висока,Поліпропілен,1.97,Заблоковано
960.03,Просте,37.54,Не охороняється,Висока,Поліпропілен,4.57,Заблоковано
1176.87,Коштовне,39.6,Невелике занепокоєння,Помірна,Поліпропілен,5.44,Заблоковано
758.53,Коштовне,39.6,Вищий статус охорони,Висока,Льон,4.21,Узгоджено
1117.51,Стандартне,62.0,Не охороняється,Безпечний,Залізо,3.4,Заблоковано
900.62,Коштовне,41.9,Невелике занепокоєння,Висока,Залізо,2.46,Заблоковано
649.87,Стандартне,34.24,Не охороняється,Висока,Залізо,4.78,Узгоджено
901.15,Коштовне,63.88,Невелике занепокоєння,Помірна,Залізо,0.0,Узгоджено
820.16,Стандартне,21.79,Вищий статус охорони,Висока,Залізо,4.99,Узгоджено
789.92,Коштовне,42.09,Вищий статус охорони,Висока,Поліпропілен,4.43,Узгоджено
827.38,Стандартне,22.5,Вищий статус охорони,Безпечний,Скло,5.22,Узгоджено
706.76,Коштовне,46.47,Не охороняється,Висока,Залізо,0.0,Узгоджено
666.04,Просте,62.13,Невелике занепокоєння,Безпечний,Поліпропілен,1.97,Узгоджено
649.87,Просте,38.86,Вищий статус охорони,Безпечний,Поліпропілен,3.72,Узгоджено
507.03,Коштовне,61.93,Невелике занепокоєння,Висока,Залізо,0.0,Узгоджено
963.8,Стандартне,53.12,Не охороняється,Безпечний,Скло,1.84,Заблоковано
636.85,Коштовне,58.19,Не охороняється,Помірна,Скло,3.58,Узгоджено
636.44,Коштовне,53.78,Вищий статус охорони,Безпечний,Скло,0.0,Узгоджено
886.53,Просте,40.43,Невелике занепокоєння,Помірна,Льон,0.19,Заблоковано
778.24,Коштовне,34.8,Невелике занепокоєння,Помірна,Скло,1.4,Узгоджено
713.57,Стандартне,57.16,Не охороняється,Висока,Льон,1.08,Узгоджено
1315.94,Стандартне,42.18,Вищий статус охорони,Помірна,Поліпропілен,0.0,Заблоковано
1038.52,Просте,56.05,Невелике занепокоєння,Висока,Поліпропілен,1.95,Заблоковано
795.36,Коштовне,53.78,Не охороняється,Безпечний,Залізо,6.44,Узгоджено
804.02,Коштовне,47.45,Не охороняється,Висока,Льон,3.25,Узгоджено
1054.9,Коштовне,41.97,Вищий статус охорони,Помірна,Льон,1.58,Заблоковано
874.62,Стандартне,57.54,Не охороняється,Безпечний,Скло,3.14,Узгоджено
1104.73,Стандартне,46.53,Вищий статус охорони,Висока,Скло,4.31,Заблоковано
1232.99,Стандартне,59.87,Вищий статус охорони,Безпечний,Залізо,2.39,Заблоковано
792.13,Просте,22.08,Не охороняється,Висока,Поліпропілен,1.54,Узгоджено
706.75,Просте,39.52,Вищий статус охорони,Помірна,Поліпропілен,1.61,Узгоджено
527.42,Коштовне,36.47,Невелике занепокоєння,Помірна,Поліпропілен,5.32,Узгоджено
693.93,Стандартне,36.34,Невелике занепокоєння,Висока,Скло,3.51,Узгоджено
683.87,Стандартне,53.84,Вищий статус охорони,Висока,Поліпропілен,3.78,Узгоджено
799.79,Коштовне,47.45,Невелике занепокоєння,Помірна,Поліпропілен,2.42,Узгоджено
573.01,Стандартне,71.57,Невелике занепокоєння,Висока,Льон,3.03,Узгоджено
1005.9,Просте,41.66,Невелике занепокоєння,Висока,Скло,4.81,Заблоковано
833.1,Коштовне,76.68,Вищий статус охорони,Помірна,Скло,0.17,Узгоджено
849.19,Стандартне,36.66,Не охороняється,Безпечний,Залізо,5.86,Узгоджено
1110.59,Стандартне,64.93,Не охороняється,Безпечний,Залізо,0.0,Заблоковано
696.29,Коштовне,30.92,Невелике занепокоєння,Помірна,Льон,1.84,Узгоджено
1067.48,Стандартне,36.01,Вищий статус охорони,Помірна,Скло,7.53,Заблоковано
1078.4,Коштовне,49.42,Не охороняється,Висока,Льон,5.77,Заблоковано
844.01,Просте,21.97,Не охороняється,Безпечний,Льон,4.28,Заблоковано
1202.45,Стандартне,51.9,Невелике занепокоєння,Помірна,Льон,3.23,Заблоковано
782.06,Коштовне,52.1,Невелике занепокоєння,Помірна,Залізо,2.96,Узгоджено
1277.57,Коштовне,46.86,Не охороняється,Помірна,Льон,3.36,Заблоковано
922.89,Коштовне,58.26,Невелике занепокоєння,Помірна,Поліпропілен,1.69,Узгоджено
1165.51,Просте,50.98,Невелике занепокоєння,Помірна,Залізо,4.15,Заблоковано
698.16,Стандартне,23.09,Не охороняється,Помірна,Льон,4.11,Узгоджено
723.36,Просте,72.12,Вищий статус охорони,Безпечний,Поліпропілен,4.55,Узгоджено
770.86,Стандартне,30.43,Не охороняється,Висока,Скло,1.83,Узгоджено
768.54,Коштовне,43.19,Невелике занепокоєння,Помірна,Скло,7.17,Узгоджено
832.8,Просте,38.92,Невелике занепокоєння,Безпечний,Льон,3.57,Узгоджено
849.89,Стандартне,44.42,Невелике занепокоєння,Безпечний,Залізо,1.73,Узгоджено
782.6,Стандартне,56.64,Не охороняється,Висока,Залізо,2.92,Узгоджено
731.84,Просте,66.87,Вищий статус охорони,Висока,Скло,2.7,Узгоджено
996.09,Просте,44.51,Невелике занепокоєння,Безпечний,Скло,5.64,Заблоковано
836.23,Коштовне,36.35,Невелике занепокоєння,Безпечний,Льон,2.12,Узгоджено
931.71,Просте,53.28,Вищий статус охорони,Безпечний,Скло,0.58,Заблоковано
722.34,Стандартне,46.9,Невелике занепокоєння,Безпечний,Залізо,3.26,Узгоджено
1132.03,Коштовне,6.59,Невелике занепокоєння,Безпечний,Льон,3.79,Заблоковано
620.47,Стандартне,44.75,Вищий статус охорони,Помірна,Залізо,5.74,Узгоджено
788.41,Просте,43.15,Вищий статус охорони,Помірна,Скло,3.01,Узгоджено
906.79,Просте,63.52,Не охороняється,Помірна,Скло,2.67,Узгоджено
1127.79,Коштовне,46.5,Не охороняється,Безпечний,Льон,3.16,Заблоковано
540.43,Стандартне,49.79,Невелике занепокоєння,Помірна,Льон,4.32,Узгоджено
901.15,Коштовне,49.33,Не охороняється,Висока,Поліпропілен,3.77,Узгоджено
820.99,Просте,59.82,Не охороняється,Помірна,Льон,1.98,Узгоджено
929.06,Коштовне,65.0,Невелике занепокоєння,Висока,Льон,0.0,Узгоджено
907.63,Стандартне,45.29,Невелике занепокоєння,Висока,Залізо,0.13,Заблоковано
1125.92,Коштовне,45.46,Не охороняється,Висока,Льон,2.1,Заблоковано
915.27,Коштовне,51.47,Невелике занепокоєння,Безпечний,Залізо,3.15,Узгоджено
681.34,Коштовне,70.44,Не охороняється,Висока,Льон,0.83,Узгоджено
543.12,Коштовне,58.37,Не охороняється,Висока,Льон,2.51,Узгоджено
793.94,Коштовне,41.09,Вищий статус охорони,Помірна,Скло,0.0,Узгоджено
577.55,Просте,46.28,Не охороняється,Висока,Скло,0.0,Узгоджено
934.79,Просте,46.14,Не охороняється,Висока,Залізо,3.89,Заблоковано
1019.09,Просте,69.56,Не охороняється,Висока,Льон,2.81,Заблоковано
610.78,Коштовне,40.68,Невелике занепокоєння,Безпечний,Залізо,0.71,Узгоджено
1198.98,Коштовне,31.92,Вищий статус охорони,Безпечний,Залізо,0.08,Заблоковано
680.08,Стандартне,73.96,Не охороняється,Помірна,Поліпропілен,5.71,Узгоджено
726.19,Просте,60.75,Не охороняється,Безпечний,Льон,6.86,Узгоджено
898.87,Коштовне,37.32,Невелике занепокоєння,Помірна,Льон,3.55,Заблоковано
908.79,Коштовне,26.47,Не охороняється,Висока,Льон,4.04,Заблоковано
759.22,Стандартне,39.92,Вищий статус охорони,Безпечний,Льон,0.0,Узгоджено
1076.32,Коштовне,63.3,Вищий статус охорони,Помірна,Поліпропілен,0.59,Заблоковано
816.09,Коштовне,40.48,Невелике занепокоєння,Помірна,Поліпропілен,2.98,Узгоджено
795.01,Просте,42.92,Невелике занепокоєння,Безпечний,Залізо,2.55,Узгоджено
957.63,Стандартне,40.41,Невелике занепокоєння,Помірна,Поліпропілен,0.13,Заблоковано
1247.12,Стандартне,40.23,Не охороняється,Помірна,Залізо,3.3,Заблоковано
1083.25,Коштовне,52.6,Не охороняється,Висока,Поліпропілен,2.44,Заблоковано
1052.23,Стандартне,38.31,Не охороняється,Висока,Льон,1.33,Заблоковано
643.73,Просте,49.07,Вищий статус охорони,Безпечний,Залізо,6.26,Узгоджено
809.02,Просте,46.96,Не охороняється,Безпечний,Поліпропілен,0.77,Узгоджено
948.83,Коштовне,36.92,Вищий статус охорони,Безпечний,Залізо,0.73,Заблоковано
975.66,Коштовне,61.13,Вищий статус охорони,Висока,Поліпропілен,4.87,Заблоковано
1057.94,Просте,17.77,Не охороняється,Помірна,Скло,5.07,Заблоковано
790.49,Просте,37.05,Невелике занепокоєння,Висока,Скло,0.0,Узгоджено
979.37,Просте,66.36,Не охороняється,Помірна,Поліпропілен,1.75,Заблоковано
1127.26,Коштовне,29.42,Невелике занепокоєння,Помірна,Залізо,0.0,Заблоковано
843.44,Стандартне,61.45,Вищий статус охорони,Помірна,Льон,0.72,Узгоджено
1105.03,Просте,41.96,Не охороняється,Висока,Поліпропілен,1.76,Заблоковано
954.03,Коштовне,58.07,Вищий статус охорони,Висока,Скло,4.93,Заблоковано
677.27,Коштовне,54.13,Вищий статус охорони,Висока,Скло,4.32,Узгоджено
787.22,Просте,57.01,Вищий статус охорони,Висока,Льон,1.72,Узгоджено
860.31,Стандартне,51.21,Не охороняється,Безпечний,Льон,5.1,Узгоджено
922.59,Стандартне,42.84,Невелике занепокоєння,Помірна,Залізо,3.69,Заблоковано
1263.95,Просте,55.58,Невелике занепокоєння,Висока,Скло,2.22,Заблоковано
1227.85,Просте,37.47,Не охороняється,Висока,Льон,0.5,Заблоковано
895.99,Коштовне,42.95,Невелике занепокоєння,Безпечний,Льон,4.06,Заблоковано
1039.18,Стандартне,36.19,Не охороняється,Безпечний,Поліпропілен,0.0,Заблоковано
1296.05,Просте,17.72,Не охороняється,Висока,Поліпропілен,3.26,Заблоковано
837.48,Стандартне,39.61,Вищий статус охорони,Безпечний,Скло,3.75,Узгоджено
931.47,Просте,48.81,Не охороняється,Безпечний,Поліпропілен,2.4,Заблоковано
635.97,Стандартне,69.34,Не охороняється,Безпечний,Льон,2.01,Узгоджено
657.81,Коштовне,26.7,Не охороняється,Безпечний,Залізо,1.07,Узгоджено
922.78,Просте,55.95,Невелике занепокоєння,Безпечний,Льон,3.16,Узгоджено
902.74,Коштовне,50.53,Не охороняється,Помірна,Скло,1.93,Узгоджено
883.36,Стандартне,38.77,Не охороняється,Безпечний,Льон,4.14,Заблоковано
729.6,Коштовне,26.52,Вищий статус охорони,Помірна,Скло,2.29,Узгоджено
855.9,Стандартне,33.25,Вищий статус охорони,Висока,Льон,4.7,Узгоджено
657.67,Просте,52.21,Вищий статус охорони,Висока,Скло,1.44,Узгоджено
832.29,Коштовне,35.36,Невелике занепокоєння,Безпечний,Льон,0.0,Узгоджено
827.68,Коштовне,53.83,Вищий статус охорони,Висока,Скло,2.06,Узгоджено
724.48,Стандартне,42.16,Не охороняється,Безпечний,Залізо,0.93,Узгоджено
1076.93,Стандартне,32.91,Не охороняється,Помірна,Льон,2.04,Заблоковано
763.22,Коштовне,81.81,Не охороняється,Помірна,Скло,1.19,Узгоджено
871.04,Коштовне,50.98,Невелике занепокоєння,Висока,Скло,1.48,Узгоджено
803.8,Просте,38.0,Не охороняється,Помірна,Скло,3.14,Узгоджено
844.01,Стандартне,47.04,Не охороняється,Висока,Поліпропілен,5.66,Узгоджено
899.2,Коштовне,27.89,Невелике занепокоєння,Помірна,Льон,1.91,Заблоковано
986.27,Стандартне,35.78,Вищий статус охорони,Помірна,Залізо,0.0,Заблоковано
1239.0,Коштовне,29.21,Невелике занепокоєння,Безпечний,Скло,0.0,Заблоковано
698.02,Просте,23.25,Вищий статус охорони,Помірна,Поліпропілен,1.92,Узгоджено
507.03,Просте,57.25,Невелике занепокоєння,Безпечний,Льон,5.64,Узгоджено
1172.61,Стандартне,42.63,Невелике занепокоєння,Помірна,Льон,0.71,Заблоковано
907.77,Стандартне,55.67,Не охороняється,Помірна,Залізо,5.15,Узгоджено
798.5,Стандартне,61.14,Невелике занепокоєння,Безпечний,Поліпропілен,3.21,Узгоджено
768.7,Стандартне,64.76,Вищий статус охорони,Висока,Залізо,2.15,Узгоджено
764.2,Просте,57.72,Невелике занепокоєння,Висока,Скло,3.49,Узгоджено
1189.41,Просте,34.89,Вищий статус охорони,Безпечний,Поліпропілен,2.84,Заблоковано
1062.69,Коштовне,39.25,Не охороняється,Помірна,Скло,6.35,Заблоковано
938.88,Стандартне,52.41,Не охороняється,Висока,Льон,1.45,Заблоковано
1361.37,Просте,74.16,Невелике занепокоєння,Висока,Скло,2.76,Заблоковано
961.41,Стандартне,51.99,Невелике занепокоєння,Безпечний,Скло,1.05,Заблоковано
575.35,Стандартне,27.05,Не охороняється,Висока,Льон,1.97,Узгоджено
686.46,Просте,33.99,Не охороняється,Безпечний,Поліпропілен,6.17,Узгоджено
524.0,Стандартне,53.64,Вищий статус охорони,Безпечний,Поліпропілен,3.73,Узгоджено
781.95,Просте,50.16,Вищий статус охорони,Безпечний,Поліпропілен,3.02,Узгоджено
1248.8,Просте,40.48,Не охороняється,Висока,Скло,4.86,Заблоковано
786.8,Коштовне,47.56,Вищий статус охорони,Висока,Льон,0.02,Узгоджено
952.95,Просте,36.14,Вищий статус охорони,Висока,Залізо,3.73,Заблоковано
1386.04,Коштовне,55.29,Вищий статус охорони,Безпечний,Залізо,5.22,Заблоковано
1358.92,Просте,39.8,Вищий статус охорони,Висока,Скло,5.79,Заблоковано
1044.31,Стандартне,53.38,Вищий статус охорони,Висока,Поліпропілен,1.59,Заблоковано
1087.47,Стандартне,58.56,Невелике занепокоєння,Помірна,Залізо,2.46,Заблоковано
815.61,Стандартне,56.67,Невелике занепокоєння,Висока,Льон,2.2,Узгоджено
794.47,Стандартне,60.37,Не охороняється,Безпечний,Льон,4.78,Узгоджено
744.49,Стандартне,77.38,Не охороняється,Висока,Залізо,0.0,Узгоджено
897.71,Коштовне,50.97,Невелике занепокоєння,Висока,Поліпропілен,0.0,Узгоджено
946.5,Стандартне,64.08,Невелике занепокоєння,Помірна,Льон,2.36,Узгоджено
961.19,Стандартне,43.97,Не охороняється,Помірна,Скло,1.02,Заблоковано
1017.61,Просте,29.53,Невелике занепокоєння,Висока,Скло,2.55,Заблоковано
937.4,Коштовне,57.14,Вищий статус охорони,Висока,Поліпропілен,3.3,Узгоджено
762.11,Просте,52.1,Не охороняється,Безпечний,Льон,7.53,Узгоджено
987.8,Коштовне,42.96,Невелике занепокоєння,Безпечний,Залізо,0.91,Заблоковано
585.14,Просте,42.75,Невелике занепокоєння,Висока,Залізо,2.51,Узгоджено
1045.09,Просте,13.08,Не охороняється,Помірна,Залізо,4.65,Заблоковано
999.46,Коштовне,42.43,Невелике занепокоєння,Висока,Залізо,3.05,Заблоковано
1404.53,Стандартне,42.96,Вищий статус охорони,Помірна,Льон,5.25,Заблоковано
709.95,Просте,35.46,Вищий статус охорони,Безпечний,Поліпропілен,1.08,Узгоджено
722.37,Стандартне,51.59,Невелике занепокоєння,Помірна,Скло,0.0,Узгоджено
1317.72,Стандартне,44.29,Не охороняється,Безпечний,Скло,3.03,Заблоковано
1018.39,Стандартне,56.04,Не охороняється,Безпечний,Залізо,3.63,Заблоковано
710.3,Стандартне,44.94,Вищий статус охорони,Безпечний,Поліпропілен,5.05,Узгоджено
1127.04,Просте,57.91,Невелике занепокоєння,Висока,Скло,0.0,Заблоковано
909.34,Стандартне,58.88,Вищий статус охорони,Висока,Льон,0.0,Узгоджено
628.42,Коштовне,43.77,Не охороняється,Безпечний,Залізо,3.43,Узгоджено
1065.32,Просте,64.76,Вищий статус охорони,Висока,Залізо,2.56,Заблоковано
1111.13,Стандартне,10.97,Вищий статус охорони,Помірна,Поліпропілен,2.73,Заблоковано
1114.53,Просте,46.46,Невелике занепокоєння,Безпечний,Льон,3.79,Заблоковано
1084.9,Стандартне,49.77,Не охороняється,Безпечний,Скло,2.97,Заблоковано
935.5,Просте,77.07,Не охороняється,Помірна,Залізо,1.23,Узгоджено
1016.1,Просте,57.73,Вищий статус охорони,Помірна,Скло,2.84,Заблоковано
773.77,Просте,53.78,Невелике занепокоєння,Висока,Залізо,4.83,Узгоджено
790.57,Стандартне,40.28,Невелике занепокоєння,Висока,Залізо,2.49,Узгоджено
898.26,Просте,44.07,Вищий статус охорони,Висока,Залізо,1.08,Заблоковано
999.06,Коштовне,52.58,Не охороняється,Висока,Залізо,6.91,Заблоковано
963.68,Просте,20.94,Вищий статус охорони,Безпечний,Скло,2.77,Заблоковано
867.14,Стандартне,65.62,Вищий статус охорони,Помірна,Скло,0.0,Узгоджено
806.44,Стандартне,51.57,Вищий статус охорони,Висока,Поліпропілен,5.38,Узгоджено
1001.63,Просте,39.78,Вищий статус охорони,Безпечний,Поліпропілен,1.74,Заблоковано
779.17,Коштовне,37.56,Не охороняється,Висока,Льон,0.0,Узгоджено
862.11,Просте,29.8,Вищий статус охорони,Висока,Залізо,3.55,Заблоковано
1108.86,Просте,45.77,Невелике занепокоєння,Помірна,Поліпропілен,4.67,Заблоковано
1123.68,Просте,47.85,Невелике занепокоєння,Помірна,Льон,3.66,Заблоковано
952.87,Коштовне,43.41,Вищий статус охорони,Безпечний,Скло,0.41,Заблоковано
600.16,Стандартне,44.15,Вищий статус охорони,Безпечний,Поліпропілен,0.0,Узгоджено
906.62,Стандартне,41.76,Вищий статус охорони,Безпечний,Льон,0.0,Заблоковано
684.52,Просте,62.11,Невелике занепокоєння,Безпечний,Скло,0.0,Узгоджено
1062.66,Просте,52.1,Не охороняється,Висока,Залізо,1.42,Заблоковано
776.4,Стандартне,63.76,Вищий статус охорони,Помірна,Залізо,2.9,Узгоджено
1112.49,Коштовне,25.31,Не охороняється,Безпечний,Льон,0.0,Заблоковано
687.62,Коштовне,31.21,Вищий статус охорони,Помірна,Поліпропілен,0.0,Узгоджено
1124.36,Просте,31.92,Невелике занепокоєння,Висока,Залізо,0.0,Заблоковано
847.81,Просте,56.63,Не охороняється,Безпечний,Поліпропілен,0.94,Узгоджено
904.39,Просте,28.47,Вищий статус охорони,Помірна,Поліпропілен,5.08,Заблоковано
1045.02,Коштовне,59.65,Вищий статус охорони,Безпечний,Поліпропілен,3.01,Заблоковано
982.67,Стандартне,53.56,Не охороняється,Безпечний,Скло,6.49,Заблоковано
729.95,Стандартне,28.53,Вищий статус охорони,Помірна,Скло,4.12,Узгоджено
858.38,Коштовне,61.57,Не охороняється,Безпечний,Поліпропілен,1.35,Узгоджено
908.88,Просте,19.58,Не охороняється,Висока,Залізо,3.69,Заблоковано
832.85,Стандартне,48.32,Невелике занепокоєння,Висока,Залізо,2.74,Узгоджено
821.59,Стандартне,44.88,Вищий статус охорони,Висока,Льон,3.2,Узгоджено
1317.47,Стандартне,48.67,Не охороняється,Помірна,Льон,0.0,Заблоковано
960.61,Просте,45.65,Вищий статус охорони,Висока,Льон,5.27,Заблоковано
948.79,Стандартне,44.12,Не охороняється,Безпечний,Льон,1.65,Заблоковано
737.3,Стандартне,38.0,Не охороняється,Помірна,Льон,3.35,Узгоджено
1154.9,Стандартне,52.12,Невелике занепокоєння,Висока,Скло,4.28,Заблоковано
1093.35,Стандартне,47.75,Вищий статус охорони,Безпечний,Поліпропілен,0.0,Заблоковано
593.25,Стандартне,27.8,Невелике занепокоєння,Висока,Залізо,3.66,Узгоджено
794.38,Коштовне,65.57,Невелике занепокоєння,Безпечний,Скло,0.0,Узгоджено
910.31,Стандартне,64.39,Невелике занепокоєння,Висока,Льон,3.45,Узгоджено
824.64,Стандартне,41.35,Вищий статус охорони,Помірна,Льон,5.6,Узгоджено
800.7,Коштовне,57.89,Не охороняється,Безпечний,Поліпропілен,2.57,Узгоджено
1086.69,Стандартне,55.08,Невелике занепокоєння,Помірна,Поліпропілен,0.15,Заблоковано
1051.49,Стандартне,45.53,Невелике занепокоєння,Безпечний,Залізо,2.92,Заблоковано
993.6,Просте,57.5,Вищий статус охорони,Безпечний,Скло,0.93,Заблоковано
998.84,Стандартне,41.79,Невелике занепокоєння,Помірна,Льон,4.71,Заблоковано
854.14,Просте,25.51,Вищий статус охорони,Помірна,Льон,0.0,Заблоковано
595.86,Просте,48.59,Вищий статус охорони,Безпечний,Скло,2.67,Узгоджено
611.08,Просте,66.06,Вищий статус охорони,Висока,Льон,0.0,Узгоджено
820.16,Коштовне,23.64,Не охороняється,Висока,Скло,4.71,Узгоджено
1155.55,Стандартне,62.11,Не охороняється,Безпечний,Льон,2.75,Заблоковано
1193.89,Коштовне,47.61,Невелике занепокоєння,Помірна,Поліпропілен,0.0,Заблоковано
732.18,Коштовне,34.89,Невелике занепокоєння,Безпечний,Льон,3.64,Узгоджено
770.93,Коштовне,29.34,Не охороняється,Висока,Скло,2.99,Узгоджено
1027.97,Стандартне,68.5,Не охороняється,Безпечний,Залізо,0.97,Заблоковано
673.98,Просте,57.7,Невелике занепокоєння,Висока,Скло,4.01,Узгоджено
1232.02,Коштовне,15.8,Не охороняється,Помірна,Льон,4.4,Заблоковано
716.35,Просте,59.01,Не охороняється,Помірна,Поліпропілен,0.0,Узгоджено
939.87,Стандартне,51.4,Не охороняється,Безпечний,Льон,2.51,Заблоковано
1312.41,Стандартне,68.1,Вищий статус охорони,Висока,Льон,3.79,Заблоковано
718.3,Коштовне,53.48,Не охороняється,Помірна,Скло,5.51,Узгоджено
640.86,Коштовне,81.56,Вищий статус охорони,Помірна,Скло,2.8,Узгоджено
620.9,Коштовне,37.75,Вищий статус охорони,Висока,Льон,0.77,Узгоджено
936.8,Стандартне,49.31,Не охороняється,Помірна,Скло,0.0,Заблоковано
876.26,Просте,63.76,Вищий статус охорони,Помірна,Льон,2.02,Узгоджено
693.2,Стандартне,51.53,Невелике занепокоєння,Висока,Льон,1.12,Узгоджено
795.44,Стандартне,60.41,Невелике занепокоєння,Помірна,Скло,0.03,Узгоджено
984.43,Коштовне,61.09,Невелике занепокоєння,Помірна,Скло,4.45,Заблоковано
797.02,Просте,57.12,Вищий статус охорони,Помірна,Залізо,0.0,Узгоджено
986.96,Коштовне,35.02,Вищий статус охорони,Безпечний,Поліпропілен,2.67,Заблоковано
942.67,Стандартне,36.1,Не охороняється,Помірна,Льон,3.42,Заблоковано
1037.05,Коштовне,45.09,Невелике занепокоєння,Висока,Льон,3.26,Заблоковано
1315.94,Коштовне,69.08,Невелике занепокоєння,Висока,Поліпропілен,0.0,Заблоковано
937.05,Стандартне,39.81,Не охороняється,Висока,Залізо,3.93,Заблоковано
1169.6,Коштовне,62.99,Невелике занепокоєння,Безпечний,Скло,0.77,Заблоковано
1237.49,Стандартне,63.35,Невелике занепокоєння,Помірна,Поліпропілен,0.0,Заблоковано
803.75,Просте,63.9,Вищий статус охорони,Безпечний,Залізо,3.98,Узгоджено
654.3,Просте,24.63,Не охороняється,Висока,Залізо,4.55,Узгоджено
780.01,Коштовне,30.0,Вищий статус охорони,Помірна,Льон,1.83,Узгоджено
815.01,Коштовне,59.25,Не охороняється,Висока,Залізо,0.64,Узгоджено
934.49,Просте,18.18,Вищий статус охорони,Висока,Скло,1.24,Заблоковано
1103.08,Коштовне,61.62,Вищий статус охорони,Безпечний,Скло,3.3,Заблоковано
798.41,Просте,51.57,Вищий статус охорони,Помірна,Поліпропілен,1.54,Узгоджено
702.22,Коштовне,43.57,Вищий статус охорони,Висока,Поліпропілен,0.67,Узгоджено
936.51,Коштовне,49.39,Невелике занепокоєння,Висока,Поліпропілен,0.0,Заблоковано
841.83,Стандартне,55.69,Невелике занепокоєння,Висока,Залізо,2.51,Узгоджено
652.06,Стандартне,65.65,Не охороняється,Безпечний,Льон,2.96,Узгоджено
909.28,Коштовне,36.06,Невелике занепокоєння,Висока,Поліпропілен,1.69,Заблоковано
1027.41,Коштовне,68.25,Вищий статус охорони,Висока,Залізо,0.45,Заблоковано
866.48,Просте,28.25,Вищий статус охорони,Помірна,Поліпропілен,2.3,Заблоковано
1380.36,Просте,49.44,Вищий статус охорони,Безпечний,Льон,4.25,Заблоковано
1045.23,Коштовне,23.59,Невелике занепокоєння,Помірна,Поліпропілен,3.22,Заблоковано
1030.77,Коштовне,47.67,Не охороняється,Помірна,Поліпропілен,0.0,Заблоковано
684.82,Просте,57.68,Не охороняється,Висока,Поліпропілен,4.41,Узгоджено
788.34,Просте,34.8,Вищий статус охорони,Безпечний,Скло,0.82,Узгоджено
747.53,Стандартне,82.03,Невелике занепокоєння,Безпечний,Скло,2.11,Узгоджено
733.69,Просте,23.55,Вищий статус охорони,Помірна,Льон,2.98,Узгоджено
818.53,Стандартне,62.38,Невелике занепокоєння,Висока,Поліпропілен,4.56,Узгоджено
972.04,Просте,21.65,Не охороняється,Висока,Залізо,3.53,Заблоковано
771.23,Стандартне,34.11,Не охороняється,Висока,Льон,4.98,Узгоджено
1277.57,Просте,61.64,Не охороняється,Безпечний,Поліпропілен,0.99,Заблоковано
1076.17,Просте,35.49,Вищий статус охорони,Безпечний,Поліпропілен,2.23,Заблоковано
940.78,Коштовне,37.99,Невелике занепокоєння,Висока,Поліпропілен,0.45,Заблоковано
872.32,Просте,25.28,Вищий статус охорони,Безпечний,Залізо,0.0,Заблоковано
1828.19,Коштовне,42.22,Не охороняється,Безпечний,Залізо,1.02,Заблоковано
706.6,Просте,46.32,Невелике занепокоєння,Висока,Льон,3.59,Узгоджено
759.85,Стандартне,44.8,Невелике занепокоєння,Безпечний,Залізо,3.4,Узгоджено
1216.86,Просте,44.77,Невелике занепокоєння,Висока,Льон,3.6,Заблоковано
786.8,Коштовне,27.52,Не охороняється,Помірна,Скло,1.35,Узгоджено
746.36,Стандартне,49.65,Не охороняється,Безпечний,Поліпропілен,1.34,Узгоджено
810.84,Коштовне,33.1,Невелике занепокоєння,Висока,Льон,2.07,Узгоджено
1131.74,Коштовне,20.99,Вищий статус охорони,Помірна,Льон,1.2,Заблоковано
779.66,Просте,44.65,Не охороняється,Безпечний,Льон,1.83,Узгоджено
1210.05,Коштовне,71.19,Невелике занепокоєння,Помірна,Льон,3.55,Заблоковано
891.91,Просте,41.43,Невелике занепокоєння,Безпечний,Скло,4.51,Заблоковано
1059.06,Стандартне,78.8,Невелике занепокоєння,Висока,Скло,3.21,Заблоковано
1094.72,Просте,30.75,Не охороняється,Помірна,Скло,5.68,Заблоковано
756.2,Стандартне,59.95,Вищий статус охорони,Безпечний,Скло,2.49,Узгоджено
918.13,Просте,49.49,Не охороняється,Висока,Залізо,3.8,Заблоковано
749.35,Стандартне,36.27,Не охороняється,Висока,Залізо,4.38,Узгоджено
1219.22,Коштовне,35.2,Не охороняється,Помірна,Льон,1.24,Заблоковано
740.08,Стандартне,59.01,Вищий статус охорони,Помірна,Льон,1.49,Узгоджено
793.51,Просте,36.57,Не охороняється,Безпечний,Скло,5.26,Узгоджено
1347.18,Коштовне,66.99,Не охороняється,Висока,Поліпропілен,0.0,Заблоковано
962.52,Коштовне,75.07,Невелике занепокоєння,Висока,Поліпропілен,4.14,Узгоджено
773.17,Просте,61.4,Вищий статус охорони,Висока,Поліпропілен,0.96,Узгоджено
944.99,Стандартне,52.34,Не охороняється,Безпечний,Поліпропілен,1.82,Заблоковано
808.53,Коштовне,29.73,Вищий статус охорони,Безпечний,Залізо,0.0,Узгоджено
957.52,Стандартне,5.53,Вищий статус охорони,Висока,Льон,6.01,Заблоковано
720.22,Коштовне,67.32,Невелике занепокоєння,Висока,Залізо,4.31,Узгоджено
761.86,Стандартне,35.42,Вищий статус охорони,Висока,Льон,1.11,Узгоджено
836.65,Просте,49.7,Невелике занепокоєння,Помірна,Залізо,0.0,Узгоджено
523.17,Просте,20.04,Вищий статус охорони,Висока,Залізо,0.71,Узгоджено
807.62,Коштовне,44.28,Не охороняється,Висока,Залізо,2.4,Узгоджено
1063.94,Просте,47.78,Невелике занепокоєння,Помірна,Поліпропілен,5.87,Заблоковано
846.69,Коштовне,35.98,Невелике занепокоєння,Безпечний,Льон,5.15,Узгоджено
797.39,Просте,25.46,Не охороняється,Висока,Льон,2.1,Узгоджено
822.76,Стандартне,19.82,Невелике занепокоєння,Висока,Скло,1.36,Заблоковано
681.75,Просте,50.66,Невелике занепокоєння,Висока,Льон,3.68,Узгоджено
734.25,Просте,39.6,Невелике занепокоєння,Висока,Залізо,1.75,Узгоджено
775.1,Просте,43.17,Не охороняється,Помірна,Поліпропілен,1.02,Узгоджено
899.88,Стандартне,9.16,Невелике занепокоєння,Помірна,Льон,2.81,Заблоковано
822.3,Просте,33.73,Не охороняється,Безпечний,Скло,0.0,Узгоджено
819.0,Коштовне,46.74,Не охороняється,Помірна,Скло,1.12,Узгоджено
961.58,Просте,58.69,Вищий статус охорони,Помірна,Скло,4.69,Заблоковано
1127.26,Просте,59.01,Невелике занепокоєння,Безпечний,Скло,4.82,Заблоковано
785.14,Коштовне,38.32,Не охороняється,Безпечний,Поліпропілен,4.74,Узгоджено
922.81,Стандартне,37.89,Вищий статус охорони,Безпечний,Скло,4.6,Заблоковано
1045.23,Коштовне,57.33,Вищий статус охорони,Безпечний,Льон,0.89,Заблоковано
1151.63,Коштовне,69.72,Вищий статус охорони,Висока,Скло,3.2,Заблоковано
1085.55,Просте,61.09,Не охороняється,Безпечний,Льон,3.4,Заблоковано
775.13,Просте,59.51,Невелике занепокоєння,Безпечний,Скло,3.48,Узгоджено
1037.23,Просте,41.67,Вищий статус охорони,Висока,Залізо,3.96,Заблоковано
703.63,Коштовне,57.94,Вищий статус охорони,Помірна,Залізо,2.07,Узгоджено
770.98,Коштовне,60.02,Не охороняється,Висока,Скло,1.47,Узгоджено
780.24,Коштовне,29.85,Не охороняється,Помірна,Льон,0.11,Узгоджено
1104.97,Просте,38.85,Вищий статус охорони,Безпечний,Поліпропілен,0.63,Заблоковано
877.14,Коштовне,54.71,Вищий статус охорони,Помірна,Поліпропілен,2.01,Узгоджено
703.83,Стандартне,54.37,Не охороняється,Безпечний,Скло,2.42,Узгоджено
753.77,Стандартне,65.93,Не охороняється,Помірна,Поліпропілен,5.88,Узгоджено
1002.41,Коштовне,46.42,Не охороняється,Висока,Поліпропілен,0.02,Заблоковано
916.71,Просте,51.36,Невелике занепокоєння,Висока,Поліпропілен,2.22,Узгоджено
797.39,Стандартне,50.78,Вищий статус охорони,Помірна,Поліпропілен,4.32,Узгоджено
811.23,Стандартне,60.45,Вищий статус охорони,Безпечний,Поліпропілен,2.66,Узгоджено
631.77,Стандартне,47.2,Не охороняється,Помірна,Залізо,7.32,Узгоджено
961.76,Просте,39.4,Невелике занепокоєння,Безпечний,Поліпропілен,0.0,Заблоковано
1024.49,Коштовне,65.47,Не охороняється,Помірна,Поліпропілен,3.77,Заблоковано
1127.79,Просте,51.79,Не охороняється,Безпечний,Залізо,1.52,Заблоковано
1017.85,Просте,43.88,Вищий статус охорони,Висока,Скло,2.72,Заблоковано
925.73,Стандартне,20.85,Вищий статус охорони,Безпечний,Льон,3.55,Заблоковано
674.25,Просте,56.67,Невелике занепокоєння,Безпечний,Скло,1.58,Узгоджено
975.62,Коштовне,27.63,Вищий статус охорони,Помірна,Поліпропілен,4.35,Заблоковано
796.45,Стандартне,48.49,Невелике занепокоєння,Висока,Залізо,3.31,Узгоджено
941.18,Стандартне,17.77,Не охороняється,Помірна,Льон,6.1,Заблоковано
768.54,Коштовне,30.95,Вищий статус охорони,Висока,Поліпропілен,1.88,Узгоджено
656.06,Просте,54.53,Не охороняється,Помірна,Скло,1.6,Узгоджено
1070.82,Стандартне,64.64,Не охороняється,Помірна,Поліпропілен,0.0,Заблоковано
953.06,Коштовне,13.01,Невелике занепокоєння,Помірна,Скло,0.51,Заблоковано
926.3,Просте,53.12,Невелике занепокоєння,Висока,Поліпропілен,3.91,Заблоковано
841.43,Стандартне,31.91,Невелике занепокоєння,Висока,Залізо,7.53,Узгоджено
599.52,Просте,19.86,Невелике занепокоєння,Висока,Залізо,0.0,Узгоджено
932.05,Стандартне,35.82,Невелике занепокоєння,Безпечний,Льон,2.08,Заблоковано
705.72,Коштовне,57.5,Невелике занепокоєння,Висока,Залізо,0.73,Узгоджено
822.04,Просте,52.05,Вищий статус охорони,Помірна,Льон,1.27,Узгоджено
826.36,Просте,18.69,Вищий статус охорони,Помірна,Залізо,3.96,Заблоковано
633.91,Стандартне,45.72,Невелике занепокоєння,Помірна,Льон,0.0,Узгоджено
899.2,Просте,74.33,Невелике занепокоєння,Безпечний,Скло,2.26,Узгоджено
1057.71,Коштовне,48.94,Не охороняється,Висока,Скло,0.0,Заблоковано
928.91,Стандартне,41.11,Невелике занепокоєння,Висока,Скло,2.59,Заблоковано
873.11,Коштовне,49.55,Не охороняється,Висока,Залізо,5.39,Узгоджено
867.76,Просте,31.67,Не охороняється,Висока,Залізо,5.02,Заблоковано
604.32,Коштовне,24.95,Вищий статус охорони,Висока,Залізо,3.42,Узгоджено
1114.22,Просте,32.55,Не охороняється,Висока,Поліпропілен,0.0,Заблоковано
816.54,Стандартне,37.5,Невелике занепокоєння,Висока,Льон,2.49,Узгоджено
836.86,Коштовне,48.37,Не охороняється,Висока,Льон,0.0,Узгоджено
718.96,Просте,46.0,Невелике занепокоєння,Висока,Скло,6.51,Узгоджено
812.97,Просте,42.3,Вищий статус охорони,Помірна,Скло,0.0,Узгоджено
955.27,Коштовне,53.38,Вищий статус охорони,Безпечний,Льон,0.39,Заблоковано
785.71,Коштовне,47.98,Вищий статус охорони,Висока,Скло,3.28,Узгоджено
961.08,Коштовне,74.11,Не охороняється,Помірна,Скло,0.0,Узгоджено
836.05,Коштовне,36.07,Невелике занепокоєння,Висока,Льон,3.59,Узгоджено
873.63,Просте,40.09,Невелике занепокоєння,Висока,Скло,2.23,Узгоджено
1036.43,Просте,45.33,Не охороняється,Помірна,Скло,2.1,Заблоковано
1039.46,Коштовне,39.45,Не охороняється,Висока,Скло,3.07,Заблоковано
947.12,Просте,38.77,Вищий статус охорони,Висока,Льон,3.9,Заблоковано
1187.91,Просте,49.77,Не охороняється,Висока,Скло,0.64,Заблоковано
583.2,Коштовне,66.36,Невелике занепокоєння,Помірна,Льон,0.74,Узгоджено
1398.46,Стандартне,50.86,Вищий статус охорони,Помірна,Поліпропілен,0.0,Заблоковано
1023.76,Просте,44.78,Невелике занепокоєння,Безпечний,Залізо,3.72,Заблоковано
1035.22,Просте,46.92,Не охороняється,Безпечний,Льон,0.0,Заблоковано
1019.01,Стандартне,43.17,Не охороняється,Помірна,Поліпропілен,2.73,Заблоковано
788.27,Стандартне,76.06,Вищий статус охорони,Помірна,Залізо,1.56,Узгоджено
850.08,Просте,36.12,Вищий статус охорони,Безпечний,Льон,5.2,Узгоджено
824.92,Коштовне,42.69,Не охороняється,Безпечний,Залізо,0.0,Узгоджено
787.32,Коштовне,48.94,Не охороняється,Помірна,Льон,1.99,Узгоджено
779.76,Стандартне,17.17,Невелике занепокоєння,Помірна,Поліпропілен,3.64,Узгоджено
673.81,Коштовне,26.46,Не охороняється,Висока,Поліпропілен,0.96,Узгоджено
793.51,Стандартне,42.48,Вищий статус охорони,Висока,Скло,1.27,Узгоджено
958.26,Коштовне,46.41,Не охороняється,Помірна,Поліпропілен,3.42,Заблоковано
1119.37,Стандартне,50.99,Не охороняється,Висока,Льон,1.49,Заблоковано
711.95,Коштовне,29.85,Невелике занепокоєння,Безпечний,Льон,0.1,Узгоджено
771.33,Стандартне,38.15,Не охороняється,Безпечний,Залізо,4.58,Узгоджено
864.89,Коштовне,19.68,Невелике занепокоєння,Висока,Льон,0.0,Заблоковано
937.58,Коштовне,23.47,Не охороняється,Помірна,Поліпропілен,4.93,Заблоковано
990.17,Коштовне,48.22,Не охороняється,Висока,Поліпропілен,3.02,Заблоковано
847.25,Стандартне,39.57,Вищий статус охорони,Висока,Залізо,7.39,Узгоджено
1143.94,Коштовне,59.71,Не охороняється,Висока,Льон,0.0,Заблоковано
571.15,Стандартне,42.96,Не охороняється,Помірна,Льон,4.88,Узгоджено
761.78,Просте,62.0,Вищий статус охорони,Висока,Поліпропілен,0.44,Узгоджено
758.54,Просте,65.82,Не охороняється,Безпечний,Скло,5.14,Узгоджено
1097.99,Коштовне,62.84,Не охороняється,Помірна,Поліпропілен,1.36,Заблоковано
1007.39,Коштовне,26.61,Вищий статус охорони,Помірна,Залізо,4.13,Заблоковано
1033.27,Просте,40.25,Не охороняється,Висока,Льон,4.11,Заблоковано
1168.82,Просте,70.77,Невелике занепокоєння,Помірна,Скло,6.52,Заблоковано
987.84,Коштовне,30.5,Не охороняється,Безпечний,Залізо,0.23,Заблоковано
1036.36,Стандартне,45.33,Вищий статус охорони,Висока,Льон,2.6,Заблоковано
584.86,Просте,26.49,Невелике занепокоєння,Висока,Поліпропілен,1.88,Узгоджено
843.44,Коштовне,40.93,Не охороняється,Висока,Скло,1.07,Узгоджено
754.77,Просте,62.01,Не охороняється,Висока,Залізо,1.35,Узгоджено
968.31,Коштовне,47.16,Вищий статус охорони,Висока,Залізо,2.83,Заблоковано
771.37,Коштовне,45.63,Невелике занепокоєння,Висока,Скло,2.89,Узгоджено
565.68,Просте,49.15,Не охороняється,Безпечний,Льон,3.67,Узгоджено
924.13,Стандартне,42.29,Невелике занепокоєння,Висока,Скло,2.77,Заблоковано
817.09,Стандартне,55.58,Невелике занепокоєння,Безпечний,Льон,2.95,Узгоджено
1104.58,Стандартне,40.93,Вищий статус охорони,Безпечний,Льон,3.98,Заблоковано
891.69,Стандартне,35.5,Не охороняється,Помірна,Залізо,2.28,Заблоковано
836.72,Коштовне,54.82,Не охороняється,Помірна,Льон,1.77,Узгоджено
986.27,Просте,-4.4,Не охороняється,Помірна,Поліпропілен,4.05,Заблоковано
837.04,Коштовне,51.1,Вищий статус охорони,Безпечний,Залізо,4.07,Узгоджено
850.22,Просте,63.03,Не охороняється,Безпечний,Поліпропілен,1.69,Узгоджено
922.7,Просте,44.67,Вищий статус охорони,Безпечний,Залізо,1.72,Заблоковано
813.71,Просте,39.74,Вищий статус охорони,Безпечний,Льон,5.79,Узгоджено
871.48,Просте,35.15,Невелике занепокоєння,Помірна,Льон,1.77,Заблоковано
634.54,Просте,46.69,Невелике занепокоєння,Помірна,Залізо,1.36,Узгоджено
525.51,Коштовне,40.13,Вищий статус охорони,Безпечний,Поліпропілен,0.71,Узгоджено
1082.37,Стандартне,57.5,Вищий статус охорони,Помірна,Поліпропілен,3.21,Заблоковано
1009.2,Стандартне,24.38,Не охороняється,Помірна,Залізо,3.33,Заблоковано
914.68,Просте,72.65,Невелике занепокоєння,Висока,Залізо,2.3,Узгоджено
899.2,Коштовне,54.12,Не охороняється,Безпечний,Льон,5.93,Узгоджено
997.45,Просте,31.9,Не охороняється,Безпечний,Поліпропілен,1.08,Заблоковано
711.78,Коштовне,71.47,Не охороняється,Висока,Скло,3.15,Узгоджено
915.67,Стандартне,37.92,Вищий статус охорони,Безпечний,Льон,4.54,Заблоковано
943.49,Просте,45.35,Вищий статус охорони,Помірна,Залізо,0.0,Заблоковано
728.75,Просте,94.27,Невелике занепокоєння,Безпечний,Залізо,3.27,Узгоджено
1029.8,Стандартне,43.01,Не охороняється,Помірна,Залізо,2.09,Заблоковано
1001.25,Стандартне,43.12,Вищий статус охорони,Помірна,Залізо,1.42,Заблоковано
874.71,Просте,17.52,Невелике занепокоєння,Висока,Льон,6.84,Заблоковано
565.68,Просте,68.41,Невелике занепокоєння,Безпечний,Льон,5.45,Узгоджено
727.33,Стандартне,37.43,Не охороняється,Висока,Скло,3.84,Узгоджено
573.83,Просте,33.89,Вищий статус охорони,Помірна,Поліпропілен,5.52,Узгоджено
675.02,Стандартне,55.15,Вищий статус охорони,Помірна,Льон,0.33,Узгоджено
802.9,Стандартне,25.86,Вищий статус охорони,Безпечний,Залізо,0.53,Узгоджено
757.65,Стандартне,34.48,Вищий статус охорони,Висока,Льон,4.68,Узгоджено
910.37,Коштовне,47.78,Не охороняється,Помірна,Поліпропілен,3.1,Узгоджено
792.12,Коштовне,19.81,Не охороняється,Безпечний,Льон,1.01,Узгоджено
1149.02,Просте,68.41,Вищий статус охорони,Помірна,Льон,2.37,Заблоковано
496.65,Просте,51.39,Не охороняється,Помірна,Льон,5.19,Узгоджено
861.61,Просте,37.38,Не охороняється,Безпечний,Скло,5.93,Узгоджено
820.63,Стандартне,25.61,Не охороняється,Висока,Льон,2.87,Узгоджено
733.43,Стандартне,56.63,Не охороняється,Безпечний,Поліпропілен,0.0,Узгоджено
909.76,Просте,29.01,Невелике занепокоєння,Висока,Скло,3.27,Заблоковано
1021.77,Просте,44.43,Вищий статус охорони,Висока,Поліпропілен,1.36,Заблоковано
770.5,Просте,33.75,Вищий статус охорони,Безпечний,Залізо,0.0,Узгоджено
907.72,Коштовне,33.93,Невелике занепокоєння,Висока,Скло,0.84,Заблоковано
1007.64,Стандартне,45.98,Вищий статус охорони,Помірна,Льон,7.27,Заблоковано
1091.82,Стандартне,34.11,Не охороняється,Висока,Залізо,0.0,Заблоковано
802.51,Стандартне,31.5,Вищий статус охорони,Безпечний,Льон,3.26,Узгоджено
816.71,Просте,65.0,Не охороняється,Безпечний,Поліпропілен,4.28,Узгоджено
1087.25,Коштовне,46.6,Не охороняється,Безпечний,Залізо,5.81,Заблоковано
689.63,Просте,54.7,Невелике занепокоєння,Безпечний,Поліпропілен,3.76,Узгоджено
898.14,Стандартне,58.82,Не охороняється,Помірна,Скло,4.55,Узгоджено
755.93,Стандартне,26.68,Невелике занепокоєння,Висока,Залізо,4.36,Узгоджено
754.77,Просте,48.94,Вищий статус охорони,Безпечний,Поліпропілен,2.46,Узгоджено
752.53,Коштовне,40.41,Вищий статус охорони,Безпечний,Льон,1.65,Узгоджено
738.05,Коштовне,66.78,Не охороняється,Помірна,Залізо,0.09,Узгоджено
784.95,Просте,25.61,Вищий статус охорони,Помірна,Скло,0.29,Узгоджено
1034.27,Стандартне,88.07,Не охороняється,Помірна,Скло,4.94,Заблоковано
1051.15,Стандартне,48.19,Вищий статус охорони,Безпечний,Льон,0.0,Заблоковано
770.84,Стандартне,38.28,Не охороняється,Безпечний,Залізо,3.9,Узгоджено
706.59,Просте,44.75,Вищий статус охорони,Помірна,Льон,0.0,Узгоджено
1036.14,Просте,16.74,Вищий статус охорони,Безпечний,Скло,2.66,Заблоковано
675.83,Стандартне,36.34,Не охороняється,Висока,Залізо,0.0,Узгоджено
742.84,Коштовне,58.63,Не охороняється,Помірна,Скло,5.82,Узгоджено
736.57,Стандартне,42.81,Вищий статус охорони,Помірна,Залізо,2.8,Узгоджено
789.38,Просте,51.64,Невелике занепокоєння,Висока,Поліпропілен,1.98,Узгоджено
976.02,Просте,64.52,Невелике занепокоєння,Помірна,Залізо,0.0,Заблоковано
890.36,Стандартне,53.29,Невелике занепокоєння,Помірна,Льон,1.72,Узгоджено
1248.62,Стандартне,50.39,Вищий статус охорони,Безпечний,Поліпропілен,3.17,Заблоковано
1168.82,Коштовне,40.87,Невелике занепокоєння,Безпечний,Льон,2.23,Заблоковано
1048.07,Просте,74.77,Не охороняється,Помірна,Скло,0.0,Заблоковано
726.37,Просте,28.54,Невелике занепокоєння,Помірна,Поліпропілен,2.68,Узгоджено
882.45,Коштовне,42.0,Вищий статус охорони,Помірна,Залізо,3.06,Узгоджено
998.73,Коштовне,35.1,Вищий статус охорони,Висока,Залізо,2.1,Заблоковано
792.67,Стандартне,26.8,Невелике занепокоєння,Помірна,Скло,8.82,Узгоджено
1071.77,Просте,47.07,Не охороняється,Помірна,Льон,0.0,Заблоковано
1437.8,Просте,50.65,Вищий статус охорони,Висока,Льон,1.05,Заблоковано
1003.04,Просте,45.65,Не охороняється,Безпечний,Льон,0.71,Заблоковано
1186.55,Коштовне,22.84,Вищий статус охорони,Безпечний,Льон,0.0,Заблоковано
891.35,Стандартне,58.91,Вищий статус охорони,Висока,Поліпропілен,0.0,Узгоджено
870.91,Просте,68.84,Невелике занепокоєння,Безпечний,Льон,0.0,Узгоджено
992.81,Стандартне,57.01,Невелике занепокоєння,Помірна,Поліпропілен,0.0,Заблоковано
909.14,Просте,68.12,Не охороняється,Помірна,Поліпропілен,3.17,Узгоджено
1111.12,Коштовне,35.52,Не охороняється,Висока,Залізо,4.01,Заблоковано
793.64,Стандартне,58.56,Вищий статус охорони,Висока,Залізо,3.19,Узгоджено
900.15,Просте,47.64,Невелике занепокоєння,Помірна,Скло,2.52,Узгоджено
888.18,Просте,42.39,Невелике занепокоєння,Помірна,Скло,1.06,Заблоковано
999.09,Просте,18.27,Не охороняється,Висока,Залізо,0.66,Заблоковано
717.01,Коштовне,38.11,Не охороняється,Висока,Поліпропілен,0.0,Узгоджено
626.83,Коштовне,34.04,Вищий статус охорони,Помірна,Льон,0.75,Узгоджено
749.76,Просте,46.36,Вищий статус охорони,Висока,Поліпропілен,3.19,Узгоджено
563.18,Просте,53.38,Не охороняється,Безпечний,Поліпропілен,5.38,Узгоджено
931.47,Просте,42.19,Не охороняється,Безпечний,Скло,5.97,Заблоковано
722.99,Стандартне,53.64,Невелике занепокоєння,Безпечний,Скло,2.27,Узгоджено
984.4,Стандартне,63.23,Вищий статус охорони,Безпечний,Залізо,0.0,Заблоковано
656.5,Коштовне,41.74,Невелике занепокоєння,Помірна,Льон,5.71,Узгоджено
741.05,Коштовне,64.07,Вищий статус охорони,Безпечний,Залізо,1.83,Узгоджено
956.17,Стандартне,35.44,Не охороняється,Помірна,Льон,6.55,Заблоковано
865.84,Коштовне,60.57,Не охороняється,Безпечний,Льон,1.7,Узгоджено
708.48,Просте,60.35,Не охороняється,Безпечний,Залізо,4.78,Узгоджено
725.75,Стандартне,17.78,Вищий статус охорони,Безпечний,Льон,3.99,Узгоджено
1063.73,Стандартне,65.22,Невелике занепокоєння,Помірна,Залізо,5.14,Заблоковано
804.35,Просте,11.56,Не охороняється,Безпечний,Скло,1.59,Заблоковано
735.98,Коштовне,57.01,Вищий статус охорони,Висока,Скло,4.38,Узгоджено
635.76,Стандартне,55.96,Невелике занепокоєння,Помірна,Скло,3.68,Узгоджено
607.26,Стандартне,67.71,Не охороняється,Безпечний,Залізо,6.62,Узгоджено
927.78,Коштовне,24.12,Невелике занепокоєння,Безпечний,Льон,5.65,Заблоковано
759.51,Просте,58.45,Не охороняється,Висока,Льон,3.57,Узгоджено
672.68,Коштовне,53.52,Не охороняється,Висока,Льон,3.19,Узгоджено
825.46,Просте,60.72,Не охороняється,Висока,Поліпропілен,6.65,Узгоджено
760.08,Стандартне,37.7,Вищий статус охорони,Помірна,Поліпропілен,3.03,Узгоджено
676.89,Коштовне,28.15,Вищий статус охорони,Помірна,Льон,1.13,Узгоджено
1361.17,Просте,65.98,Невелике занепокоєння,Висока,Скло,4.0,Заблоковано
1179.56,Коштовне,73.32,Вищий статус охорони,Висока,Скло,5.54,Заблоковано
1529.09,Стандартне,45.65,Вищий статус охорони,Безпечний,Скло,1.36,Заблоковано
1029.53,Коштовне,61.79,Не охороняється,Помірна,Льон,2.79,Заблоковано
1182.03,Коштовне,48.06,Не охороняється,Висока,Поліпропілен,2.19,Заблоковано
1025.73,Просте,66.4,Невелике занепокоєння,Безпечний,Льон,0.0,Заблоковано
857.64,Просте,30.38,Не охороняється,Висока,Залізо,1.08,Заблоковано
913.7,Коштовне,36.68,Вищий статус охорони,Безпечний,Залізо,4.43,Заблоковано
1111.76,Стандартне,21.35,Вищий статус охорони,Висока,Скло,1.82,Заблоковано
1106.18,Стандартне,29.15,Невелике занепокоєння,Помірна,Скло,1.14,Заблоковано
965.77,Просте,55.06,Вищий статус охорони,Безпечний,Залізо,2.73,Заблоковано
870.72,Стандартне,49.24,Невелике занепокоєння,Висока,Льон,3.27,Узгоджено
1108.61,Коштовне,37.18,Вищий статус охорони,Безпечний,Скло,0.0,Заблоковано
800.71,Стандартне,47.26,Вищий статус охорони,Безпечний,Поліпропілен,2.1,Узгоджено
752.3,Коштовне,48.11,Не охороняється,Помірна,Поліпропілен,2.26,Узгоджено
973.33,Стандартне,47.05,Не охороняється,Висока,Льон,4.78,Заблоковано
895.57,Коштовне,27.64,Невелике занепокоєння,Безпечний,Льон,0.0,Заблоковано
776.57,Просте,61.33,Не охороняється,Безпечний,Поліпропілен,4.77,Узгоджено
831.25,Просте,49.89,Вищий статус охорони,Помірна,Льон,5.87,Узгоджено
911.77,Стандартне,34.27,Вищий статус охорони,Висока,Скло,5.56,Заблоковано
1042.06,Коштовне,49.15,Невелике занепокоєння,Безпечний,Скло,2.01,Заблоковано
936.64,Стандартне,55.18,Невелике занепокоєння,Висока,Поліпропілен,2.86,Заблоковано
1024.03,Просте,46.28,Невелике занепокоєння,Висока,Скло,3.64,Заблоковано
718.3,Стандартне,29.02,Не охороняється,Висока,Скло,0.0,Узгоджено
647.11,Коштовне,38.97,Невелике занепокоєння,Висока,Залізо,0.0,Узгоджено
758.38,Стандартне,44.28,Вищий статус охорони,Висока,Поліпропілен,4.13,Узгоджено
1186.55,Стандартне,53.31,Вищий статус охорони,Безпечний,Залізо,0.0,Заблоковано
824.96,Коштовне,29.85,Вищий статус охорони,Помірна,Льон,2.02,Узгоджено
981.18,Стандартне,26.83,Не охороняється,Помірна,Скло,4.62,Заблоковано
926.23,Просте,57.11,Не охороняється,Безпечний,Скло,0.0,Узгоджено
1047.55,Стандартне,55.33,Невелике занепокоєння,Безпечний,Скло,4.56,Заблоковано
674.15,Коштовне,24.22,Вищий статус охорони,Безпечний,Скло,2.09,Узгоджено
643.12,Просте,63.03,Вищий статус охорони,Помірна,Скло,0.0,Узгоджено
932.36,Стандартне,62.22,Невелике занепокоєння,Безпечний,Льон,5.58,Узгоджено
938.06,Стандартне,34.89,Вищий статус охорони,Помірна,Поліпропілен,3.07,Заблоковано
1040.44,Просте,22.01,Невелике занепокоєння,Безпечний,Залізо,2.38,Заблоковано
904.15,Стандартне,85.81,Вищий статус охорони,Висока,Залізо,3.27,Узгоджено
1068.75,Просте,29.7,Не охороняється,Безпечний,Льон,1.15,Заблоковано
1208.31,Просте,40.41,Невелике занепокоєння,Безпечний,Скло,0.0,Заблоковано
907.2,Просте,38.26,Не охороняється,Безпечний,Скло,1.5,Заблоковано
1120.17,Коштовне,9.71,Вищий статус охорони,Безпечний,Залізо,4.05,Заблоковано
783.3,Стандартне,58.85,Вищий статус охорони,Висока,Льон,5.64,Узгоджено
1067.02,Просте,34.36,Вищий статус охорони,Висока,Залізо,4.26,Заблоковано
1263.95,Просте,49.5,Вищий статус охорони,Безпечний,Скло,3.68,Заблоковано
1006.48,Стандартне,41.25,Невелике занепокоєння,Помірна,Скло,0.73,Заблоковано
1189.33,Коштовне,61.59,Вищий статус охорони,Висока,Скло,5.0,Заблоковано
655.9,Стандартне,30.02,Вищий статус охорони,Помірна,Скло,8.22,Узгоджено
811.7,Коштовне,56.98,Невелике занепокоєння,Безпечний,Льон,1.76,Узгоджено
912.31,Коштовне,55.36,Вищий статус охорони,Безпечний,Скло,4.59,Узгоджено
1212.94,Стандартне,38.81,Невелике занепокоєння,Помірна,Скло,8.97,Заблоковано
830.19,Стандартне,15.38,Невелике занепокоєння,Висока,Скло,5.0,Заблоковано
962.52,Стандартне,43.94,Не охороняється,Безпечний,Льон,3.71,Заблоковано
761.86,Просте,6.16,Вищий статус охорони,Безпечний,Льон,2.63,Узгоджено
762.03,Коштовне,57.83,Не охороняється,Безпечний,Льон,2.62,Узгоджено
858.21,Коштовне,36.18,Не охороняється,Безпечний,Льон,1.67,Узгоджено
975.36,Просте,16.92,Вищий статус охорони,Помірна,Скло,0.77,Заблоковано
944.34,Стандартне,70.66,Невелике занепокоєння,Помірна,Поліпропілен,0.43,Узгоджено
902.85,Стандартне,47.93,Невелике занепокоєння,Безпечний,Поліпропілен,2.95,Узгоджено
1005.5,Стандартне,68.79,Не охороняється,Висока,Поліпропілен,2.81,Заблоковано
807.33,Просте,48.34,Не охороняється,Висока,Залізо,2.24,Узгоджено
1172.61,Коштовне,50.08,Не охороняється,Безпечний,Залізо,2.17,Заблоковано
1315.37,Коштовне,13.22,Вищий статус охорони,Безпечний,Льон,0.0,Заблоковано
872.32,Стандартне,50.98,Не охороняється,Безпечний,Поліпропілен,4.88,Узгоджено
1187.54,Просте,29.33,Не охороняється,Висока,Льон,2.19,Заблоковано
633.65,Коштовне,28.06,Невелике занепокоєння,Безпечний,Поліпропілен,5.41,Узгоджено
904.25,Просте,63.25,Невелике занепокоєння,Помірна,Поліпропілен,2.15,Узгоджено
991.27,Просте,44.29,Не охороняється,Помірна,Скло,2.86,Заблоковано
1060.26,Просте,48.52,Невелике занепокоєння,Помірна,Поліпропілен,0.31,Заблоковано
731.13,Просте,58.63,Вищий статус охорони,Безпечний,Скло,5.1,Узгоджено
838.89,Просте,33.34,Не охороняється,Безпечний,Залізо,3.48,Узгоджено
860.65,Стандартне,47.56,Не охороняється,Безпечний,Льон,2.49,Узгоджено
506.64,Коштовне,36.18,Не охороняється,Висока,Залізо,4.63,Узгоджено
786.0,Просте,58.25,Невелике занепокоєння,Помірна,Залізо,4.16,Узгоджено
884.96,Коштовне,33.5,Вищий статус охорони,Помірна,Залізо,1.07,Заблоковано
812.54,Просте,33.41,Вищий статус охорони,Помірна,Залізо,0.0,Узгоджено
1059.59,Просте,61.16,Вищий статус охорони,Безпечний,Поліпропілен,4.46,Заблоковано
898.87,Просте,44.03,Вищий статус охорони,Безпечний,Поліпропілен,5.46,Узгоджено
736.38,Просте,28.16,Вищий статус охорони,Безпечний,Залізо,0.79,Узгоджено
934.66,Просте,41.2,Невелике занепокоєння,Помірна,Залізо,3.58,Заблоковано
1063.46,Коштовне,54.05,Вищий статус охорони,Помірна,Поліпропілен,2.55,Заблоковано
677.76,Коштовне,33.78,Не охороняється,Висока,Льон,5.03,Узгоджено
760.37,Коштовне,58.58,Не охороняється,Висока,Скло,1.36,Узгоджено
800.77,Коштовне,50.06,Невелике занепокоєння,Безпечний,Скло,5.32,Узгоджено
773.46,Стандартне,45.81,Не охороняється,Висока,Залізо,4.5,Узгоджено
1094.21,Стандартне,25.67,Не охороняється,Помірна,Скло,3.62,Заблоковано
1175.7,Коштовне,45.59,Невелике занепокоєння,Помірна,Скло,0.87,Заблоковано
737.27,Коштовне,55.54,Невелике занепокоєння,Помірна,Скло,0.0,Узгоджено
1116.8,Стандартне,55.17,Вищий статус охорони,Помірна,Скло,0.0,Заблоковано
916.6,Просте,43.73,Не охороняється,Помірна,Льон,3.67,Заблоковано
829.49,Коштовне,23.45,Вищий статус охорони,Висока,Поліпропілен,1.36,Узгоджено
1051.82,Коштовне,38.32,Невелике занепокоєння,Висока,Залізо,3.68,Заблоковано
801.27,Просте,37.95,Вищий статус охорони,Безпечний,Скло,1.77,Узгоджено
750.12,Просте,54.59,Не охороняється,Безпечний,Скло,3.18,Узгоджено
1137.66,Стандартне,57.99,Не охороняється,Висока,Скло,6.55,Заблоковано
1039.45,Просте,44.11,Вищий статус охорони,Помірна,Поліпропілен,3.99,Заблоковано
1175.53,Просте,40.92,Вищий статус охорони,Безпечний,Поліпропілен,6.59,Заблоковано
811.35,Просте,43.01,Вищий статус охорони,Помірна,Скло,0.91,Узгоджено
1109.04,Стандартне,49.36,Вищий статус охорони,Висока,Залізо,4.4,Заблоковано
593.04,Просте,41.53,Невелике занепокоєння,Безпечний,Льон,1.97,Узгоджено
1098.35,Стандартне,55.67,Невелике занепокоєння,Безпечний,Скло,2.29,Заблоковано
801.27,Просте,43.61,Невелике занепокоєння,Висока,Скло,4.46,Узгоджено
956.38,Коштовне,66.34,Вищий статус охорони,Помірна,Льон,4.15,Узгоджено
991.37,Стандартне,60.78,Не охороняється,Помірна,Скло,0.59,Заблоковано
886.53,Стандартне,52.48,Невелике занепокоєння,Помірна,Скло,6.97,Узгоджено
1386.04,Просте,12.96,Вищий статус охорони,Безпечний,Залізо,0.0,Заблоковано
798.26,Стандартне,71.88,Вищий статус охорони,Помірна,Поліпропілен,2.18,Узгоджено
698.18,Стандартне,46.96,Вищий статус охорони,Безпечний,Скло,3.87,Узгоджено
890.19,Коштовне,53.38,Не охороняється,Безпечний,Льон,2.26,Узгоджено
869.59,Коштовне,36.31,Не охороняється,Безпечний,Льон,2.0,Узгоджено
839.41,Просте,43.91,Невелике занепокоєння,Безпечний,Поліпропілен,3.8,Узгоджено
850.71,Стандартне,55.74,Вищий статус охорони,Помірна,Льон,0.1,Узгоджено
879.91,Просте,24.55,Вищий статус охорони,Висока,Скло,3.68,Заблоковано
754.39,Стандартне,61.19,Не охороняється,Висока,Льон,3.68,Узгоджено
742.5,Просте,41.9,Не охороняється,Помірна,Поліпропілен,2.14,Узгоджено
844.91,Стандартне,66.87,Не охороняється,Безпечний,Поліпропілен,7.53,Узгоджено
878.08,Просте,50.89,Невелике занепокоєння,Висока,Скло,2.24,Узгоджено
606.15,Коштовне,73.45,Невелике занепокоєння,Висока,Льон,3.02,Узгоджено
966.23,Просте,57.3,Вищий статус охорони,Висока,Льон,3.36,Заблоковано
833.57,Просте,51.53,Невелике занепокоєння,Безпечний,Скло,4.04,Узгоджено
901.85,Стандартне,39.45,Невелике занепокоєння,Помірна,Поліпропілен,0.0,Заблоковано
736.57,Коштовне,34.93,Невелике занепокоєння,Висока,Льон,3.78,Узгоджено
962.38,Просте,37.06,Не охороняється,Безпечний,Поліпропілен,1.89,Заблоковано
599.52,Коштовне,57.84,Невелике занепокоєння,Помірна,Поліпропілен,1.39,Узгоджено
955.79,Стандартне,26.7,Не охороняється,Висока,Льон,2.92,Заблоковано
789.77,Просте,53.95,Невелике занепокоєння,Безпечний,Льон,3.21,Узгоджено
724.03,Коштовне,69.73,Не охороняється,Безпечний,Поліпропілен,1.82,Узгоджено
1073.36,Коштовне,19.09,Не охороняється,Висока,Залізо,4.21,Заблоковано
914.31,Просте,19.78,Невелике занепокоєння,Помірна,Скло,4.77,Заблоковано
826.33,Просте,26.06,Не охороняється,Безпечний,Скло,1.61,Узгоджено
860.6,Коштовне,43.15,Вищий статус охорони,Помірна,Льон,1.08,Узгоджено
837.3,Коштовне,55.65,Невелике занепокоєння,Висока,Поліпропілен,4.72,Узгоджено
803.16,Стандартне,47.12,Вищий статус охорони,Висока,Льон,0.62,Узгоджено
892.41,Коштовне,47.92,Невелике занепокоєння,Висока,Скло,2.2,Узгоджено
656.69,Стандартне,40.15,Не охороняється,Помірна,Льон,1.58,Узгоджено
725.7,Стандартне,48.34,Невелике занепокоєння,Висока,Льон,3.61,Узгоджено
787.22,Стандартне,51.91,Невелике занепокоєння,Помірна,Льон,1.49,Узгоджено
723.43,Коштовне,29.96,Не охороняється,Висока,Скло,2.73,Узгоджено
770.03,Просте,28.5,Не охороняється,Висока,Поліпропілен,2.04,Узгоджено
860.6,Просте,65.22,Вищий статус охорони,Висока,Скло,3.53,Узгоджено
982.06,Стандартне,61.68,Вищий статус охорони,Помірна,Залізо,3.3,Заблоковано
895.35,Просте,42.84,Невелике занепокоєння,Помірна,Поліпропілен,3.0,Заблоковано
843.61,Стандартне,46.18,Невелике занепокоєння,Висока,Льон,5.24,Узгоджено
1093.33,Просте,46.34,Не охороняється,Помірна,Поліпропілен,0.0,Заблоковано
528.63,Стандартне,38.84,Невелике занепокоєння,Безпечний,Скло,4.17,Узгоджено
931.76,Просте,65.92,Вищий статус охорони,Висока,Льон,3.0,Узгоджено
847.62,Коштовне,39.03,Вищий статус охорони,Висока,Залізо,5.39,Узгоджено
765.05,Просте,23.11,Не охороняється,Помірна,Льон,1.99,Узгоджено
631.77,Стандартне,32.81,Не охороняється,Безпечний,Поліпропілен,2.37,Узгоджено
827.46,Коштовне,60.35,Вищий статус охорони,Помірна,Скло,4.11,Узгоджено
1010.35,Просте,49.51,Не охороняється,Висока,Залізо,2.81,Заблоковано
1191.43,Стандартне,59.19,Не охороняється,Помірна,Залізо,0.0,Заблоковано
974.87,Коштовне,25.35,Вищий статус охорони,Помірна,Скло,0.43,Заблоковано
768.38,Просте,28.17,Невелике занепокоєння,Помірна,Льон,2.65,Узгоджено
1632.93,Просте,45.51,Вищий статус охорони,Висока,Залізо,0.43,Заблоковано
744.49,Стандартне,29.96,Не охороняється,Безпечний,Залізо,0.0,Узгоджено
1151.63,Коштовне,41.4,Не охороняється,Висока,Залізо,0.0,Заблоковано
1115.97,Стандартне,59.12,Невелике занепокоєння,Безпечний,Скло,4.92,Заблоковано
599.52,Коштовне,56.48,Не охороняється,Помірна,Залізо,5.51,Узгоджено
673.54,Стандартне,47.12,Вищий статус охорони,Безпечний,Льон,1.47,Узгоджено
1216.86,Стандартне,40.69,Не охороняється,Помірна,Льон,1.41,Заблоковано
761.64,Коштовне,51.39,Не охороняється,Безпечний,Льон,2.85,Узгоджено
1028.95,Стандартне,59.52,Не охороняється,Висока,Скло,1.98,Заблоковано
786.25,Просте,72.57,Вищий статус охорони,Безпечний,Поліпропілен,1.56,Узгоджено
787.32,Просте,66.78,Вищий статус охорони,Помірна,Скло,1.38,Узгоджено
1437.8,Стандартне,55.54,Не охороняється,Висока,Скло,0.0,Заблоковано
1029.82,Коштовне,54.66,Невелике занепокоєння,Помірна,Поліпропілен,3.18,Заблоковано
1053.94,Стандартне,43.97,Не охороняється,Висока,Льон,0.0,Заблоковано
1067.18,Просте,5.03,Невелике занепокоєння,Помірна,Залізо,2.68,Заблоковано
1346.4,Стандартне,61.78,Не охороняється,Висока,Льон,1.67,Заблоковано
1001.98,Просте,48.97,Вищий статус охорони,Помірна,Поліпропілен,1.78,Заблоковано
618.98,Просте,54.99,Вищий статус охорони,Помірна,Скло,0.92,Узгоджено
753.7,Просте,37.31,Вищий статус охорони,Безпечний,Поліпропілен,0.32,Узгоджено
821.9,Коштовне,55.67,Не охороняється,Помірна,Поліпропілен,1.96,Узгоджено
820.92,Стандартне,51.33,Невелике занепокоєння,Безпечний,Залізо,0.87,Узгоджено
789.02,Стандартне,66.9,Вищий статус охорони,Помірна,Залізо,2.71,Узгоджено
826.63,Коштовне,33.86,Вищий статус охорони,Висока,Льон,1.99,Узгоджено
787.2,Коштовне,54.68,Невелике занепокоєння,Безпечний,Залізо,4.05,Узгоджено
774.64,Просте,74.73,Не охороняється,Помірна,Льон,3.9,Узгоджено
1186.62,Просте,36.92,Невелике занепокоєння,Помірна,Залізо,5.68,Заблоковано
918.13,Коштовне,49.05,Вищий статус охорони,Висока,Скло,1.9,Заблоковано
666.84,Просте,30.0,Не охороняється,Висока,Скло,1.41,Узгоджено
1154.62,Просте,28.09,Не охороняється,Помірна,Поліпропілен,2.1,Заблоковано
768.22,Коштовне,59.82,Невелике занепокоєння,Безпечний,Льон,0.0,Узгоджено
1196.17,Просте,36.13,Невелике занепокоєння,Безпечний,Поліпропілен,6.57,Заблоковано
932.3,Стандартне,45.75,Не охороняється,Безпечний,Льон,1.14,Заблоковано
868.23,Стандартне,64.11,Невелике занепокоєння,Помірна,Поліпропілен,2.95,Узгоджено
643.43,Стандартне,46.93,Невелике занепокоєння,Помірна,Скло,3.18,Узгоджено
982.7,Просте,55.09,Не охороняється,Помірна,Поліпропілен,2.36,Заблоковано
995.16,Стандартне,42.6,Не охороняється,Висока,Скло,1.05,Заблоковано
942.01,Коштовне,59.78,Вищий статус охорони,Безпечний,Скло,1.92,Узгоджено
852.02,Стандартне,34.69,Не охороняється,Помірна,Скло,2.78,Узгоджено
963.59,Просте,43.12,Вищий статус охорони,Висока,Поліпропілен,1.62,Заблоковано
910.35,Просте,46.85,Невелике занепокоєння,Помірна,Льон,3.07,Заблоковано
759.21,Коштовне,64.35,Вищий статус охорони,Помірна,Залізо,3.42,Узгоджено
1021.61,Стандартне,34.78,Вищий статус охорони,Помірна,Льон,1.85,Заблоковано
737.27,Просте,55.54,Вищий статус охорони,Помірна,Скло,3.64,Узгоджено
787.8,Стандартне,35.76,Не охороняється,Висока,Скло,3.11,Узгоджено
783.01,Просте,46.34,Вищий статус охорони,Помірна,Поліпропілен,4.64,Узгоджено
671.74,Просте,49.13,Невелике занепокоєння,Висока,Поліпропілен,2.14,Узгоджено
1067.18,Стандартне,53.25,Вищий статус охорони,Висока,Скло,2.01,Заблоковано
1003.46,Просте,30.76,Не охороняється,Безпечний,Поліпропілен,2.56,Заблоковано
1075.58,Коштовне,44.43,Вищий статус охорони,Висока,Залізо,2.61,Заблоковано
654.03,Просте,51.31,Вищий статус охорони,Безпечний,Залізо,0.0,Узгоджено
840.83,Просте,31.8,Не охороняється,Помірна,Поліпропілен,4.95,Узгоджено
1051.15,Стандартне,34.7,Не охороняється,Висока,Льон,1.09,Заблоковано
931.04,Коштовне,49.7,Вищий статус охорони,Висока,Льон,1.33,Заблоковано
737.02,Коштовне,28.98,Вищий статус охорони,Висока,Поліпропілен,0.0,Узгоджено
1047.55,Стандартне,29.33,Невелике занепокоєння,Безпечний,Залізо,5.09,Заблоковано
1122.26,Просте,29.76,Вищий статус охорони,Висока,Льон,0.0,Заблоковано
737.48,Коштовне,68.79,Невелике занепокоєння,Безпечний,Скло,0.58,Узгоджено
970.31,Стандартне,54.59,Невелике занепокоєння,Безпечний,Льон,0.85,Заблоковано
1021.61,Коштовне,30.91,Не охороняється,Висока,Поліпропілен,5.26,Заблоковано
611.87,Коштовне,28.54,Не охороняється,Безпечний,Льон,3.21,Узгоджено
833.57,Стандартне,60.05,Вищий статус охорони,Помірна,Поліпропілен,0.8,Узгоджено
704.72,Коштовне,47.87,Невелике занепокоєння,Безпечний,Льон,0.0,Узгоджено
1008.25,Коштовне,59.01,Невелике занепокоєння,Помірна,Поліпропілен,0.99,Заблоковано
813.13,Просте,34.32,Невелике занепокоєння,Безпечний,Скло,3.64,Узгоджено
1067.18,Стандартне,66.1,Не охороняється,Помірна,Поліпропілен,1.81,Заблоковано
717.01,Просте,62.41,Не охороняється,Висока,Залізо,0.0,Узгоджено
884.85,Коштовне,37.73,Вищий статус охорони,Помірна,Льон,3.97,Заблоковано
837.04,Коштовне,16.32,Невелике занепокоєння,Безпечний,Скло,0.0,Заблоковано
1016.53,Просте,70.81,Не охороняється,Безпечний,Скло,0.0,Заблоковано
746.99,Просте,64.18,Не охороняється,Висока,Скло,1.29,Узгоджено
904.06,Коштовне,47.07,Не охороняється,Висока,Поліпропілен,3.34,Узгоджено
720.44,Просте,59.25,Не охороняється,Помірна,Залізо,1.04,Узгоджено
830.67,Просте,49.34,Не охороняється,Помірна,Поліпропілен,2.29,Узгоджено
702.68,Просте,53.64,Вищий статус охорони,Висока,Поліпропілен,2.84,Узгоджено
1378.11,Стандартне,48.51,Вищий статус охорони,Висока,Льон,1.09,Заблоковано
609.13,Просте,34.31,Вищий статус охорони,Помірна,Поліпропілен,4.25,Узгоджено
786.38,Стандартне,67.09,Не охороняється,Висока,Поліпропілен,2.41,Узгоджено
883.67,Стандартне,57.01,Невелике занепокоєння,Безпечний,Льон,1.65,Узгоджено
959.04,Стандартне,37.11,Не охороняється,Висока,Льон,3.62,Заблоковано
1003.12,Стандартне,50.98,Невелике занепокоєння,Висока,Залізо,2.23,Заблоковано
1094.18,Просте,41.94,Невелике занепокоєння,Помірна,Поліпропілен,1.44,Заблоковано
909.28,Просте,38.81,Невелике занепокоєння,Висока,Льон,1.52,Заблоковано
889.2,Коштовне,44.39,Невелике занепокоєння,Помірна,Льон,0.22,Узгоджено
937.42,Стандартне,34.66,Не охороняється,Помірна,Залізо,3.79,Заблоковано
879.04,Просте,21.35,Вищий статус охорони,Висока,Скло,2.26,Заблоковано
1150.53,Стандартне,41.09,Вищий статус охорони,Помірна,Скло,0.0,Заблоковано
984.27,Просте,63.94,Невелике занепокоєння,Висока,Скло,3.98,Заблоковано
1298.53,Коштовне,38.84,Невелике занепокоєння,Висока,Льон,0.03,Заблоковано
996.55,Стандартне,19.81,Вищий статус охорони,Висока,Льон,1.54,Заблоковано
803.14,Стандартне,25.31,Вищий статус охорони,Безпечний,Льон,4.91,Узгоджено
974.79,Коштовне,48.94,Невелике занепокоєння,Висока,Льон,4.87,Заблоковано
783.68,Стандартне,51.95,Невелике занепокоєння,Безпечний,Льон,3.29,Узгоджено
1249.68,Просте,47.41,Не охороняється,Помірна,Скло,3.61,Заблоковано
1351.77,Стандартне,70.13,Не охороняється,Безпечний,Залізо,0.0,Заблоковано
743.87,Коштовне,50.19,Вищий статус охорони,Висока,Поліпропілен,2.3,Узгоджено
1078.29,Коштовне,68.26,Невелике занепокоєння,Безпечний,Скло,4.31,Заблоковано
1081.04,Коштовне,74.02,Невелике занепокоєння,Помірна,Скло,4.46,Заблоковано
572.04,Коштовне,62.16,Не охороняється,Безпечний,Льон,2.31,Узгоджено
856.6,Стандартне,77.63,Вищий статус охорони,Висока,Залізо,4.45,Узгоджено
940.45,Коштовне,48.99,Не охороняється,Безпечний,Залізо,4.41,Заблоковано
735.28,Просте,43.82,Вищий статус охорони,Безпечний,Залізо,3.2,Узгоджено
940.78,Стандартне,54.31,Вищий статус охорони,Безпечний,Скло,1.09,Заблоковано
1176.77,Просте,29.96,Вищий статус охорони,Безпечний,Льон,0.2,Заблоковано
866.08,Просте,64.19,Вищий статус охорони,Помірна,Поліпропілен,2.46,Узгоджено
1042.48,Коштовне,43.85,Вищий статус охорони,Висока,Льон,0.81,Заблоковано
1033.31,Стандартне,38.53,Вищий статус охорони,Помірна,Поліпропілен,3.25,Заблоковано
655.13,Коштовне,22.61,Не охороняється,Помірна,Залізо,0.0,Узгоджено
975.48,Просте,61.74,Вищий статус охорони,Помірна,Скло,2.79,Заблоковано
753.96,Стандартне,21.71,Вищий статус охорони,Висока,Скло,1.92,Узгоджено
741.05,Просте,33.21,Не охороняється,Безпечний,Залізо,1.38,Узгоджено
915.71,Коштовне,49.58,Вищий статус охорони,Висока,Льон,0.51,Заблоковано
750.12,Стандартне,46.08,Вищий статус охорони,Безпечний,Льон,4.32,Узгоджено
763.41,Стандартне,53.52,Невелике занепокоєння,Безпечний,Залізо,3.88,Узгоджено
914.82,Просте,50.37,Не охороняється,Безпечний,Скло,2.24,Заблоковано
944.11,Просте,24.58,Не охороняється,Безпечний,Льон,0.63,Заблоковано
758.01,Просте,17.77,Невелике занепокоєння,Висока,Скло,5.48,Узгоджено
805.7,Коштовне,72.15,Вищий статус охорони,Безпечний,Залізо,0.0,Узгоджено
1343.98,Коштовне,18.37,Вищий статус охорони,Помірна,Поліпропілен,2.29,Заблоковано
778.97,Стандартне,24.59,Невелике занепокоєння,Безпечний,Льон,0.0,Узгоджено
1245.84,Просте,23.99,Не охороняється,Безпечний,Скло,0.19,Заблоковано
821.66,Просте,35.99,Вищий статус охорони,Помірна,Льон,0.0,Узгоджено
907.2,Стандартне,70.93,Невелике занепокоєння,Безпечний,Скло,5.41,Узгоджено
886.9,Стандартне,31.03,Вищий статус охорони,Безпечний,Поліпропілен,3.15,Заблоковано
1042.38,Стандартне,61.98,Не охороняється,Помірна,Залізо,2.33,Заблоковано
905.34,Просте,51.15,Невелике занепокоєння,Безпечний,Залізо,0.45,Узгоджено
1108.61,Коштовне,27.93,Вищий статус охорони,Висока,Залізо,1.27,Заблоковано
1015.51,Коштовне,35.49,Невелике занепокоєння,Помірна,Поліпропілен,1.02,Заблоковано
943.32,Стандартне,70.24,Невелике занепокоєння,Безпечний,Поліпропілен,0.0,Узгоджено
947.26,Коштовне,40.7,Не охороняється,Помірна,Залізо,5.51,Заблоковано
1136.91,Коштовне,62.58,Не охороняється,Безпечний,Льон,2.33,Заблоковано
917.64,Просте,31.91,Невелике занепокоєння,Висока,Залізо,0.69,Заблоковано
809.02,Коштовне,37.05,Невелике занепокоєння,Безпечний,Скло,0.03,Узгоджено
927.54,Стандартне,35.88,Вищий статус охорони,Безпечний,Залізо,5.71,Заблоковано
906.91,Просте,27.53,Не охороняється,Помірна,Скло,3.65,Заблоковано
777.56,Просте,43.37,Не охороняється,Висока,Льон,2.42,Узгоджено
969.12,Стандартне,69.91,Невелике занепокоєння,Висока,Поліпропілен,0.8,Узгоджено
614.54,Коштовне,40.64,Не охороняється,Безпечний,Поліпропілен,1.91,Узгоджено
988.9,Просте,42.47,Невелике занепокоєння,Безпечний,Залізо,0.0,Заблоковано
804.62,Просте,56.48,Не охороняється,Помірна,Залізо,0.0,Узгоджено
982.16,Просте,64.44,Невелике занепокоєння,Помірна,Скло,2.84,Заблоковано
780.24,Коштовне,62.01,Вищий статус охорони,Безпечний,Скло,5.49,Узгоджено
944.34,Стандартне,74.8,Вищий статус охорони,Висока,Льон,1.48,Узгоджено
911.77,Просте,46.54,Не охороняється,Помірна,Залізо,0.83,Заблоковано
974.08,Просте,42.69,Вищий статус охорони,Безпечний,Льон,2.22,Заблоковано
980.47,Просте,36.92,Не охороняється,Висока,Скло,5.64,Заблоковано
914.47,Стандартне,82.03,Невелике занепокоєння,Безпечний,Скло,1.59,Узгоджено
1049.15,Просте,57.58,Невелике занепокоєння,Висока,Залізо,3.64,Заблоковано
963.68,Коштовне,60.45,Не охороняється,Висока,Поліпропілен,0.51,Заблоковано
1147.13,Стандартне,64.39,Вищий статус охорони,Висока,Льон,6.67,Заблоковано
856.76,Коштовне,42.37,Невелике занепокоєння,Висока,Скло,0.0,Узгоджено
843.79,Коштовне,34.65,Не охороняється,Безпечний,Поліпропілен,3.41,Узгоджено
777.06,Просте,61.68,Вищий статус охорони,Висока,Льон,0.56,Узгоджено
1406.87,Коштовне,8.7,Невелике занепокоєння,Помірна,Льон,4.65,Заблоковано
935.68,Просте,41.16,Вищий статус охорони,Помірна,Льон,0.22,Заблоковано
827.52,Стандартне,29.31,Невелике занепокоєння,Помірна,Скло,0.42,Узгоджено
860.97,Стандартне,48.29,Невелике занепокоєння,Безпечний,Залізо,0.0,Узгоджено
1122.26,Коштовне,55.2,Не охороняється,Висока,Поліпропілен,1.59,Заблоковано
1139.64,Коштовне,16.82,Не охороняється,Висока,Залізо,4.43,Заблоковано
1144.23,Стандартне,40.44,Не охороняється,Помірна,Скло,4.66,Заблоковано
639.82,Коштовне,50.88,Вищий статус охорони,Помірна,Поліпропілен,0.97,Узгоджено
951.79,Коштовне,28.31,Невелике занепокоєння,Помірна,Поліпропілен,0.0,Заблоковано
963.76,Коштовне,47.19,Вищий статус охорони,Безпечний,Скло,1.91,Заблоковано
759.85,Коштовне,42.75,Вищий статус охорони,Помірна,Скло,5.88,Узгоджено
1158.69,Коштовне,15.59,Вищий статус охорони,Помірна,Льон,4.22,Заблоковано
1203.08,Стандартне,40.81,Невелике занепокоєння,Висока,Льон,0.98,Заблоковано
696.29,Стандартне,32.55,Невелике занепокоєння,Безпечний,Скло,5.4,Узгоджено
881.27,Просте,69.91,Невелике занепокоєння,Помірна,Скло,2.28,Узгоджено
1414.82,Просте,66.88,Вищий статус охорони,Висока,Поліпропілен,0.0,Заблоковано
761.64,Коштовне,60.71,Невелике занепокоєння,Помірна,Поліпропілен,0.0,Узгоджено
734.87,Просте,67.94,Невелике занепокоєння,Помірна,Поліпропілен,1.7,Узгоджено
931.25,Коштовне,59.11,Вищий статус охорони,Помірна,Льон,0.4,Узгоджено
777.57,Просте,16.46,Невелике занепокоєння,Помірна,Льон,6.77,Узгоджено
1048.44,Коштовне,69.66,Невелике занепокоєння,Висока,Скло,1.09,Заблоковано
859.35,Коштовне,45.9,Вищий статус охорони,Безпечний,Скло,0.85,Узгоджено
946.31,Просте,73.32,Вищий статус охорони,Висока,Поліпропілен,2.18,Узгоджено
1118.98,Стандартне,25.97,Невелике занепокоєння,Помірна,Скло,2.34,Заблоковано
610.97,Просте,61.12,Вищий статус охорони,Помірна,Скло,1.39,Узгоджено
817.89,Стандартне,26.28,Невелике занепокоєння,Помірна,Залізо,2.97,Узгоджено
820.75,Просте,51.74,Невелике занепокоєння,Помірна,Залізо,1.18,Узгоджено
681.62,Просте,48.56,Невелике занепокоєння,Висока,Льон,0.67,Узгоджено
1241.86,Стандартне,22.39,Невелике занепокоєння,Помірна,Скло,3.45,Заблоковано
770.78,Коштовне,41.92,Невелике занепокоєння,Безпечний,Залізо,0.0,Узгоджено
1155.55,Стандартне,38.14,Вищий статус охорони,Висока,Скло,5.66,Заблоковано
1356.75,Коштовне,51.22,Вищий статус охорони,Помірна,Льон,0.0,Заблоковано
1126.73,Стандартне,54.48,Не охороняється,Безпечний,Залізо,2.09,Заблоковано
912.6,Коштовне,61.47,Невелике занепокоєння,Висока,Льон,2.09,Узгоджено
858.45,Просте,52.98,Не охороняється,Безпечний,Поліпропілен,3.96,Узгоджено
865.83,Стандартне,13.32,Не охороняється,Безпечний,Поліпропілен,4.1,Заблоковано
813.4,Коштовне,57.7,Вищий статус охорони,Безпечний,Скло,2.1,Узгоджено
1050.85,Стандартне,59.68,Не охороняється,Безпечний,Скло,0.0,Заблоковано
860.17,Коштовне,49.55,Не охороняється,Висока,Поліпропілен,0.69,Узгоджено
907.5,Просте,55.67,Вищий статус охорони,Висока,Поліпропілен,1.76,Узгоджено
554.27,Коштовне,44.51,Не охороняється,Висока,Льон,4.01,Узгоджено
1116.94,Коштовне,44.98,Не охороняється,Помірна,Поліпропілен,3.79,Заблоковано
855.37,Просте,56.16,Вищий статус охорони,Безпечний,Скло,2.72,Узгоджено
932.2,Стандартне,43.87,Вищий статус охорони,Помірна,Залізо,5.39,Заблоковано
721.03,Стандартне,62.39,Вищий статус охорони,Помірна,Поліпропілен,2.18,Узгоджено
620.9,Просте,43.27,Не охороняється,Безпечний,Залізо,0.19,Узгоджено
584.86,Стандартне,61.3,Невелике занепокоєння,Помірна,Скло,1.62,Узгоджено
894.54,Просте,55.06,Невелике занепокоєння,Безпечний,Скло,1.9,Узгоджено
899.24,Стандартне,52.95,Вищий статус охорони,Помірна,Льон,1.43,Узгоджено
666.4,Просте,25.84,Невелике занепокоєння,Помірна,Поліпропілен,3.36,Узгоджено
993.39,Коштовне,35.52,Невелике занепокоєння,Висока,Скло,0.29,Заблоковано
801.9,Коштовне,45.77,Вищий статус охорони,Помірна,Скло,5.15,Узгоджено
1032.94,Просте,68.37,Не охороняється,Висока,Залізо,5.59,Заблоковано
1271.12,Стандартне,63.75,Не охороняється,Висока,Залізо,0.97,Заблоковано
981.08,Коштовне,42.98,Не охороняється,Помірна,Залізо,0.66,Заблоковано
1132.28,Стандартне,82.3,Невелике занепокоєння,Висока,Льон,4.11,Заблоковано
677.38,Коштовне,62.34,Вищий статус охорони,Помірна,Поліпропілен,5.89,Узгоджено
927.28,Стандартне,61.2,Вищий статус охорони,Безпечний,Залізо,1.46,Узгоджено
1041.37,Стандартне,55.65,Вищий статус охорони,Помірна,Поліпропілен,3.03,Заблоковано
630.69,Коштовне,61.4,Не охороняється,Помірна,Залізо,5.64,Узгоджено
902.24,Коштовне,38.33,Не охороняється,Безпечний,Поліпропілен,0.43,Заблоковано
961.96,Просте,32.55,Невелике занепокоєння,Висока,Льон,1.52,Заблоковано
698.38,Стандартне,46.45,Не охороняється,Безпечний,Скло,0.97,Узгоджено
1252.96,Стандартне,64.58,Вищий статус охорони,Безпечний,Льон,3.71,Заблоковано
574.49,Просте,32.9,Вищий статус охорони,Помірна,Льон,3.24,Узгоджено
1156.16,Просте,48.24,Вищий статус охорони,Висока,Льон,3.39,Заблоковано
823.28,Стандартне,43.73,Невелике занепокоєння,Безпечний,Залізо,1.25,Узгоджено
558.95,Коштовне,44.02,Вищий статус охорони,Помірна,Скло,4.61,Узгоджено
998.73,Стандартне,53.4,Вищий статус охорони,Помірна,Скло,1.24,Заблоковано
878.08,Коштовне,63.39,Невелике занепокоєння,Безпечний,Льон,2.95,Узгоджено
1154.62,Коштовне,53.14,Вищий статус охорони,Безпечний,Залізо,0.0,Заблоковано
750.12,Коштовне,54.67,Не охороняється,Помірна,Льон,3.62,Узгоджено
864.87,Просте,27.24,Невелике занепокоєння,Висока,Скло,1.83,Заблоковано
800.7,Просте,38.0,Вищий статус охорони,Безпечний,Залізо,5.05,Узгоджено
814.29,Стандартне,34.43,Не охороняється,Помірна,Льон,6.73,Узгоджено
1109.84,Стандартне,45.28,Вищий статус охорони,Помірна,Льон,0.89,Заблоковано
762.45,Стандартне,37.49,Вищий статус охорони,Помірна,Скло,0.11,Узгоджено
1177.69,Просте,34.36,Не охороняється,Безпечний,Льон,3.99,Заблоковано
987.22,Просте,35.99,Невелике занепокоєння,Помірна,Льон,5.28,Заблоковано
987.8,Просте,14.82,Вищий статус охорони,Безпечний,Скло,4.94,Заблоковано
575.35,Стандартне,41.98,Вищий статус охорони,Помірна,Поліпропілен,0.0,Узгоджено
660.25,Коштовне,64.94,Невелике занепокоєння,Безпечний,Поліпропілен,1.05,Узгоджено
1015.88,Просте,38.91,Не охороняється,Висока,Залізо,0.15,Заблоковано
1026.26,Просте,41.3,Не охороняється,Помірна,Скло,0.0,Заблоковано
1101.18,Стандартне,34.86,Вищий статус охорони,Висока,Скло,2.07,Заблоковано
979.21,Коштовне,45.67,Вищий статус охорони,Помірна,Залізо,4.09,Заблоковано
834.98,Просте,0.85,Невелике занепокоєння,Безпечний,Залізо,0.0,Заблоковано
757.65,Стандартне,30.14,Невелике занепокоєння,Висока,Поліпропілен,2.42,Узгоджено
782.52,Просте,49.33,Невелике занепокоєння,Помірна,Залізо,6.41,Узгоджено
909.76,Коштовне,45.53,Не охороняється,Помірна,Поліпропілен,3.84,Заблоковано
881.92,Коштовне,66.46,Вищий статус охорони,Висока,Залізо,3.51,Узгоджено
449.72,Коштовне,55.65,Вищий статус охорони,Помірна,Залізо,2.38,Узгоджено
922.35,Коштовне,57.59,Невелике занепокоєння,Висока,Скло,2.3,Узгоджено
767.12,Стандартне,40.53,Невелике занепокоєння,Помірна,Скло,4.38,Узгоджено
994.31,Стандартне,62.99,Вищий статус охорони,Помірна,Поліпропілен,5.03,Заблоковано
765.35,Стандартне,64.72,Вищий статус охорони,Помірна,Залізо,5.99,Узгоджено
601.83,Стандартне,54.82,Невелике занепокоєння,Висока,Поліпропілен,1.9,Узгоджено
746.36,Стандартне,38.17,Невелике занепокоєння,Помірна,Скло,3.27,Узгоджено
860.97,Коштовне,23.57,Вищий статус охорони,Безпечний,Льон,3.66,Заблоковано
1062.03,Коштовне,37.52,Вищий статус охорони,Безпечний,Льон,0.0,Заблоковано
946.34,Просте,38.76,Вищий статус охорони,Безпечний,Поліпропілен,2.52,Заблоковано
721.99,Просте,64.42,Невелике занепокоєння,Безпечний,Поліпропілен,0.94,Узгоджено
988.9,Просте,33.89,Не охороняється,Безпечний,Скло,2.37,Заблоковано
737.21,Стандартне,77.27,Вищий статус охорони,Помірна,Залізо,1.51,Узгоджено
1076.93,Просте,63.94,Невелике занепокоєння,Безпечний,Льон,4.21,Заблоковано
1167.06,Стандартне,24.58,Вищий статус охорони,Висока,Поліпропілен,3.96,Заблоковано
1014.88,Просте,74.48,Вищий статус охорони,Помірна,Льон,0.43,Заблоковано
800.71,Просте,49.23,Не охороняється,Помірна,Поліпропілен,0.11,Узгоджено
678.83,Коштовне,65.88,Не охороняється,Безпечний,Скло,3.15,Узгоджено
1022.69,Коштовне,80.94,Не охороняється,Безпечний,Льон,0.0,Заблоковано
1209.03,Коштовне,64.62,Невелике занепокоєння,Помірна,Льон,3.01,Заблоковано
1103.08,Коштовне,76.6,Вищий статус охорони,Помірна,Поліпропілен,3.24,Заблоковано
728.72,Стандартне,51.83,Невелике занепокоєння,Помірна,Залізо,1.77,Узгоджено
993.53,Коштовне,39.87,Невелике занепокоєння,Помірна,Льон,0.63,Заблоковано
847.28,Просте,21.35,Невелике занепокоєння,Помірна,Скло,1.03,Заблоковано
866.08,Стандартне,40.69,Вищий статус охорони,Помірна,Поліпропілен,5.12,Узгоджено
955.32,Коштовне,46.28,Вищий статус охорони,Безпечний,Льон,3.28,Заблоковано
1078.4,Просте,37.49,Невелике занепокоєння,Безпечний,Залізо,0.46,Заблоковано
844.01,Коштовне,48.56,Вищий статус охорони,Безпечний,Льон,2.66,Узгоджено
988.11,Просте,73.68,Вищий статус охорони,Помірна,Скло,2.32,Заблоковано
865.84,Стандартне,51.61,Не охороняється,Висока,Залізо,1.55,Узгоджено
858.45,Стандартне,85.04,Не охороняється,Безпечний,Поліпропілен,5.25,Узгоджено
701.98,Коштовне,56.08,Вищий статус охорони,Безпечний,Поліпропілен,2.29,Узгоджено
1378.72,Стандартне,49.19,Невелике занепокоєння,Висока,Поліпропілен,1.46,Заблоковано
875.59,Стандартне,33.07,Вищий статус охорони,Безпечний,Поліпропілен,3.47,Заблоковано
869.03,Стандартне,41.4,Не охороняється,Безпечний,Залізо,0.0,Узгоджено
906.55,Просте,68.78,Не охороняється,Безпечний,Скло,2.14,Узгоджено
757.86,Просте,45.89,Невелике занепокоєння,Безпечний,Залізо,0.73,Узгоджено
914.68,Коштовне,29.85,Невелике занепокоєння,Безпечний,Поліпропілен,0.2,Заблоковано
928.91,Просте,46.42,Не охороняється,Висока,Льон,3.67,Заблоковано
949.63,Просте,25.11,Невелике занепокоєння,Помірна,Залізо,2.62,Заблоковано
990.8,Просте,55.87,Вищий статус охорони,Безпечний,Залізо,0.0,Заблоковано
1071.08,Просте,67.56,Не охороняється,Помірна,Скло,0.81,Заблоковано
1668.49,Коштовне,61.82,Не охороняється,Висока,Скло,2.22,Заблоковано
939.79,Коштовне,38.58,Вищий статус охорони,Висока,Залізо,4.78,Заблоковано
576.34,Стандартне,49.31,Невелике занепокоєння,Помірна,Льон,1.03,Узгоджено
954.03,Стандартне,50.46,Невелике занепокоєння,Помірна,Залізо,5.25,Заблоковано
999.46,Стандартне,62.83,Не охороняється,Безпечний,Льон,4.22,Заблоковано
787.8,Просте,52.1,Невелике занепокоєння,Безпечний,Льон,1.76,Узгоджено
1002.61,Стандартне,26.71,Вищий статус охорони,Висока,Поліпропілен,0.0,Заблоковано
779.17,Коштовне,31.2,Вищий статус охорони,Помірна,Поліпропілен,4.33,Узгоджено
908.68,Стандартне,32.25,Невелике занепокоєння,Висока,Поліпропілен,1.71,Заблоковано
806.02,Стандартне,47.41,Вищий статус охорони,Безпечний,Льон,5.12,Узгоджено
925.32,Коштовне,31.6,Не охороняється,Висока,Поліпропілен,0.0,Заблоковано
1029.1,Просте,51.54,Вищий статус охорони,Помірна,Поліпропілен,3.77,Заблоковано
710.3,Просте,56.07,Невелике занепокоєння,Безпечний,Скло,0.98,Узгоджено
830.49,Коштовне,38.16,Невелике занепокоєння,Помірна,Скло,4.25,Узгоджено
974.55,Стандартне,72.44,Невелике занепокоєння,Висока,Поліпропілен,3.99,Узгоджено
872.67,Коштовне,19.68,Не охороняється,Помірна,Поліпропілен,0.0,Заблоковано
1187.54,Стандартне,24.34,Невелике занепокоєння,Безпечний,Льон,2.15,Заблоковано
707.76,Просте,57.75,Не охороняється,Висока,Скло,2.47,Узгоджено
1004.79,Стандартне,37.54,Не охороняється,Безпечний,Скло,0.43,Заблоковано
798.41,Коштовне,46.56,Не охороняється,Висока,Скло,3.17,Узгоджено
920.42,Стандартне,71.93,Вищий статус охорони,Висока,Поліпропілен,1.14,Узгоджено
701.98,Коштовне,53.11,Невелике занепокоєння,Помірна,Льон,1.04,Узгоджено
960.07,Коштовне,63.02,Невелике занепокоєння,Безпечний,Поліпропілен,2.09,Заблоковано
673.81,Просте,51.39,Не охороняється,Висока,Поліпропілен,3.02,Узгоджено
899.12,Просте,37.75,Вищий статус охорони,Висока,Поліпропілен,3.06,Заблоковано
871.11,Стандартне,32.45,Невелике занепокоєння,Висока,Льон,3.53,Заблоковано
706.6,Коштовне,47.18,Вищий статус охорони,Помірна,Залізо,1.2,Узгоджено
501.43,Просте,16.38,Не охороняється,Безпечний,Поліпропілен,1.1,Узгоджено
1071.56,Стандартне,48.82,Вищий статус охорони,Висока,Скло,3.13,Заблоковано
1015.95,Стандартне,46.08,Невелике занепокоєння,Помірна,Поліпропілен,0.11,Заблоковано
583.15,Коштовне,42.42,Невелике занепокоєння,Помірна,Поліпропілен,7.24,Узгоджено
1189.83,Просте,62.55,Вищий статус охорони,Висока,Льон,0.0,Заблоковано
1135.55,Просте,28.22,Невелике занепокоєння,Висока,Поліпропілен,0.0,Заблоковано
914.14,Коштовне,85.81,Вищий статус охорони,Висока,Поліпропілен,0.0,Узгоджено
897.2,Коштовне,66.07,Вищий статус охорони,Висока,Льон,3.0,Узгоджено
955.91,Коштовне,46.39,Невелике занепокоєння,Помірна,Льон,2.1,Заблоковано
1028.11,Коштовне,40.0,Невелике занепокоєння,Висока,Льон,5.09,Заблоковано
1023.91,Просте,30.24,Не охороняється,Висока,Поліпропілен,1.81,Заблоковано
784.52,Стандартне,53.77,Вищий статус охорони,Помірна,Скло,1.57,Узгоджено
1124.29,Коштовне,50.39,Вищий статус охорони,Помірна,Поліпропілен,3.57,Заблоковано
1131.52,Просте,60.11,Вищий статус охорони,Висока,Залізо,0.0,Заблоковано
1054.52,Просте,47.2,Невелике занепокоєння,Безпечний,Поліпропілен,0.0,Заблоковано
826.9,Коштовне,55.1,Невелике занепокоєння,Висока,Льон,4.1,Узгоджено
1070.82,Коштовне,77.82,Невелике занепокоєння,Висока,Льон,1.02,Заблоковано
848.25,Стандартне,36.36,Не охороняється,Висока,Залізо,3.75,Узгоджено
829.58,Коштовне,35.72,Вищий статус охорони,Безпечний,Залізо,6.64,Узгоджено
838.47,Коштовне,42.2,Не охороняється,Безпечний,Поліпропілен,0.0,Узгоджено
980.77,Стандартне,55.0,Не охороняється,Помірна,Поліпропілен,5.06,Заблоковано
891.32,Просте,54.86,Вищий статус охорони,Висока,Залізо,4.17,Узгоджено
861.31,Коштовне,12.47,Вищий статус охорони,Безпечний,Поліпропілен,2.51,Заблоковано
981.16,Просте,69.43,Невелике занепокоєння,Безпечний,Залізо,0.86,Заблоковано
1386.04,Коштовне,36.68,Вищий статус охорони,Безпечний,Залізо,2.96,Заблоковано
806.44,Коштовне,29.77,Невелике занепокоєння,Висока,Льон,0.61,Узгоджено
848.09,Просте,39.48,Не охороняється,Висока,Поліпропілен,0.11,Узгоджено
722.81,Коштовне,30.32,Невелике занепокоєння,Безпечний,Поліпропілен,1.45,Узгоджено
601.83,Просте,44.87,Не охороняється,Помірна,Льон,0.82,Узгоджено
891.91,Стандартне,38.76,Не охороняється,Безпечний,Залізо,2.87,Заблоковано
1142.4,Коштовне,22.08,Не охороняється,Безпечний,Льон,2.16,Заблоковано
759.6,Коштовне,68.88,Невелике занепокоєння,Безпечний,Залізо,2.73,Узгоджено
714.22,Коштовне,26.49,Невелике занепокоєння,Помірна,Льон,3.12,Узгоджено
638.89,Просте,54.99,Невелике занепокоєння,Безпечний,Скло,0.44,Узгоджено
741.25,Просте,70.77,Вищий статус охорони,Висока,Залізо,2.85,Узгоджено
1204.03,Коштовне,44.22,Вищий статус охорони,Помірна,Поліпропілен,3.52,Заблоковано
953.06,Стандартне,54.37,Невелике занепокоєння,Висока,Залізо,0.69,Заблоковано
812.48,Коштовне,47.56,Вищий статус охорони,Безпечний,Льон,2.98,Узгоджено
621.72,Коштовне,38.3,Не охороняється,Помірна,Залізо,1.58,Узгоджено
774.48,Стандартне,36.58,Вищий статус охорони,Помірна,Льон,5.4,Узгоджено
1137.95,Стандартне,40.2,Вищий статус охорони,Висока,Поліпропілен,2.95,Заблоковано
813.08,Стандартне,58.47,Не охороняється,Висока,Залізо,4.29,Узгоджено
717.74,Стандартне,44.75,Невелике занепокоєння,Безпечний,Залізо,1.16,Узгоджено
721.16,Стандартне,74.21,Невелике занепокоєння,Безпечний,Льон,2.75,Узгоджено
922.59,Коштовне,33.43,Невелике занепокоєння,Безпечний,Залізо,0.96,Заблоковано
751.68,Просте,25.06,Невелике занепокоєння,Безпечний,Поліпропілен,0.32,Узгоджено
1074.93,Стандартне,55.06,Вищий статус охорони,Безпечний,Скло,3.28,Заблоковано
1046.01,Просте,44.15,Не охороняється,Висока,Залізо,0.0,Заблоковано
697.16,Просте,68.41,Вищий статус охорони,Помірна,Скло,3.96,Узгоджено
906.55,Стандартне,43.27,Не охороняється,Помірна,Поліпропілен,8.27,Заблоковано
849.89,Коштовне,26.56,Невелике занепокоєння,Висока,Скло,0.0,Заблоковано
996.52,Коштовне,35.13,Невелике занепокоєння,Безпечний,Залізо,2.41,Заблоковано
783.85,Коштовне,57.14,Вищий статус охорони,Безпечний,Залізо,3.9,Узгоджено
759.85,Просте,42.53,Не охороняється,Висока,Поліпропілен,5.37,Узгоджено
707.71,Стандартне,37.64,Невелике занепокоєння,Помірна,Залізо,3.33,Узгоджено
1076.21,Коштовне,48.37,Вищий статус охорони,Безпечний,Льон,2.55,Заблоковано
1119.33,Коштовне,42.8,Вищий статус охорони,Висока,Скло,6.89,Заблоковано
922.21,Просте,20.57,Невелике занепокоєння,Помірна,Залізо,5.38,Заблоковано
798.6,Коштовне,58.25,Не охороняється,Помірна,Поліпропілен,4.98,Узгоджено
979.68,Просте,48.54,Невелике занепокоєння,Безпечний,Скло,1.89,Заблоковано
1076.83,Стандартне,18.08,Невелике занепокоєння,Висока,Скло,4.48,Заблоковано
777.66,Коштовне,48.56,Невелике занепокоєння,Висока,Скло,5.57,Узгоджено
780.81,Просте,19.56,Не охороняється,Висока,Поліпропілен,2.82,Узгоджено
826.78,Просте,41.67,Невелике занепокоєння,Помірна,Скло,6.2,Узгоджено
772.1,Просте,59.72,Невелике занепокоєння,Висока,Льон,1.51,Узгоджено
699.29,Просте,43.29,Не охороняється,Висока,Поліпропілен,0.0,Узгоджено
1109.93,Коштовне,39.03,Вищий статус охорони,Помірна,Поліпропілен,7.4,Заблоковано
980.89,Просте,53.43,Невелике занепокоєння,Безпечний,Залізо,1.55,Заблоковано
681.37,Стандартне,34.84,Не охороняється,Безпечний,Скло,3.07,Узгоджено
998.7,Просте,61.4,Невелике занепокоєння,Помірна,Залізо,4.76,Заблоковано
630.72,Стандартне,33.71,Не охороняється,Помірна,Залізо,0.18,Узгоджено
948.16,Стандартне,50.98,Невелике занепокоєння,Помірна,Льон,0.44,Заблоковано
1033.31,Стандартне,64.28,Вищий статус охорони,Помірна,Скло,3.13,Заблоковано
1010.63,Стандартне,42.09,Не охороняється,Помірна,Скло,2.84,Заблоковано
791.61,Просте,42.95,Не охороняється,Помірна,Скло,4.85,Узгоджено
989.16,Просте,37.29,Невелике занепокоєння,Помірна,Льон,3.43,Заблоковано
824.92,Стандартне,50.5,Не охороняється,Висока,Скло,7.27,Узгоджено
1242.29,Просте,30.73,Невелике занепокоєння,Помірна,Льон,0.0,Заблоковано
1086.87,Просте,51.96,Невелике занепокоєння,Помірна,Поліпропілен,0.0,Заблоковано
708.45,Коштовне,38.34,Невелике занепокоєння,Безпечний,Скло,4.64,Узгоджено
1077.67,Просте,37.29,Невелике занепокоєння,Помірна,Поліпропілен,3.99,Заблоковано
1087.55,Просте,46.19,Невелике занепокоєння,Безпечний,Залізо,5.69,Заблоковано
1222.35,Просте,61.41,Невелике занепокоєння,Висока,Залізо,3.23,Заблоковано
870.36,Стандартне,27.82,Невелике занепокоєння,Безпечний,Скло,5.69,Заблоковано
813.24,Стандартне,51.62,Не охороняється,Висока,Скло,0.0,Узгоджено
974.55,Стандартне,63.25,Невелике занепокоєння,Висока,Льон,4.62,Заблоковано
819.67,Стандартне,45.67,Не охороняється,Помірна,Льон,4.07,Узгоджено
744.94,Коштовне,25.81,Не охороняється,Помірна,Поліпропілен,1.57,Узгоджено
967.69,Стандартне,36.0,Не охороняється,Висока,Скло,3.74,Заблоковано
989.53,Стандартне,26.47,Вищий статус охорони,Помірна,Залізо,1.76,Заблоковано
1159.0,Стандартне,34.08,Вищий статус охорони,Помірна,Льон,2.91,Заблоковано
919.96,Коштовне,33.56,Вищий статус охорони,Безпечний,Поліпропілен,1.38,Заблоковано
778.15,Коштовне,71.55,Не охороняється,Висока,Залізо,2.08,Узгоджено
907.5,Просте,59.77,Не охороняється,Безпечний,Залізо,1.66,Узгоджено
1194.31,Коштовне,61.87,Невелике занепокоєння,Висока,Залізо,0.0,Заблоковано
974.99,Стандартне,37.28,Не охороняється,Безпечний,Поліпропілен,4.21,Заблоковано
1034.88,Просте,52.33,Вищий статус охорони,Помірна,Поліпропілен,0.86,Заблоковано
827.02,Стандартне,21.97,Не охороняється,Безпечний,Скло,2.79,Заблоковано
931.76,Стандартне,75.88,Вищий статус охорони,Помірна,Поліпропілен,1.12,Узгоджено
1135.51,Стандартне,32.7,Не охороняється,Висока,Залізо,3.06,Заблоковано
631.1,Просте,39.48,Не охороняється,Помірна,Поліпропілен,1.8,Узгоджено
1035.09,Коштовне,63.38,Не охороняється,Висока,Льон,0.2,Заблоковано
662.24,Коштовне,46.68,Вищий статус охорони,Висока,Льон,0.92,Узгоджено
885.67,Просте,50.31,Вищий статус охорони,Помірна,Поліпропілен,4.99,Узгоджено
778.15,Коштовне,46.93,Вищий статус охорони,Безпечний,Поліпропілен,4.56,Узгоджено
929.16,Стандартне,40.73,Не охороняється,Помірна,Залізо,5.4,Заблоковано
764.39,Коштовне,54.66,Невелике занепокоєння,Безпечний,Поліпропілен,2.12,Узгоджено
752.96,Стандартне,36.14,Вищий статус охорони,Висока,Льон,0.0,Узгоджено
947.2,Просте,36.45,Вищий статус охорони,Висока,Поліпропілен,2.6,Заблоковано
1310.39,Стандартне,12.84,Не охороняється,Безпечний,Залізо,3.97,Заблоковано
670.09,Просте,36.95,Невелике занепокоєння,Висока,Скло,0.7,Узгоджено
917.45,Стандартне,42.84,Вищий статус охорони,Висока,Поліпропілен,4.7,Заблоковано
805.12,Стандартне,58.68,Не охороняється,Безпечний,Скло,5.12,Узгоджено
1119.33,Коштовне,26.63,Не охороняється,Помірна,Залізо,3.58,Заблоковано
758.5,Стандартне,43.27,Не охороняється,Безпечний,Залізо,5.99,Узгоджено
934.15,Стандартне,48.37,Невелике занепокоєння,Висока,Льон,2.13,Заблоковано
858.38,Стандартне,62.9,Не охороняється,Помірна,Поліпропілен,3.09,Узгоджено
1109.84,Стандартне,69.12,Невелике занепокоєння,Безпечний,Льон,0.0,Заблоковано
858.37,Просте,59.54,Невелике занепокоєння,Висока,Льон,2.66,Узгоджено
1020.69,Стандартне,64.02,Вищий статус охорони,Помірна,Льон,5.19,Заблоковано
970.69,Стандартне,32.35,Вищий статус охорони,Помірна,Скло,1.12,Заблоковано
864.44,Стандартне,31.77,Невелике занепокоєння,Безпечний,Скло,2.02,Заблоковано
700.47,Коштовне,38.44,Невелике занепокоєння,Безпечний,Скло,1.95,Узгоджено
1109.04,Коштовне,20.09,Вищий статус охорони,Безпечний,Поліпропілен,4.28,Заблоковано
879.02,Стандартне,29.12,Не охороняється,Безпечний,Скло,0.33,Заблоковано
874.71,Стандартне,53.98,Вищий статус охорони,Безпечний,Льон,3.85,Узгоджено
666.26,Коштовне,46.79,Не охороняється,Висока,Залізо,2.62,Узгоджено
734.57,Стандартне,31.86,Не охороняється,Помірна,Скло,0.13,Узгоджено
934.05,Коштовне,50.75,Не охороняється,Безпечний,Скло,5.71,Заблоковано
741.25,Стандартне,47.78,Вищий статус охорони,Помірна,Залізо,2.86,Узгоджено
757.65,Просте,58.3,Вищий статус охорони,Безпечний,Поліпропілен,2.98,Узгоджено
1094.6,Просте,60.47,Невелике занепокоєння,Помірна,Залізо,6.41,Заблоковано
904.25,Коштовне,17.29,Невелике занепокоєння,Безпечний,Залізо,1.36,Заблоковано
792.65,Стандартне,39.68,Не охороняється,Висока,Скло,2.86,Узгоджено
1094.62,Просте,74.57,Невелике занепокоєння,Помірна,Скло,1.2,Заблоковано
1017.11,Стандартне,56.66,Невелике занепокоєння,Висока,Залізо,4.68,Заблоковано
1010.06,Просте,69.32,Невелике занепокоєння,Висока,Поліпропілен,0.81,Заблоковано
938.89,Коштовне,53.64,Вищий статус охорони,Помірна,Поліпропілен,3.42,Заблоковано
715.23,Стандартне,59.92,Вищий статус охорони,Безпечний,Залізо,1.34,Узгоджено
728.19,Коштовне,21.35,Невелике занепокоєння,Помірна,Залізо,3.62,Узгоджено
991.79,Просте,46.56,Вищий статус охорони,Висока,Льон,2.84,Заблоковано
631.77,Коштовне,44.78,Не охороняється,Помірна,Поліпропілен,1.83,Узгоджено
938.29,Коштовне,59.35,Не охороняється,Безпечний,Поліпропілен,3.94,Узгоджено
921.15,Стандартне,50.1,Не охороняється,Безпечний,Скло,1.58,Заблоковано
890.42,Коштовне,42.54,Невелике занепокоєння,Безпечний,Поліпропілен,5.4,Узгоджено
824.41,Просте,58.92,Вищий статус охорони,Безпечний,Скло,4.52,Узгоджено
778.95,Коштовне,50.65,Не охороняється,Помірна,Залізо,4.08,Узгоджено
837.26,Просте,74.16,Вищий статус охорони,Безпечний,Залізо,0.15,Узгоджено
974.3,Коштовне,37.08,Не охороняється,Безпечний,Залізо,3.85,Заблоковано
830.11,Стандартне,52.1,Не охороняється,Безпечний,Скло,5.11,Узгоджено
741.25,Просте,66.94,Вищий статус охорони,Висока,Скло,3.81,Узгоджено
765.66,Просте,34.71,Не охороняється,Безпечний,Поліпропілен,6.44,Узгоджено
891.43,Просте,31.21,Невелике занепокоєння,Висока,Залізо,6.96,Заблоковано
808.08,Коштовне,33.56,Вищий статус охорони,Безпечний,Залізо,0.61,Узгоджено
932.43,Коштовне,46.82,Вищий статус охорони,Висока,Скло,0.33,Заблоковано
914.82,Просте,25.84,Вищий статус охорони,Висока,Льон,0.2,Заблоковано
828.32,Коштовне,74.8,Невелике занепокоєння,Безпечний,Поліпропілен,1.27,Узгоджено
736.83,Просте,50.66,Вищий статус охорони,Помірна,Скло,4.3,Узгоджено
974.3,Просте,55.97,Невелике занепокоєння,Помірна,Залізо,0.0,Заблоковано
883.36,Просте,87.28,Невелике занепокоєння,Помірна,Поліпропілен,4.4,Узгоджено
1010.35,Просте,37.29,Вищий статус охорони,Безпечний,Залізо,1.27,Заблоковано
808.13,Просте,64.56,Невелике занепокоєння,Висока,Льон,4.71,Узгоджено
867.51,Коштовне,72.65,Невелике занепокоєння,Безпечний,Скло,6.65,Узгоджено
1017.68,Просте,27.93,Не охороняється,Безпечний,Залізо,6.17,Заблоковано
922.7,Просте,-1.7,Вищий статус охорони,Помірна,Льон,3.85,Заблоковано
1168.25,Просте,61.87,Вищий статус охорони,Висока,Льон,2.98,Заблоковано
787.71,Просте,24.9,Вищий статус охорони,Безпечний,Залізо,4.27,Узгоджено
1190.0,Просте,45.65,Вищий статус охорони,Помірна,Поліпропілен,2.6,Заблоковано
926.77,Стандартне,14.45,Вищий статус охорони,Висока,Залізо,2.07,Заблоковано
685.99,Коштовне,58.94,Невелике занепокоєння,Помірна,Льон,0.0,Узгоджено
862.0,Коштовне,49.89,Невелике занепокоєння,Помірна,Залізо,2.95,Узгоджено
925.89,Стандартне,44.9,Не охороняється,Безпечний,Скло,5.63,Заблоковано
1124.29,Стандартне,36.89,Вищий статус охорони,Безпечний,Льон,2.96,Заблоковано
922.78,Коштовне,34.29,Не охороняється,Помірна,Залізо,2.75,Заблоковано
899.21,Стандартне,38.39,Невелике занепокоєння,Безпечний,Залізо,0.15,Заблоковано
784.18,Коштовне,49.48,Невелике занепокоєння,Висока,Поліпропілен,5.89,Узгоджено
700.29,Коштовне,-4.4,Не охороняється,Безпечний,Льон,0.0,Узгоджено
928.91,Стандартне,39.7,Вищий статус охорони,Помірна,Поліпропілен,0.93,Заблоковано
1039.44,Коштовне,51.62,Не охороняється,Помірна,Залізо,4.9,Заблоковано
825.13,Коштовне,58.83,Вищий статус охорони,Помірна,Поліпропілен,8.27,Узгоджено
827.07,Стандартне,59.25,Вищий статус охорони,Безпечний,Поліпропілен,1.03,Узгоджено
770.24,Коштовне,51.25,Вищий статус охорони,Помірна,Залізо,5.91,Узгоджено
877.19,Просте,46.8,Не охороняється,Помірна,Скло,4.11,Узгоджено
754.49,Просте,87.28,Невелике занепокоєння,Безпечний,Залізо,3.06,Узгоджено
879.4,Просте,38.58,Вищий статус охорони,Безпечний,Залізо,4.99,Узгоджено
857.28,Коштовне,69.61,Вищий статус охорони,Безпечний,Залізо,1.43,Узгоджено
675.44,Просте,30.84,Невелике занепокоєння,Помірна,Скло,0.0,Узгоджено
1002.13,Стандартне,49.52,Вищий статус охорони,Помірна,Льон,4.56,Заблоковано
691.47,Просте,59.84,Невелике занепокоєння,Помірна,Залізо,5.79,Узгоджено
725.08,Стандартне,70.93,Невелике занепокоєння,Безпечний,Поліпропілен,8.05,Узгоджено
703.3,Стандартне,41.8,Невелике занепокоєння,Помірна,Скло,1.24,Узгоджено
771.37,Стандартне,64.78,Невелике занепокоєння,Безпечний,Скло,3.77,Узгоджено
766.09,Коштовне,62.18,Не охороняється,Безпечний,Льон,3.73,Узгоджено
636.85,Просте,53.02,Вищий статус охорони,Безпечний,Поліпропілен,1.92,Узгоджено
1003.22,Стандартне,70.76,Невелике занепокоєння,Безпечний,Скло,0.0,Заблоковано
816.3,Стандартне,61.98,Невелике занепокоєння,Висока,Залізо,3.07,Узгоджено
783.3,Коштовне,31.39,Вищий статус охорони,Помірна,Скло,0.52,Узгоджено
1155.55,Стандартне,27.08,Вищий статус охорони,Безпечний,Поліпропілен,1.1,Заблоковано
1049.96,Стандартне,62.0,Вищий статус охорони,Безпечний,Скло,2.32,Заблоковано
735.22,Просте,32.09,Невелике занепокоєння,Висока,Поліпропілен,3.8,Узгоджено
770.88,Коштовне,37.28,Вищий статус охорони,Висока,Залізо,1.05,Узгоджено
914.21,Коштовне,48.77,Не охороняється,Помірна,Залізо,2.33,Заблоковано
981.08,Просте,51.28,Вищий статус охорони,Безпечний,Скло,0.0,Заблоковано
925.23,Просте,37.24,Невелике занепокоєння,Безпечний,Залізо,2.22,Заблоковано
1469.11,Коштовне,40.92,Не охороняється,Висока,Льон,0.0,Заблоковано
804.02,Коштовне,57.7,Не охороняється,Помірна,Скло,0.0,Узгоджено
1046.26,Коштовне,45.7,Невелике занепокоєння,Безпечний,Залізо,2.49,Заблоковано
879.78,Просте,30.38,Вищий статус охорони,Безпечний,Поліпропілен,0.0,Заблоковано
914.0,Стандартне,34.89,Вищий статус охорони,Безпечний,Льон,4.13,Заблоковано
1080.91,Стандартне,40.23,Не охороняється,Помірна,Поліпропілен,3.51,Заблоковано
999.06,Просте,62.01,Не охороняється,Безпечний,Льон,2.62,Заблоковано
988.9,Коштовне,20.04,Не охороняється,Помірна,Льон,1.86,Заблоковано
787.2,Стандартне,44.27,Вищий статус охорони,Помірна,Поліпропілен,0.0,Узгоджено
1201.52,Коштовне,29.87,Не охороняється,Помірна,Поліпропілен,3.49,Заблоковано
778.01,Стандартне,50.87,Не охороняється,Безпечний,Скло,2.48,Узгоджено
1025.28,Стандартне,29.73,Невелике занепокоєння,Безпечний,Скло,1.85,Заблоковано
724.53,Коштовне,44.27,Не охороняється,Висока,Скло,2.43,Узгоджено
860.6,Коштовне,32.68,Не охороняється,Безпечний,Поліпропілен,0.0,Узгоджено
897.53,Коштовне,56.92,Невелике занепокоєння,Безпечний,Скло,3.71,Узгоджено
958.3,Просте,42.6,Невелике занепокоєння,Висока,Льон,0.96,Заблоковано
788.41,Стандартне,27.77,Невелике занепокоєння,Висока,Поліпропілен,0.36,Узгоджено
780.17,Стандартне,61.74,Вищий статус охорони,Висока,Поліпропілен,2.67,Узгоджено
1076.21,Просте,44.66,Вищий статус охорони,Помірна,Залізо,2.39,Заблоковано
851.66,Коштовне,37.64,Вищий статус охорони,Безпечний,Залізо,3.55,Узгоджено
885.12,Коштовне,48.93,Вищий статус охорони,Висока,Скло,1.59,Узгоджено
542.98,Коштовне,36.29,Не охороняється,Помірна,Залізо,4.62,Узгоджено
789.07,Просте,29.66,Вищий статус охорони,Безпечний,Скло,4.88,Узгоджено
708.53,Просте,69.43,Вищий статус охорони,Безпечний,Поліпропілен,0.93,Узгоджено
477.11,Стандартне,62.29,Невелике занепокоєння,Висока,Залізо,4.46,Узгоджено
1242.28,Коштовне,43.14,Невелике занепокоєння,Висока,Поліпропілен,1.55,Заблоковано
968.44,Стандартне,40.76,Невелике занепокоєння,Висока,Залізо,4.24,Заблоковано
789.04,Коштовне,45.77,Не охороняється,Висока,Льон,4.21,Узгоджено
1042.28,Просте,26.84,Не охороняється,Помірна,Льон,1.97,Заблоковано
673.41,Коштовне,53.1,Невелике занепокоєння,Висока,Залізо,5.56,Узгоджено
1075.76,Коштовне,56.47,Невелике занепокоєння,Безпечний,Залізо,4.04,Заблоковано
1129.54,Стандартне,49.51,Невелике занепокоєння,Помірна,Залізо,3.27,Заблоковано
895.17,Просте,62.01,Не охороняється,Безпечний,Льон,0.0,Узгоджено
698.02,Просте,50.1,Не охороняється,Висока,Поліпропілен,2.45,Узгоджено
1090.09,Стандартне,53.76,Не охороняється,Помірна,Льон,0.83,Заблоковано
805.7,Стандартне,45.29,Вищий статус охорони,Висока,Залізо,1.0,Узгоджено
1204.16,Коштовне,32.86,Не охороняється,Помірна,Залізо,1.28,Заблоковано
770.86,Просте,30.86,Не охороняється,Безпечний,Льон,0.0,Узгоджено
908.26,Просте,58.24,Не охороняється,Висока,Льон,2.19,Узгоджено
446.4,Просте,49.46,Невелике занепокоєння,Помірна,Поліпропілен,2.33,Узгоджено
765.21,Стандартне,39.03,Вищий статус охорони,Висока,Залізо,0.41,Узгоджено
1118.48,Коштовне,35.61,Вищий статус охорони,Висока,Скло,4.26,Заблоковано
794.92,Стандартне,38.88,Вищий статус охорони,Помірна,Залізо,0.24,Узгоджено
647.11,Просте,44.5,Не охороняється,Висока,Поліпропілен,1.59,Узгоджено
998.59,Стандартне,55.49,Вищий статус охорони,Помірна,Льон,2.14,Заблоковано
733.56,Стандартне,45.57,Вищий статус охорони,Висока,Скло,0.0,Узгоджено
847.44,Стандартне,65.7,Не охороняється,Безпечний,Скло,0.0,Узгоджено
864.4,Просте,52.57,Не охороняється,Висока,Льон,2.74,Узгоджено
1025.28,Коштовне,36.0,Вищий статус охорони,Помірна,Залізо,0.36,Заблоковано
953.06,Стандартне,-0.98,Не охороняється,Безпечний,Льон,4.17,Заблоковано
805.85,Коштовне,38.49,Вищий статус охорони,Безпечний,Скло,1.3,Узгоджено
658.03,Коштовне,21.77,Невелике занепокоєння,Безпечний,Льон,3.16,Узгоджено
770.12,Просте,34.84,Невелике занепокоєння,Висока,Поліпропілен,2.41,Узгоджено
906.55,Коштовне,38.11,Не охороняється,Висока,Поліпропілен,4.56,Заблоковано
755.91,Коштовне,58.91,Вищий статус охорони,Безпечний,Залізо,0.31,Узгоджено
880.9,Стандартне,37.57,Не охороняється,Безпечний,Залізо,3.04,Заблоковано
576.34,Просте,42.75,Невелике занепокоєння,Безпечний,Льон,3.68,Узгоджено
997.56,Коштовне,32.95,Не охороняється,Помірна,Льон,6.76,Заблоковано
943.83,Коштовне,38.06,Невелике занепокоєння,Висока,Поліпропілен,5.97,Заблоковано
826.78,Коштовне,35.31,Вищий статус охорони,Безпечний,Поліпропілен,3.65,Узгоджено
758.38,Просте,56.98,Невелике занепокоєння,Помірна,Скло,1.85,Узгоджено
1104.26,Стандартне,25.8,Вищий статус охорони,Безпечний,Поліпропілен,6.28,Заблоковано
790.09,Стандартне,26.36,Вищий статус охорони,Помірна,Льон,2.6,Узгоджено
1394.77,Коштовне,45.86,Невелике занепокоєння,Помірна,Скло,3.99,Заблоковано
731.97,Просте,24.21,Невелике занепокоєння,Безпечний,Льон,0.0,Узгоджено
679.09,Стандартне,64.37,Вищий статус охорони,Помірна,Поліпропілен,3.72,Узгоджено
1098.4,Просте,46.92,Не охороняється,Помірна,Скло,3.68,Заблоковано
983.09,Просте,15.59,Вищий статус охорони,Безпечний,Залізо,3.03,Заблоковано
763.77,Коштовне,20.8,Вищий статус охорони,Безпечний,Поліпропілен,0.55,Узгоджено
681.75,Просте,16.56,Невелике занепокоєння,Помірна,Поліпропілен,6.81,Узгоджено
757.65,Коштовне,46.15,Вищий статус охорони,Безпечний,Залізо,2.04,Узгоджено
972.55,Коштовне,46.25,Вищий статус охорони,Висока,Скло,2.46,Заблоковано
662.59,Просте,27.89,Вищий статус охорони,Помірна,Поліпропілен,0.9,Узгоджено
905.46,Коштовне,58.4,Не охороняється,Висока,Поліпропілен,3.45,Узгоджено
783.1,Стандартне,52.38,Вищий статус охорони,Висока,Скло,1.95,Узгоджено
1051.86,Стандартне,39.68,Не охороняється,Безпечний,Льон,4.88,Заблоковано
820.49,Стандартне,38.03,Вищий статус охорони,Безпечний,Поліпропілен,3.63,Узгоджено
940.6,Коштовне,15.38,Невелике занепокоєння,Безпечний,Поліпропілен,0.71,Заблоковано
798.6,Коштовне,45.63,Вищий статус охорони,Безпечний,Поліпропілен,0.0,Узгоджено
695.21,Коштовне,44.45,Вищий статус охорони,Помірна,Залізо,0.77,Узгоджено
915.49,Коштовне,49.86,Вищий статус охорони,Висока,Льон,1.99,Заблоковано
1014.88,Стандартне,56.78,Не охороняється,Помірна,Залізо,1.07,Заблоковано
865.71,Просте,28.06,Вищий статус охорони,Помірна,Поліпропілен,4.55,Заблоковано
1177.32,Коштовне,4.79,Невелике занепокоєння,Висока,Скло,0.0,Заблоковано
934.92,Просте,53.9,Невелике занепокоєння,Безпечний,Залізо,1.27,Заблоковано
970.49,Коштовне,50.51,Невелике занепокоєння,Висока,Залізо,0.25,Заблоковано
1142.4,Стандартне,32.45,Вищий статус охорони,Висока,Льон,5.0,Заблоковано
939.12,Коштовне,39.87,Вищий статус охорони,Безпечний,Льон,1.54,Заблоковано
1139.01,Коштовне,45.12,Невелике занепокоєння,Помірна,Поліпропілен,2.18,Заблоковано
958.94,Стандартне,41.16,Вищий статус охорони,Помірна,Залізо,5.66,Заблоковано
742.24,Коштовне,55.55,Вищий статус охорони,Помірна,Льон,2.56,Узгоджено
985.97,Коштовне,10.85,Не охороняється,Висока,Поліпропілен,1.42,Заблоковано
793.25,Просте,48.06,Невелике занепокоєння,Помірна,Залізо,1.74,Узгоджено
691.83,Стандартне,46.3,Не охороняється,Помірна,Скло,2.07,Узгоджено
914.48,Коштовне,55.18,Невелике занепокоєння,Помірна,Скло,2.24,Узгоджено
1271.12,Коштовне,21.16,Не охороняється,Висока,Льон,1.12,Заблоковано
826.36,Просте,35.92,Вищий статус охорони,Безпечний,Льон,4.28,Узгоджено
1131.27,Просте,50.89,Не охороняється,Висока,Льон,5.0,Заблоковано
654.3,Коштовне,31.94,Не охороняється,Безпечний,Поліпропілен,0.0,Узгоджено
759.21,Просте,37.16,Не охороняється,Безпечний,Скло,6.24,Узгоджено
671.74,Коштовне,59.66,Невелике занепокоєння,Висока,Залізо,3.99,Узгоджено
1280.34,Коштовне,45.61,Вищий статус охорони,Висока,Залізо,2.3,Заблоковано
813.03,Коштовне,41.68,Вищий статус охорони,Безпечний,Скло,3.71,Узгоджено
1039.93,Стандартне,32.11,Не охороняється,Помірна,Поліпропілен,3.68,Заблоковано
680.24,Просте,53.28,Вищий статус охорони,Безпечний,Скло,3.55,Узгоджено
1251.67,Просте,43.18,Не охороняється,Висока,Залізо,8.62,Заблоковано
804.92,Просте,40.9,Вищий статус охорони,Висока,Поліпропілен,0.56,Узгоджено
929.89,Коштовне,38.31,Не охороняється,Висока,Льон,0.1,Заблоковано
1201.48,Стандартне,47.0,Не охороняється,Помірна,Скло,4.02,Заблоковано
640.86,Просте,25.3,Вищий статус охорони,Висока,Скло,1.79,Узгоджено
781.13,Коштовне,33.85,Не охороняється,Безпечний,Поліпропілен,0.44,Узгоджено
733.56,Коштовне,53.29,Не охороняється,Висока,Льон,1.47,Узгоджено
1241.86,Коштовне,47.94,Невелике занепокоєння,Безпечний,Поліпропілен,0.0,Заблоковано
834.46,Коштовне,47.8,Вищий статус охорони,Безпечний,Залізо,2.62,Узгоджено
1115.62,Стандартне,18.22,Невелике занепокоєння,Висока,Залізо,1.42,Заблоковано
683.87,Просте,35.78,Не охороняється,Висока,Залізо,3.01,Узгоджено
959.08,Стандартне,50.88,Вищий статус охорони,Висока,Поліпропілен,2.56,Заблоковано
1109.04,Стандартне,60.59,Вищий статус охорони,Помірна,Льон,5.38,Заблоковано
1201.48,Коштовне,40.53,Невелике занепокоєння,Висока,Скло,0.0,Заблоковано
722.59,Просте,48.49,Вищий статус охорони,Помірна,Скло,4.02,Узгоджено
1065.35,Просте,53.58,Вищий статус охорони,Безпечний,Скло,0.0,Заблоковано
1352.71,Коштовне,46.18,Невелике занепокоєння,Висока,Залізо,2.16,Заблоковано
1196.17,Просте,45.28,Вищий статус охорони,Безпечний,Скло,0.34,Заблоковано
835.99,Просте,41.76,Вищий статус охорони,Безпечний,Скло,3.16,Узгоджено
1346.36,Стандартне,38.67,Не охороняється,Безпечний,Залізо,3.05,Заблоковано
955.1,Просте,50.61,Не охороняється,Безпечний,Скло,3.72,Заблоковано
1081.69,Коштовне,31.21,Не охороняється,Помірна,Скло,0.0,Заблоковано
483.6,Просте,63.75,Вищий статус охорони,Помірна,Поліпропілен,2.86,Узгоджено
657.67,Стандартне,54.11,Вищий статус охорони,Помірна,Залізо,3.12,Узгоджено
1015.68,Просте,52.7,Вищий статус охорони,Висока,Льон,3.39,Заблоковано
753.69,Просте,66.34,Не охороняється,Помірна,Залізо,4.12,Узгоджено
700.53,Стандартне,66.97,Вищий статус охорони,Безпечний,Поліпропілен,0.49,Узгоджено
709.45,Просте,34.86,Невелике занепокоєння,Помірна,Поліпропілен,1.85,Узгоджено
832.1,Просте,30.32,Невелике занепокоєння,Висока,Скло,1.36,Узгоджено
801.13,Просте,19.95,Вищий статус охорони,Безпечний,Поліпропілен,3.6,Узгоджено
983.66,Коштовне,44.18,Невелике занепокоєння,Безпечний,Льон,0.0,Заблоковано
829.19,Коштовне,48.99,Невелике занепокоєння,Безпечний,Залізо,1.03,Узгоджено
668.26,Просте,45.13,Вищий статус охорони,Висока,Скло,0.0,Узгоджено
1033.31,Коштовне,58.99,Не охороняється,Висока,Льон,5.79,Заблоковано
850.54,Коштовне,50.05,Невелике занепокоєння,Помірна,Скло,3.04,Узгоджено
885.67,Стандартне,48.06,Вищий статус охорони,Безпечний,Скло,3.05,Узгоджено
928.91,Стандартне,44.54,Не охороняється,Помірна,Скло,1.75,Заблоковано
991.14,Просте,34.18,Вищий статус охорони,Помірна,Поліпропілен,0.81,Заблоковано
638.89,Просте,60.41,Невелике занепокоєння,Помірна,Скло,2.78,Узгоджено
685.78,Коштовне,42.55,Вищий статус охорони,Висока,Залізо,0.0,Узгоджено
1201.52,Просте,50.6,Невелике занепокоєння,Помірна,Скло,4.56,Заблоковано
1102.88,Просте,44.27,Не охороняється,Помірна,Скло,4.29,Заблоковано
657.04,Коштовне,53.29,Не охороняється,Висока,Залізо,0.89,Узгоджено
641.15,Стандартне,84.86,Вищий статус охорони,Висока,Поліпропілен,2.91,Узгоджено
974.79,Стандартне,58.55,Невелике занепокоєння,Помірна,Поліпропілен,5.4,Заблоковано
987.87,Стандартне,40.29,Невелике занепокоєння,Помірна,Скло,3.97,Заблоковано
925.47,Просте,50.58,Вищий статус охорони,Помірна,Поліпропілен,3.08,Заблоковано
1061.61,Просте,51.48,Невелике занепокоєння,Помірна,Льон,2.62,Заблоковано
1127.98,Просте,48.24,Не охороняється,Безпечний,Залізо,5.29,Заблоковано
1016.92,Коштовне,44.59,Вищий статус охорони,Безпечний,Скло,1.83,Заблоковано
993.39,Просте,53.42,Не охороняється,Помірна,Поліпропілен,0.0,Заблоковано
741.42,Стандартне,55.58,Не охороняється,Помірна,Залізо,1.65,Узгоджено
916.8,Просте,56.4,Не охороняється,Помірна,Скло,2.91,Узгоджено
1070.93,Просте,5.78,Не охороняється,Висока,Скло,4.4,Заблоковано
1231.87,Просте,25.86,Вищий статус охорони,Безпечний,Скло,0.0,Заблоковано
830.99,Просте,48.22,Не охороняється,Безпечний,Скло,1.8,Узгоджено
851.22,Просте,50.84,Не охороняється,Помірна,Скло,1.12,Узгоджено
572.78,Просте,33.28,Вищий статус охорони,Помірна,Поліпропілен,2.94,Узгоджено
1071.31,Коштовне,41.4,Вищий статус охорони,Помірна,Скло,3.74,Заблоковано
1025.12,Стандартне,54.68,Невелике занепокоєння,Безпечний,Льон,2.33,Заблоковано
881.89,Просте,52.02,Вищий статус охорони,Висока,Залізо,1.38,Узгоджено
925.32,Коштовне,25.86,Вищий статус охорони,Помірна,Залізо,2.71,Заблоковано
801.27,Стандартне,57.63,Невелике занепокоєння,Висока,Льон,0.66,Узгоджено
1223.69,Стандартне,62.29,Вищий статус охорони,Висока,Скло,4.29,Заблоковано
963.8,Коштовне,76.54,Вищий статус охорони,Помірна,Поліпропілен,5.82,Узгоджено
1121.75,Стандартне,24.57,Не охороняється,Помірна,Скло,2.98,Заблоковано
994.31,Коштовне,52.68,Вищий статус охорони,Безпечний,Льон,0.0,Заблоковано
1186.74,Коштовне,79.35,Не охороняється,Безпечний,Поліпропілен,0.92,Заблоковано
802.71,Просте,71.46,Не охороняється,Помірна,Поліпропілен,5.12,Узгоджено
984.0,Стандартне,56.58,Вищий статус охорони,Помірна,Залізо,4.62,Заблоковано
907.4,Коштовне,43.27,Вищий статус охорони,Помірна,Льон,1.42,Заблоковано
853.01,Стандартне,46.3,Не охороняється,Висока,Поліпропілен,0.0,Узгоджено
1081.62,Коштовне,51.53,Невелике занепокоєння,Безпечний,Залізо,4.48,Заблоковано
821.66,Просте,71.11,Не охороняється,Безпечний,Поліпропілен,1.4,Узгоджено
675.94,Стандартне,44.5,Не охороняється,Безпечний,Скло,3.39,Узгоджено
638.79,Коштовне,51.1,Не охороняється,Безпечний,Поліпропілен,4.63,Узгоджено
827.81,Коштовне,40.12,Невелике занепокоєння,Безпечний,Льон,0.32,Узгоджено
1007.26,Коштовне,48.67,Вищий статус охорони,Безпечний,Залізо,3.14,Заблоковано
1014.85,Просте,42.59,Невелике занепокоєння,Помірна,Льон,7.27,Заблоковано
922.89,Стандартне,41.84,Вищий статус охорони,Безпечний,Скло,3.68,Заблоковано
679.23,Коштовне,20.51,Невелике занепокоєння,Безпечний,Поліпропілен,0.0,Узгоджено
700.29,Просте,50.85,Не охороняється,Помірна,Льон,3.07,Узгоджено
1031.71,Стандартне,79.43,Невелике занепокоєння,Безпечний,Льон,1.02,Заблоковано
777.33,Коштовне,0.85,Не охороняється,Помірна,Скло,3.02,Заблоковано
963.59,Стандартне,64.37,Вищий статус охорони,Висока,Поліпропілен,0.97,Заблоковано
883.81,Стандартне,33.28,Невелике занепокоєння,Висока,Льон,1.24,Заблоковано
690.61,Коштовне,28.51,Не охороняється,Безпечний,Скло,1.16,Узгоджено
574.49,Стандартне,57.83,Невелике занепокоєння,Помірна,Скло,0.49,Узгоджено
864.05,Стандартне,57.63,Невелике занепокоєння,Безпечний,Поліпропілен,2.98,Узгоджено
596.33,Просте,17.29,Не охороняється,Висока,Залізо,1.14,Узгоджено
754.49,Стандартне,10.32,Невелике занепокоєння,Безпечний,Залізо,3.95,Узгоджено
771.38,Стандартне,47.21,Невелике занепокоєння,Висока,Льон,2.96,Узгоджено
880.75,Коштовне,59.67,Не охороняється,Висока,Залізо,1.82,Узгоджено
1058.19,Просте,57.17,Вищий статус охорони,Помірна,Залізо,1.38,Заблоковано
662.98,Просте,19.58,Не охороняється,Висока,Льон,3.08,Узгоджено
830.11,Просте,47.16,Не охороняється,Безпечний,Залізо,4.99,Узгоджено
718.3,Просте,51.79,Не охороняється,Помірна,Льон,6.87,Узгоджено
1148.12,Коштовне,47.86,Не охороняється,Безпечний,Скло,0.45,Заблоковано
1168.45,Коштовне,55.96,Не охороняється,Безпечний,Скло,3.02,Заблоковано
1049.8,Коштовне,54.66,Не охороняється,Висока,Скло,3.88,Заблоковано
1326.66,Коштовне,40.58,Вищий статус охорони,Безпечний,Льон,3.58,Заблоковано
990.83,Коштовне,53.22,Вищий статус охорони,Безпечний,Поліпропілен,3.29,Заблоковано
848.17,Коштовне,57.37,Не охороняється,Помірна,Скло,0.0,Узгоджено
795.99,Стандартне,44.19,Невелике занепокоєння,Висока,Скло,6.53,Узгоджено
1052.74,Коштовне,65.62,Вищий статус охорони,Висока,Поліпропілен,2.18,Заблоковано
936.3,Коштовне,54.66,Невелике занепокоєння,Висока,Поліпропілен,0.0,Заблоковано
891.31,Стандартне,45.16,Вищий статус охорони,Помірна,Скло,2.31,Узгоджено
901.22,Коштовне,61.82,Не охороняється,Висока,Поліпропілен,0.0,Узгоджено
1064.11,Просте,46.6,Невелике занепокоєння,Висока,Залізо,3.13,Заблоковано
773.77,Коштовне,51.31,Не охороняється,Безпечний,Поліпропілен,0.82,Узгоджено
755.47,Коштовне,55.14,Вищий статус охорони,Помірна,Скло,2.0,Узгоджено
1129.28,Стандартне,22.84,Невелике занепокоєння,Помірна,Залізо,1.38,Заблоковано
811.35,Стандартне,26.54,Невелике занепокоєння,Помірна,Льон,5.91,Узгоджено
938.84,Просте,40.42,Вищий статус охорони,Висока,Залізо,0.0,Заблоковано
923.08,Коштовне,42.31,Вищий статус охорони,Помірна,Скло,1.82,Заблоковано
793.51,Просте,40.82,Не охороняється,Помірна,Поліпропілен,2.55,Узгоджено
642.97,Коштовне,32.39,Вищий статус охорони,Помірна,Льон,2.1,Узгоджено
959.39,Коштовне,52.41,Не охороняється,Безпечний,Скло,4.0,Заблоковано
1051.98,Стандартне,47.19,Вищий статус охорони,Помірна,Поліпропілен,3.22,Заблоковано
669.88,Коштовне,31.15,Вищий статус охорони,Висока,Скло,0.29,Узгоджено
693.85,Коштовне,72.15,Вищий статус охорони,Безпечний,Поліпропілен,0.54,Узгоджено
811.37,Стандартне,11.76,Не охороняється,Безпечний,Льон,2.51,Заблоковано
1027.2,Коштовне,49.38,Не охороняється,Помірна,Поліпропілен,0.69,Заблоковано
643.04,Коштовне,70.51,Вищий статус охорони,Висока,Скло,2.76,Узгоджено
1529.09,Стандартне,50.32,Не охороняється,Висока,Залізо,2.65,Заблоковано
989.53,Коштовне,26.85,Не охороняється,Безпечний,Залізо,0.44,Заблоковано
899.59,Коштовне,52.65,Невелике занепокоєння,Помірна,Льон,0.0,Узгоджено
1011.92,Стандартне,40.58,Не охороняється,Помірна,Залізо,2.36,Заблоковано
1073.36,Коштовне,50.06,Вищий статус охорони,Безпечний,Льон,3.66,Заблоковано
812.48,Просте,24.38,Невелике занепокоєння,Висока,Льон,1.32,Узгоджено
806.77,Стандартне,71.46,Невелике занепокоєння,Висока,Льон,0.0,Узгоджено
495.77,Стандартне,74.11,Вищий статус охорони,Помірна,Скло,1.58,Узгоджено
759.6,Стандартне,22.1,Вищий статус охорони,Висока,Скло,0.01,Узгоджено
930.15,Просте,33.78,Невелике занепокоєння,Висока,Льон,3.0,Заблоковано
993.4,Коштовне,60.99,Невелике занепокоєння,Висока,Поліпропілен,0.69,Заблоковано
782.88,Стандартне,30.76,Вищий статус охорони,Безпечний,Поліпропілен,4.28,Узгоджено
1138.66,Просте,33.33,Вищий статус охорони,Безпечний,Залізо,8.97,Заблоковано
1168.82,Стандартне,47.47,Не охороняється,Помірна,Поліпропілен,0.94,Заблоковано
853.42,Коштовне,47.18,Не охороняється,Помірна,Залізо,5.07,Узгоджено
874.66,Коштовне,56.18,Вищий статус охорони,Безпечний,Поліпропілен,3.56,Узгоджено
747.69,Стандартне,66.71,Невелике занепокоєння,Безпечний,Льон,3.25,Узгоджено
806.44,Просте,59.9,Не охороняється,Безпечний,Скло,0.26,Узгоджено
918.22,Коштовне,51.32,Не охороняється,Помірна,Льон,2.13,Заблоковано
796.35,Просте,60.95,Не охороняється,Помірна,Льон,0.0,Узгоджено
812.97,Коштовне,52.85,Вищий статус охорони,Висока,Залізо,3.13,Узгоджено
798.26,Стандартне,67.77,Вищий статус охорони,Безпечний,Льон,4.79,Узгоджено
618.98,Коштовне,39.42,Не охороняється,Висока,Залізо,2.52,Узгоджено
572.04,Коштовне,49.07,Вищий статус охорони,Висока,Поліпропілен,0.56,Узгоджено
1040.67,Коштовне,50.05,Невелике занепокоєння,Висока,Залізо,3.4,Заблоковано
956.68,Просте,42.53,Невелике занепокоєння,Безпечний,Льон,2.27,Заблоковано
659.63,Коштовне,36.89,Вищий статус охорони,Висока,Поліпропілен,2.08,Узгоджено
1007.39,Просте,35.1,Не охороняється,Висока,Залізо,4.7,Заблоковано
1047.55,Стандартне,41.44,Вищий статус охорони,Висока,Скло,2.16,Заблоковано
948.79,Просте,49.44,Вищий статус охорони,Помірна,Льон,1.54,Заблоковано
939.87,Просте,58.92,Вищий статус охорони,Висока,Залізо,0.91,Заблоковано
967.93,Стандартне,35.88,Вищий статус охорони,Безпечний,Поліпропілен,3.08,Заблоковано
577.76,Коштовне,26.83,Вищий статус охорони,Безпечний,Поліпропілен,2.39,Узгоджено
904.6,Просте,44.08,Не охороняється,Помірна,Залізо,0.0,Заблоковано
1033.96,Коштовне,32.58,Не охороняється,Помірна,Залізо,3.8,Заблоковано
666.51,Просте,48.34,Не охороняється,Висока,Скло,4.72,Узгоджено
1131.01,Просте,45.65,Не охороняється,Висока,Льон,1.61,Заблоковано
763.01,Стандартне,38.47,Невелике занепокоєння,Висока,Поліпропілен,6.42,Узгоджено
936.3,Просте,61.0,Не охороняється,Помірна,Льон,0.0,Узгоджено
758.54,Коштовне,26.71,Невелике занепокоєння,Висока,Льон,2.51,Узгоджено
1161.66,Коштовне,45.45,Невелике занепокоєння,Висока,Скло,2.44,Заблоковано
725.7,Коштовне,19.95,Вищий статус охорони,Безпечний,Поліпропілен,4.1,Узгоджено
686.35,Коштовне,46.96,Вищий статус охорони,Безпечний,Залізо,3.32,Узгоджено
1298.53,Коштовне,54.69,Вищий статус охорони,Безпечний,Залізо,1.54,Заблоковано
1059.59,Стандартне,58.77,Вищий статус охорони,Помірна,Льон,0.28,Заблоковано
1057.94,Коштовне,46.9,Не охороняється,Висока,Поліпропілен,0.31,Заблоковано
1135.55,Коштовне,60.19,Невелике занепокоєння,Помірна,Залізо,0.0,Заблоковано
903.16,Стандартне,58.26,Вищий статус охорони,Висока,Льон,2.8,Узгоджено
795.99,Коштовне,27.82,Вищий статус охорони,Помірна,Льон,6.9,Узгоджено
1010.06,Просте,46.84,Вищий статус охорони,Безпечний,Скло,2.76,Заблоковано
691.49,Коштовне,52.71,Не охороняється,Безпечний,Залізо,0.31,Узгоджено
869.75,Коштовне,42.53,Вищий статус охорони,Помірна,Залізо,2.15,Узгоджено
1033.07,Коштовне,31.9,Не охороняється,Безпечний,Поліпропілен,0.0,Заблоковано
1110.12,Просте,-6.53,Не охороняється,Безпечний,Залізо,0.61,Заблоковано
784.83,Просте,45.65,Вищий статус охорони,Помірна,Залізо,8.82,Узгоджено
862.0,Коштовне,42.91,Вищий статус охорони,Висока,Скло,0.0,Узгоджено
834.98,Коштовне,57.68,Невелике занепокоєння,Висока,Скло,1.51,Узгоджено
766.09,Стандартне,36.26,Невелике занепокоєння,Безпечний,Поліпропілен,0.03,Узгоджено
938.19,Стандартне,47.28,Вищий статус охорони,Помірна,Льон,1.79,Заблоковано
757.24,Просте,27.64,Невелике занепокоєння,Безпечний,Скло,3.9,Узгоджено
615.53,Просте,18.18,Вищий статус охорони,Безпечний,Залізо,5.37,Узгоджено
893.61,Коштовне,20.19,Невелике занепокоєння,Безпечний,Скло,5.95,Заблоковано
1038.17,Коштовне,51.39,Не охороняється,Помірна,Льон,5.45,Заблоковано
671.74,Стандартне,54.96,Невелике занепокоєння,Безпечний,Льон,1.21,Узгоджено
745.51,Просте,31.34,Вищий статус охорони,Помірна,Залізо,5.81,Узгоджено
570.77,Стандартне,26.28,Невелике занепокоєння,Висока,Залізо,5.87,Узгоджено
917.27,Просте,61.78,Невелике занепокоєння,Висока,Льон,3.68,Узгоджено
864.84,Стандартне,29.87,Вищий статус охорони,Безпечний,Скло,5.32,Заблоковано
852.0,Стандартне,36.77,Невелике занепокоєння,Висока,Залізо,3.65,Узгоджено
886.53,Стандартне,71.56,Не охороняється,Безпечний,Поліпропілен,0.9,Узгоджено
826.63,Коштовне,35.59,Невелике занепокоєння,Помірна,Льон,4.9,Узгоджено
823.14,Просте,47.56,Вищий статус охорони,Помірна,Скло,1.73,Узгоджено
848.47,Стандартне,34.29,Не охороняється,Безпечний,Льон,2.01,Узгоджено
935.87,Коштовне,57.25,Вищий статус охорони,Висока,Льон,1.49,Заблоковано
1084.15,Просте,34.94,Не охороняється,Безпечний,Льон,4.5,Заблоковано
715.45,Просте,51.64,Не охороняється,Безпечний,Залізо,2.51,Узгоджено
980.03,Коштовне,37.89,Невелике занепокоєння,Безпечний,Залізо,3.31,Заблоковано
1353.28,Стандартне,52.8,Вищий статус охорони,Безпечний,Залізо,2.07,Заблоковано
1004.45,Коштовне,41.11,Не охороняється,Безпечний,Льон,7.29,Заблоковано
841.01,Коштовне,12.38,Невелике занепокоєння,Помірна,Скло,4.35,Заблоковано
864.4,Коштовне,47.77,Не охороняється,Безпечний,Поліпропілен,0.17,Узгоджено
1248.8,Коштовне,56.18,Не охороняється,Помірна,Скло,1.73,Заблоковано
566.23,Коштовне,35.78,Не охороняється,Висока,Льон,2.98,Узгоджено
902.61,Стандартне,50.57,Не охороняється,Помірна,Льон,3.8,Узгоджено
963.86,Стандартне,31.64,Не охороняється,Безпечний,Льон,2.18,Заблоковано
1279.07,Коштовне,29.37,Вищий статус охорони,Безпечний,Поліпропілен,1.85,Заблоковано
794.92,Стандартне,51.22,Вищий статус охорони,Висока,Льон,1.04,Узгоджено
964.14,Коштовне,74.86,Не охороняється,Помірна,Поліпропілен,1.86,Узгоджено
1121.26,Просте,65.07,Вищий статус охорони,Помірна,Скло,3.05,Заблоковано
881.16,Стандартне,33.05,Не охороняється,Безпечний,Льон,3.36,Заблоковано
895.82,Стандартне,49.65,Вищий статус охорони,Помірна,Залізо,1.25,Узгоджено
915.15,Просте,27.31,Не охороняється,Висока,Льон,4.05,Заблоковано
1035.86,Стандартне,22.24,Невелике занепокоєння,Висока,Залізо,0.0,Заблоковано
1332.01,Стандартне,15.34,Невелике занепокоєння,Помірна,Поліпропілен,0.0,Заблоковано
740.59,Стандартне,51.21,Невелике занепокоєння,Помірна,Скло,2.85,Узгоджено
673.12,Просте,52.88,Вищий статус охорони,Помірна,Льон,3.94,Узгоджено
707.76,Коштовне,56.92,Невелике занепокоєння,Помірна,Залізо,3.21,Узгоджено
738.22,Коштовне,18.98,Невелике занепокоєння,Помірна,Залізо,0.71,Узгоджено
656.93,Просте,7.33,Невелике занепокоєння,Безпечний,Льон,3.34,Узгоджено
1020.69,Коштовне,67.22,Вищий статус охорони,Висока,Льон,2.7,Заблоковано
